project_id,project_type,state,region,capacity_mw,sanctioned_budget_cr,planned_duration_months,contractor_count,land_acquisition_status,project_complexity,actual_cost_cr,actual_duration_months,cost_overrun_pct,delay_months,risk_level
P00001,Thermal,Punjab,North,4272,20878.98,93,3,Complete,Medium,22533.22,94.5,7.92,1.5,Low
P00002,Thermal,Uttar Pradesh,North,2933,9465.67,56,1,Complete,Medium,10243.65,58.0,8.22,2.0,Low
P00003,Thermal,Maharashtra,West,2399,10932.09,92,3,Pending,Medium,14870.22,105.8,36.02,13.8,High
P00004,Wind,Tamil Nadu,South,141,280.91,18,8,Complete,High,329.63,28.9,17.34,10.9,High
P00005,Wind,Andhra Pradesh,South,605,1749.11,15,8,Partial,Medium,2275.05,28.2,30.07,13.2,High
P00006,Transmission,Rajasthan,North,2668,5758.52,55,8,Complete,High,7196.48,61.7,24.97,6.7,Medium
P00007,Solar,Punjab,North,829,1792.13,34,8,Partial,Medium,2174.49,48.4,21.34,14.4,High
P00008,Hydro,Haryana,North,306,1572.14,77,3,Complete,Medium,1715.36,79.8,9.11,2.8,Low
P00009,Transmission,Tamil Nadu,South,2672,2980.54,33,2,Partial,Low,3210.4,38.4,7.71,5.4,Medium
P00010,Hydro,Andhra Pradesh,South,2138,15993.22,97,1,Complete,Medium,16717.15,99.2,4.53,2.2,Low
P00011,Hydro,Haryana,North,417,1714.09,86,10,Complete,High,2175.79,99.1,26.94,13.1,High
P00012,Wind,Maharashtra,West,162,237.58,35,1,Complete,High,266.64,43.8,12.23,8.8,Medium
P00013,Wind,Karnataka,South,733,1470.41,17,7,Partial,Medium,1706.17,26.9,16.03,9.9,High
P00014,Solar,Haryana,North,1197,3012.13,27,3,Partial,Medium,3350.08,37.0,11.22,10.0,High
P00015,Wind,Punjab,North,690,1667.21,29,7,Partial,Medium,2005.13,38.4,20.27,9.4,High
P00016,Thermal,Karnataka,South,3608,21758.21,90,9,Complete,Medium,25688.46,101.1,18.06,11.1,High
P00017,Thermal,Uttar Pradesh,North,4699,23145.94,70,9,Partial,Low,26968.99,81.6,16.52,11.6,High
P00018,Solar,Karnataka,South,865,2588.93,19,7,Partial,Medium,3107.37,27.5,20.03,8.5,Medium
P00019,Hydro,Uttar Pradesh,North,1899,11689.66,56,1,Partial,Medium,13444.43,61.1,15.01,5.1,Medium
P00020,Thermal,Karnataka,South,3065,12200.65,76,5,Pending,Medium,16692.8,91.0,36.82,15.0,High
P00021,Hydro,Gujarat,West,1916,9529.14,89,10,Pending,Low,11680.81,102.0,22.58,13.0,High
P00022,Solar,Haryana,North,295,654.6,40,10,Partial,High,910.15,60.7,39.04,20.7,High
P00023,Thermal,Maharashtra,West,1666,6667.88,37,7,Partial,Medium,7895.82,47.2,18.42,10.2,High
P00024,Hydro,Karnataka,South,3140,22417.54,95,5,Complete,High,26108.49,100.1,16.46,5.1,Medium
P00025,Transmission,Gujarat,West,735,1522.84,30,1,Complete,Medium,1639.21,31.7,7.64,1.7,Low
P00026,Solar,Karnataka,South,1131,3766.71,45,6,Partial,Medium,4513.92,54.5,19.84,9.5,High
P00027,Thermal,Andhra Pradesh,South,2179,6830.26,57,9,Complete,Low,7534.25,59.5,10.31,2.5,Medium
P00028,Wind,Andhra Pradesh,South,481,1275.83,15,1,Complete,Medium,1373.73,18.7,7.67,3.7,Medium
P00029,Wind,Andhra Pradesh,South,708,1490.8,12,8,Partial,Low,1716.5,22.7,15.14,10.7,High
P00030,Wind,Maharashtra,West,429,614.03,30,5,Partial,High,747.0,37.1,21.66,7.1,Medium
P00031,Wind,Maharashtra,West,776,1030.64,19,10,Partial,Medium,1301.28,31.0,26.26,12.0,High
P00032,Thermal,Andhra Pradesh,South,3004,14341.34,70,1,Partial,Low,16481.25,76.5,14.92,6.5,Medium
P00033,Thermal,Rajasthan,North,4266,23477.86,60,3,Complete,High,26371.98,72.7,12.33,12.7,High
P00034,Solar,Tamil Nadu,South,445,1520.6,30,9,Complete,High,1879.1,40.8,23.58,10.8,High
P00035,Hydro,Karnataka,South,3655,28256.71,51,9,Complete,High,33082.01,67.2,17.08,16.2,High
P00036,Thermal,Haryana,North,1453,7225.58,73,7,Complete,Low,7368.88,74.8,1.98,1.8,Low
P00037,Wind,Karnataka,South,78,105.51,30,8,Complete,Medium,123.45,36.6,17.0,6.6,Medium
P00038,Transmission,Uttar Pradesh,North,2314,3786.47,37,3,Complete,Medium,3912.87,39.3,3.34,2.3,Low
P00039,Transmission,Haryana,North,2058,4361.04,24,9,Complete,Low,4973.71,25.5,14.05,1.5,Medium
P00040,Transmission,Karnataka,South,179,320.69,22,5,Complete,Medium,335.0,24.2,4.46,2.2,Low
P00041,Solar,Karnataka,South,1332,4398.68,22,10,Pending,High,6002.03,39.1,36.45,17.1,High
P00042,Solar,Tamil Nadu,South,551,862.11,20,1,Complete,Medium,902.94,24.1,4.74,4.1,Medium
P00043,Hydro,Karnataka,South,1938,14720.82,45,8,Pending,Medium,20947.62,62.7,42.3,17.7,High
P00044,Hydro,Rajasthan,North,1584,5255.01,36,5,Complete,High,6516.95,46.0,24.01,10.0,High
P00045,Transmission,Karnataka,South,2824,6031.0,30,1,Complete,Low,6106.82,30.5,1.26,0.5,Low
P00046,Thermal,Rajasthan,North,2323,6243.26,66,8,Complete,Medium,7283.62,72.6,16.66,6.6,Medium
P00047,Hydro,Haryana,North,2548,9351.35,82,7,Partial,Medium,10720.11,87.3,14.64,5.3,Medium
P00048,Hydro,Maharashtra,West,546,3621.06,73,1,Partial,Medium,4534.96,80.1,25.24,7.1,High
P00049,Thermal,Tamil Nadu,South,3531,9475.24,41,5,Complete,Low,9749.86,41.7,2.9,0.7,Low
P00050,Solar,Madhya Pradesh,Central,1256,3352.93,22,6,Partial,Low,3930.5,27.9,17.23,5.9,Medium
P00051,Wind,Andhra Pradesh,South,100,127.36,16,2,Complete,Low,127.92,16.2,0.44,0.2,Low
P00052,Solar,Andhra Pradesh,South,1119,2493.74,25,10,Partial,Low,2972.08,34.8,19.18,9.8,High
P00053,Wind,Tamil Nadu,South,306,413.75,14,4,Complete,Medium,443.82,17.6,7.27,3.6,Medium
P00054,Transmission,Andhra Pradesh,South,625,763.51,18,3,Pending,Medium,960.66,32.4,25.82,14.4,High
P00055,Transmission,Andhra Pradesh,South,1162,1723.38,50,6,Complete,Low,1800.12,51.2,4.45,1.2,Low
P00056,Thermal,Andhra Pradesh,South,566,2883.93,53,4,Partial,Medium,3311.28,60.5,14.82,7.5,Medium
P00057,Wind,Punjab,North,364,1083.16,16,9,Complete,Low,1127.03,18.4,4.05,2.4,Low
P00058,Solar,Madhya Pradesh,Central,948,2416.47,47,8,Complete,Medium,2786.19,54.8,15.3,7.8,Medium
P00059,Solar,Gujarat,West,896,2302.79,37,3,Partial,Low,2575.33,44.8,11.84,7.8,Medium
P00060,Thermal,Rajasthan,North,4915,14003.62,46,4,Complete,Medium,15066.38,49.6,7.59,3.6,Medium
P00061,Wind,Punjab,North,691,938.49,16,9,Partial,Medium,1135.52,33.0,20.99,17.0,High
P00062,Solar,Gujarat,West,637,1438.64,12,8,Partial,Low,1798.5,22.4,25.01,10.4,High
P00063,Hydro,Andhra Pradesh,South,2721,13044.89,77,9,Partial,Medium,16286.1,89.7,24.85,12.7,High
P00064,Wind,Karnataka,South,665,1072.14,18,3,Complete,Medium,1152.4,23.0,7.49,5.0,Medium
P00065,Solar,Tamil Nadu,South,527,1732.66,47,6,Partial,Medium,2016.96,56.8,16.41,9.8,High
P00066,Transmission,Tamil Nadu,South,2000,2382.47,26,8,Complete,Low,2638.36,31.9,10.74,5.9,Medium
P00067,Thermal,Andhra Pradesh,South,2334,11427.54,55,10,Complete,Low,12460.31,61.1,9.04,6.1,Medium
P00068,Wind,Haryana,North,672,1684.69,22,4,Pending,Medium,2171.31,35.0,28.88,13.0,High
P00069,Solar,Uttar Pradesh,North,828,1988.59,32,10,Partial,Low,2386.0,40.6,19.98,8.6,Medium
P00070,Solar,Andhra Pradesh,South,362,546.35,46,4,Partial,High,669.15,58.5,22.48,12.5,High
P00071,Hydro,Uttar Pradesh,North,763,4492.67,87,6,Complete,Medium,4852.22,89.2,8.0,2.2,Low
P00072,Solar,Madhya Pradesh,Central,898,3073.08,31,6,Pending,Medium,3756.99,45.8,22.25,14.8,High
P00073,Transmission,Rajasthan,North,528,827.16,27,8,Partial,Low,991.69,37.8,19.89,10.8,High
P00074,Thermal,Rajasthan,North,3835,22807.29,74,3,Complete,Low,23541.68,74.8,3.22,0.8,Low
P00075,Thermal,Gujarat,West,3962,20347.63,36,9,Complete,Low,21607.62,41.0,6.19,5.0,Medium
P00076,Hydro,Maharashtra,West,3780,21862.04,43,2,Partial,High,27274.8,58.9,24.76,15.9,High
P00077,Wind,Madhya Pradesh,Central,379,513.13,34,5,Complete,Low,528.09,34.8,2.92,0.8,Low
P00078,Wind,Rajasthan,North,864,2008.43,22,10,Partial,Medium,2353.74,39.8,17.19,17.8,High
P00079,Thermal,Punjab,North,3261,15532.49,94,7,Partial,Medium,17834.11,101.8,14.82,7.8,Medium
P00080,Hydro,Tamil Nadu,South,2813,15832.83,72,6,Pending,Low,19627.35,86.4,23.97,14.4,High
P00081,Wind,Madhya Pradesh,Central,678,827.02,32,9,Complete,Medium,954.63,39.0,15.43,7.0,Medium
P00082,Wind,Gujarat,West,871,2202.29,30,5,Partial,Low,2433.6,36.9,10.5,6.9,Medium
P00083,Hydro,Uttar Pradesh,North,197,981.7,59,6,Complete,Medium,1032.35,63.6,5.16,4.6,Medium
P00084,Solar,Gujarat,West,250,760.46,20,9,Complete,Medium,847.5,23.4,11.45,3.4,Medium
P00085,Hydro,Uttar Pradesh,North,3013,10592.11,79,1,Complete,High,12218.9,90.2,15.36,11.2,High
P00086,Transmission,Rajasthan,North,1850,3859.39,27,6,Pending,High,4628.48,50.7,19.93,23.7,High
P00087,Solar,Madhya Pradesh,Central,1030,2519.81,18,5,Partial,Low,2860.74,25.3,13.53,7.3,Medium
P00088,Thermal,Madhya Pradesh,Central,3542,13376.02,77,7,Complete,Medium,13982.6,80.3,4.53,3.3,Medium
P00089,Wind,Madhya Pradesh,Central,413,921.14,35,1,Partial,Medium,1087.36,45.7,18.04,10.7,High
P00090,Wind,Madhya Pradesh,Central,830,1786.23,14,7,Complete,Low,1794.14,14.1,0.44,0.1,Low
P00091,Thermal,Haryana,North,771,4621.92,82,9,Partial,Medium,5483.36,90.2,18.64,8.2,Medium
P00092,Solar,Rajasthan,North,998,3468.49,20,1,Complete,Low,3634.36,21.6,4.78,1.6,Low
P00093,Transmission,Uttar Pradesh,North,906,2100.72,57,8,Complete,Medium,2356.81,66.8,12.19,9.8,High
P00094,Transmission,Andhra Pradesh,South,325,512.24,52,1,Pending,High,677.64,73.2,32.29,21.2,High
P00095,Hydro,Andhra Pradesh,South,2566,17426.2,97,1,Complete,High,19896.68,105.8,14.18,8.8,Medium
P00096,Transmission,Gujarat,West,1390,3219.51,14,9,Complete,High,3972.94,26.5,23.4,12.5,High
P00097,Hydro,Karnataka,South,1299,7117.71,105,5,Complete,Medium,7534.55,109.1,5.86,4.1,Medium
P00098,Transmission,Maharashtra,West,2845,5283.1,51,2,Partial,High,6588.62,60.0,24.71,9.0,Medium
P00099,Transmission,Haryana,North,1816,3668.7,38,6,Complete,High,4512.23,42.0,22.99,4.0,Medium
P00100,Hydro,Karnataka,South,3841,28974.61,117,4,Partial,Medium,32722.08,122.7,12.93,5.7,Medium
P00101,Wind,Punjab,North,414,1077.94,17,3,Partial,Medium,1289.8,29.1,19.65,12.1,High
P00102,Thermal,Gujarat,West,1540,8599.26,52,10,Complete,Low,9484.52,58.1,10.29,6.1,Medium
P00103,Thermal,Tamil Nadu,South,1262,3811.68,47,7,Complete,High,4217.5,51.6,10.65,4.6,Medium
P00104,Wind,Gujarat,West,334,968.52,14,9,Complete,Medium,1105.24,19.8,14.12,5.8,Medium
P00105,Solar,Punjab,North,1038,3515.95,27,5,Partial,Medium,4029.78,38.0,14.61,11.0,High
P00106,Solar,Haryana,North,841,1881.36,26,8,Complete,Low,1995.85,30.0,6.09,4.0,Medium
P00107,Hydro,Karnataka,South,1659,12615.43,38,4,Partial,Medium,14690.01,45.3,16.44,7.3,Medium
P00108,Transmission,Karnataka,South,2533,5563.33,22,1,Complete,Low,5672.51,23.0,1.96,1.0,Low
P00109,Hydro,Haryana,North,2948,22886.04,76,8,Partial,Medium,27833.67,84.8,21.62,8.8,Medium
P00110,Wind,Rajasthan,North,51,110.24,20,1,Partial,Medium,127.58,29.2,15.73,9.2,High
P00111,Thermal,Rajasthan,North,2395,12084.5,38,6,Partial,Medium,14929.59,49.6,23.54,11.6,High
P00112,Hydro,Madhya Pradesh,Central,558,4170.54,39,6,Partial,Medium,4956.08,44.3,18.84,5.3,Medium
P00113,Transmission,Haryana,North,1424,2739.22,30,7,Complete,Medium,2946.78,32.4,7.58,2.4,Low
P00114,Wind,Maharashtra,West,711,1278.5,35,9,Complete,Low,1372.64,37.5,7.36,2.5,Low
P00115,Thermal,Rajasthan,North,658,2739.67,59,4,Partial,Medium,3293.41,66.2,20.21,7.2,Medium
P00116,Wind,Tamil Nadu,South,627,1426.99,15,6,Partial,High,1823.66,25.6,27.8,10.6,High
P00117,Wind,Punjab,North,149,422.6,34,10,Complete,High,516.65,44.2,22.26,10.2,High
P00118,Solar,Tamil Nadu,South,179,302.6,28,9,Pending,Low,419.14,39.5,38.51,11.5,High
P00119,Hydro,Andhra Pradesh,South,3878,20204.85,115,10,Complete,Medium,22364.43,122.5,10.69,7.5,Medium
P00120,Thermal,Haryana,North,3678,20028.95,72,5,Partial,Medium,23230.41,82.9,15.98,10.9,High
P00121,Solar,Karnataka,South,1093,1752.51,12,7,Complete,Low,1760.27,12.2,0.44,0.2,Low
P00122,Hydro,Andhra Pradesh,South,375,2974.93,78,2,Complete,High,3442.78,84.6,15.73,6.6,Medium
P00123,Thermal,Madhya Pradesh,Central,4903,26077.7,77,7,Complete,Low,27030.62,77.3,3.65,0.3,Low
P00124,Transmission,Uttar Pradesh,North,1298,2646.54,37,10,Complete,Low,2972.13,40.3,12.3,3.3,Medium
P00125,Solar,Tamil Nadu,South,850,2296.04,42,5,Partial,Medium,2758.11,50.2,20.12,8.2,Medium
P00126,Transmission,Haryana,North,2736,3920.77,22,4,Partial,Medium,4831.49,33.8,23.23,11.8,High
P00127,Solar,Punjab,North,871,2437.19,32,1,Complete,Medium,2649.73,34.5,8.72,2.5,Low
P00128,Solar,Maharashtra,West,151,248.61,46,8,Partial,Medium,313.44,55.9,26.08,9.9,High
P00129,Wind,Karnataka,South,349,718.26,22,7,Partial,Medium,847.35,27.8,17.97,5.8,Medium
P00130,Solar,Tamil Nadu,South,764,1726.75,15,5,Complete,Low,1741.11,16.2,0.83,1.2,Low
P00131,Transmission,Tamil Nadu,South,2641,3858.33,58,3,Partial,Low,4566.54,65.7,18.36,7.7,Medium
P00132,Hydro,Madhya Pradesh,Central,3522,25700.31,74,7,Complete,Medium,27254.87,77.1,6.05,3.1,Medium
P00133,Solar,Punjab,North,1435,2474.81,24,7,Partial,Medium,2950.9,32.4,19.24,8.4,Medium
P00134,Solar,Andhra Pradesh,South,908,2779.43,35,3,Pending,Medium,3357.74,49.3,20.81,14.3,High
P00135,Thermal,Gujarat,West,1130,5244.82,57,5,Partial,Medium,6143.07,67.0,17.13,10.0,High
P00136,Hydro,Madhya Pradesh,Central,3768,24036.85,77,6,Complete,Medium,25760.93,80.5,7.17,3.5,Medium
P00137,Wind,Madhya Pradesh,Central,670,899.78,19,5,Pending,Low,1068.19,26.3,18.72,7.3,Medium
P00138,Solar,Gujarat,West,1005,3116.22,38,5,Complete,Medium,3386.86,40.0,8.68,2.0,Low
P00139,Wind,Madhya Pradesh,Central,221,528.48,28,3,Partial,Medium,641.19,33.8,21.33,5.8,Medium
P00140,Wind,Haryana,North,104,266.35,28,8,Partial,High,360.47,48.2,35.34,20.2,High
P00141,Wind,Punjab,North,792,2183.1,32,6,Complete,Low,2195.94,32.5,0.59,0.5,Low
P00142,Transmission,Gujarat,West,2508,2837.71,38,9,Partial,Medium,3703.92,51.7,30.53,13.7,High
P00143,Wind,Rajasthan,North,91,197.61,24,3,Partial,Medium,227.92,32.3,15.34,8.3,Medium
P00144,Hydro,Gujarat,West,3078,14560.47,55,2,Partial,High,18780.68,71.5,28.98,16.5,High
P00145,Transmission,Tamil Nadu,South,2630,4202.73,36,5,Complete,Medium,4451.97,39.8,5.93,3.8,Medium
P00146,Thermal,Tamil Nadu,South,3536,10334.52,41,2,Partial,Low,11358.13,44.9,9.9,3.9,Medium
P00147,Hydro,Gujarat,West,1376,8390.14,114,9,Complete,Low,8767.38,117.5,4.5,3.5,Medium
P00148,Thermal,Rajasthan,North,2138,7302.51,72,7,Complete,Low,7541.93,73.7,3.28,1.7,Low
P00149,Wind,Karnataka,South,677,1305.69,14,7,Partial,Medium,1556.27,20.5,19.19,6.5,Medium
P00150,Transmission,Andhra Pradesh,South,2011,3625.76,12,5,Partial,Medium,4015.52,19.3,10.75,7.3,Medium
P00151,Transmission,Tamil Nadu,South,1891,2169.21,37,4,Pending,Low,2723.23,54.9,25.54,17.9,High
P00152,Wind,Karnataka,South,603,1691.87,20,1,Partial,High,2040.97,37.8,20.63,17.8,High
P00153,Thermal,Madhya Pradesh,Central,3349,13548.03,57,8,Complete,High,15496.87,71.9,14.38,14.9,High
P00154,Solar,Madhya Pradesh,Central,92,259.26,35,3,Complete,High,293.32,41.9,13.14,6.9,Medium
P00155,Hydro,Madhya Pradesh,Central,2646,10388.14,93,5,Partial,High,12949.15,109.0,24.65,16.0,High
P00156,Solar,Haryana,North,1011,2865.88,14,1,Complete,Low,2875.8,15.9,0.35,1.9,Low
P00157,Wind,Andhra Pradesh,South,198,282.23,19,2,Partial,Medium,338.67,27.2,20.0,8.2,Medium
P00158,Solar,Haryana,North,537,1269.55,36,2,Pending,Low,1629.42,50.1,28.35,14.1,High
P00159,Hydro,Andhra Pradesh,South,1667,7642.55,74,1,Complete,Medium,8488.76,77.7,11.07,3.7,Medium
P00160,Thermal,Uttar Pradesh,North,1161,7475.31,57,2,Complete,Medium,7916.45,60.4,5.9,3.4,Medium
P00161,Thermal,Uttar Pradesh,North,4254,23536.28,68,8,Partial,Low,27537.44,77.3,17.0,9.3,High
P00162,Wind,Punjab,North,178,451.24,14,1,Complete,Low,471.09,15.3,4.4,1.3,Low
P00163,Solar,Andhra Pradesh,South,1478,4383.96,38,2,Complete,Medium,4803.77,39.1,9.58,1.1,Low
P00164,Solar,Haryana,North,1491,4498.87,31,3,Partial,Medium,5320.63,38.8,18.27,7.8,Medium
P00165,Wind,Karnataka,South,791,1536.69,19,7,Complete,Medium,1617.25,23.4,5.24,4.4,Medium
P00166,Thermal,Maharashtra,West,4931,16774.05,87,4,Complete,Medium,17799.2,90.2,6.11,3.2,Medium
P00167,Hydro,Uttar Pradesh,North,763,3564.12,65,10,Partial,Medium,4205.51,75.1,18.0,10.1,High
P00168,Hydro,Haryana,North,1119,5032.39,68,1,Partial,Medium,6164.8,79.7,22.5,11.7,High
P00169,Transmission,Haryana,North,599,924.47,14,1,Partial,Medium,1142.44,19.9,23.58,5.9,Medium
P00170,Transmission,Karnataka,South,2103,4634.94,21,5,Partial,Medium,5440.41,30.7,17.38,9.7,High
P00171,Thermal,Haryana,North,2119,10865.85,71,5,Complete,Low,11019.16,71.5,1.41,0.5,Low
P00172,Hydro,Madhya Pradesh,Central,3391,23518.73,45,6,Complete,High,28019.52,48.7,19.14,3.7,Medium
P00173,Wind,Andhra Pradesh,South,924,1340.39,15,2,Complete,Medium,1485.39,18.9,10.82,3.9,Medium
P00174,Transmission,Andhra Pradesh,South,2639,5757.16,25,9,Complete,High,6509.18,38.2,13.06,13.2,High
P00175,Thermal,Haryana,North,924,2391.44,88,4,Complete,Low,2473.2,89.1,3.42,1.1,Low
P00176,Transmission,Gujarat,West,2175,4533.18,52,7,Partial,Medium,5348.43,59.5,17.98,7.5,Medium
P00177,Wind,Andhra Pradesh,South,147,404.48,30,7,Partial,Low,453.64,33.9,12.15,3.9,Medium
P00178,Solar,Madhya Pradesh,Central,326,596.39,15,4,Partial,Low,704.31,20.2,18.09,5.2,Medium
P00179,Solar,Punjab,North,107,321.16,13,9,Complete,Medium,366.18,18.9,14.02,5.9,Medium
P00180,Hydro,Maharashtra,West,2856,22340.73,47,10,Complete,Medium,25002.82,56.0,11.92,9.0,Medium
P00181,Wind,Andhra Pradesh,South,877,2150.95,23,2,Complete,High,2673.28,27.8,24.28,4.8,Medium
P00182,Solar,Madhya Pradesh,Central,1073,2389.99,43,5,Complete,Medium,2567.69,47.3,7.44,4.3,Medium
P00183,Solar,Madhya Pradesh,Central,1062,3011.66,24,2,Complete,High,3232.31,32.4,7.33,8.4,Medium
P00184,Solar,Tamil Nadu,South,979,1879.2,16,3,Complete,High,2250.32,22.9,19.75,6.9,Medium
P00185,Hydro,Gujarat,West,3090,19338.27,108,5,Complete,High,21864.66,113.1,13.06,5.1,Medium
P00186,Wind,Rajasthan,North,724,1053.82,20,3,Complete,Medium,1138.31,24.8,8.02,4.8,Medium
P00187,Hydro,Maharashtra,West,388,1408.95,51,2,Complete,Medium,1516.41,53.0,7.63,2.0,Low
P00188,Hydro,Tamil Nadu,South,541,3009.73,73,5,Complete,Medium,3329.42,78.2,10.62,5.2,Medium
P00189,Hydro,Gujarat,West,1238,9329.54,58,2,Complete,Medium,10190.17,63.0,9.22,5.0,Medium
P00190,Hydro,Tamil Nadu,South,2004,6433.09,49,10,Pending,Low,8927.51,71.2,38.77,22.2,High
P00191,Solar,Madhya Pradesh,Central,682,1406.99,25,8,Partial,Medium,1610.88,35.6,14.49,10.6,High
P00192,Solar,Tamil Nadu,South,117,380.77,13,9,Complete,Medium,437.44,20.9,14.88,7.9,Medium
P00193,Hydro,Gujarat,West,1592,8926.71,104,4,Complete,Medium,9538.28,108.7,6.85,4.7,Medium
P00194,Wind,Punjab,North,529,1179.24,24,7,Complete,Medium,1275.73,29.2,8.18,5.2,Medium
P00195,Transmission,Uttar Pradesh,North,2379,5762.32,49,4,Partial,Medium,6832.83,57.8,18.58,8.8,Medium
P00196,Wind,Madhya Pradesh,Central,410,865.62,34,6,Complete,Low,881.28,34.9,1.81,0.9,Low
P00197,Wind,Punjab,North,516,876.31,12,9,Complete,Medium,977.23,15.9,11.52,3.9,Medium
P00198,Solar,Punjab,North,604,1925.46,44,10,Complete,Medium,2172.84,49.0,12.85,5.0,Medium
P00199,Solar,Punjab,North,868,2829.44,24,3,Complete,High,3304.05,35.7,16.77,11.7,High
P00200,Transmission,Karnataka,South,1232,2355.41,59,1,Partial,High,2928.58,64.8,24.33,5.8,Medium
P00201,Thermal,Gujarat,West,4533,23395.58,68,4,Complete,Low,23885.66,69.5,2.09,1.5,Low
P00202,Solar,Andhra Pradesh,South,704,2111.79,13,9,Partial,High,2614.4,26.0,23.8,13.0,High
P00203,Transmission,Uttar Pradesh,North,486,875.26,51,2,Complete,Medium,939.69,53.1,7.36,2.1,Low
P00204,Transmission,Rajasthan,North,1250,1893.44,34,8,Partial,High,2468.25,53.6,30.36,19.6,High
P00205,Hydro,Maharashtra,West,1279,7541.41,76,7,Complete,Medium,8173.67,80.3,8.38,4.3,Medium
P00206,Wind,Punjab,North,717,1416.04,15,5,Pending,Medium,1818.08,29.9,28.39,14.9,High
P00207,Hydro,Rajasthan,North,3028,19335.61,104,8,Complete,Low,21742.19,106.6,12.45,2.6,Medium
P00208,Transmission,Punjab,North,542,974.45,56,4,Complete,Low,1019.55,56.8,4.63,0.8,Low
P00209,Hydro,Gujarat,West,2409,16335.59,50,5,Complete,High,18016.55,62.9,10.29,12.9,High
P00210,Thermal,Gujarat,West,2916,8318.78,94,4,Complete,High,9652.77,103.8,16.04,9.8,High
P00211,Transmission,Uttar Pradesh,North,920,2070.44,14,10,Partial,Medium,2549.44,25.0,23.14,11.0,High
P00212,Transmission,Maharashtra,West,1008,1954.87,22,4,Complete,High,2305.62,31.8,17.94,9.8,High
P00213,Transmission,Madhya Pradesh,Central,2667,2824.86,28,5,Partial,Low,3306.26,35.0,17.04,7.0,Medium
P00214,Thermal,Uttar Pradesh,North,4232,23205.92,74,5,Partial,Low,25729.2,80.7,10.87,6.7,Medium
P00215,Thermal,Tamil Nadu,South,2110,6990.2,59,7,Complete,Medium,7674.51,64.1,9.79,5.1,Medium
P00216,Wind,Maharashtra,West,736,1896.05,15,7,Pending,Low,2262.54,32.9,19.33,17.9,High
P00217,Hydro,Uttar Pradesh,North,1446,7579.35,48,7,Complete,Medium,8329.8,50.8,9.9,2.8,Low
P00218,Transmission,Gujarat,West,795,1425.33,41,3,Pending,Medium,1733.19,59.7,21.6,18.7,High
P00219,Transmission,Punjab,North,747,1608.58,20,1,Partial,Medium,1789.63,26.6,11.26,6.6,Medium
P00220,Hydro,Punjab,North,3942,24284.49,112,2,Complete,Low,25339.58,113.4,4.34,1.4,Low
P00221,Solar,Madhya Pradesh,Central,211,651.79,27,6,Complete,Low,664.92,27.6,2.01,0.6,Low
P00222,Thermal,Gujarat,West,2842,11667.05,58,8,Complete,High,13980.6,71.7,19.83,13.7,High
P00223,Transmission,Maharashtra,West,1404,1662.87,28,7,Partial,Medium,1876.66,38.5,12.86,10.5,High
P00224,Thermal,Karnataka,South,2807,8621.71,58,8,Complete,Medium,9963.1,62.0,15.56,4.0,Medium
P00225,Solar,Andhra Pradesh,South,1227,3595.21,33,6,Pending,Medium,4990.09,44.2,38.8,11.2,High
P00226,Hydro,Maharashtra,West,236,1702.4,79,4,Partial,High,1996.6,97.8,17.28,18.8,High
P00227,Wind,Rajasthan,North,877,2051.2,35,7,Complete,Low,2124.33,36.3,3.57,1.3,Low
P00228,Solar,Punjab,North,572,1945.68,36,9,Complete,Medium,2218.55,43.1,14.02,7.1,Medium
P00229,Wind,Maharashtra,West,285,343.48,18,9,Complete,Medium,394.24,27.3,14.78,9.3,High
P00230,Thermal,Madhya Pradesh,Central,1696,4483.81,44,8,Pending,Low,5401.86,64.0,20.47,20.0,High
P00231,Transmission,Maharashtra,West,1648,1791.6,21,5,Complete,High,1973.15,24.9,10.13,3.9,Medium
P00232,Thermal,Andhra Pradesh,South,1174,5249.49,82,6,Partial,Medium,6355.68,90.0,21.07,8.0,Medium
P00233,Thermal,Rajasthan,North,2651,8022.12,47,6,Complete,Medium,8693.07,48.3,8.36,1.3,Low
P00234,Transmission,Haryana,North,132,278.33,18,4,Partial,Medium,333.17,29.2,19.7,11.2,High
P00235,Solar,Madhya Pradesh,Central,778,1620.02,33,4,Pending,Medium,2114.34,43.7,30.51,10.7,High
P00236,Solar,Madhya Pradesh,Central,657,1840.86,22,6,Complete,Low,1858.89,22.3,0.98,0.3,Low
P00237,Wind,Haryana,North,443,782.9,30,5,Partial,High,970.62,48.5,23.98,18.5,High
P00238,Solar,Haryana,North,735,1193.94,16,4,Partial,Medium,1390.59,24.4,16.47,8.4,Medium
P00239,Transmission,Uttar Pradesh,North,2745,5877.82,25,10,Complete,Medium,6795.1,32.1,15.61,7.1,Medium
P00240,Hydro,Gujarat,West,1646,8162.99,105,9,Complete,High,10511.29,117.7,28.77,12.7,High
P00241,Hydro,Madhya Pradesh,Central,2458,10003.53,117,10,Complete,High,12880.39,130.1,28.76,13.1,High
P00242,Transmission,Andhra Pradesh,South,107,231.08,47,1,Complete,Medium,258.99,51.3,12.08,4.3,Medium
P00243,Transmission,Andhra Pradesh,South,1736,2717.67,39,10,Partial,Low,3212.77,48.4,18.22,9.4,High
P00244,Transmission,Maharashtra,West,1776,1777.18,47,9,Complete,High,2213.45,56.8,24.55,9.8,High
P00245,Hydro,Maharashtra,West,3796,19822.05,113,1,Partial,Low,22673.79,117.2,14.39,4.2,Medium
P00246,Wind,Andhra Pradesh,South,926,2735.28,34,10,Partial,Medium,3268.74,48.1,19.5,14.1,High
P00247,Transmission,Maharashtra,West,2735,5847.88,30,7,Pending,High,8335.17,47.4,42.53,17.4,High
P00248,Transmission,Punjab,North,2700,3897.56,59,7,Complete,Medium,4256.89,62.0,9.22,3.0,Medium
P00249,Hydro,Punjab,North,2082,9704.11,59,8,Partial,Low,11111.66,66.3,14.5,7.3,Medium
P00250,Solar,Haryana,North,749,1906.22,21,8,Complete,Medium,2178.08,26.8,14.26,5.8,Medium
P00251,Thermal,Haryana,North,2488,13774.25,93,2,Pending,High,18425.04,110.2,33.76,17.2,High
P00252,Transmission,Uttar Pradesh,North,2808,3438.12,27,7,Partial,Medium,3949.93,38.1,14.89,11.1,High
P00253,Thermal,Tamil Nadu,South,652,1968.89,72,6,Partial,Medium,2249.45,78.2,14.25,6.2,Medium
P00254,Solar,Madhya Pradesh,Central,1451,4292.0,28,2,Partial,Low,5000.69,35.8,16.51,7.8,Medium
P00255,Solar,Madhya Pradesh,Central,241,600.7,14,10,Complete,Medium,654.1,22.8,8.89,8.8,Medium
P00256,Wind,Madhya Pradesh,Central,949,2093.65,30,6,Partial,High,2515.14,48.4,20.13,18.4,High
P00257,Hydro,Maharashtra,West,2863,11834.6,78,10,Partial,Medium,15281.56,90.8,29.13,12.8,High
P00258,Hydro,Maharashtra,West,1333,5648.65,107,1,Partial,Low,6368.67,111.7,12.75,4.7,Medium
P00259,Solar,Karnataka,South,167,333.04,44,2,Complete,Medium,354.79,47.9,6.53,3.9,Medium
P00260,Transmission,Tamil Nadu,South,2538,4945.1,25,7,Complete,Medium,5186.84,27.9,4.89,2.9,Low
P00261,Solar,Punjab,North,267,640.86,21,1,Complete,Medium,697.54,24.9,8.84,3.9,Medium
P00262,Solar,Rajasthan,North,1277,2104.6,14,10,Partial,Medium,2745.08,20.8,30.43,6.8,High
P00263,Solar,Uttar Pradesh,North,197,531.52,31,3,Partial,Low,571.83,39.0,7.58,8.0,Medium
P00264,Solar,Uttar Pradesh,North,794,2025.9,13,4,Pending,Low,2542.6,31.5,25.5,18.5,High
P00265,Hydro,Punjab,North,1913,11719.08,65,9,Complete,Medium,13055.28,75.3,11.4,10.3,High
P00266,Wind,Uttar Pradesh,North,225,539.32,21,2,Partial,Medium,672.04,30.9,24.61,9.9,High
P00267,Hydro,Andhra Pradesh,South,3062,18210.54,52,9,Partial,Medium,23056.22,57.8,26.61,5.8,High
P00268,Hydro,Gujarat,West,2443,11663.63,85,3,Complete,Medium,12554.64,89.4,7.64,4.4,Medium
P00269,Hydro,Tamil Nadu,South,3614,15961.32,81,3,Partial,Medium,18671.23,89.0,16.98,8.0,Medium
P00270,Solar,Madhya Pradesh,Central,1442,4658.22,44,6,Pending,Low,6121.43,58.5,31.41,14.5,High
P00271,Wind,Punjab,North,469,1014.47,22,5,Partial,Medium,1211.68,29.0,19.44,7.0,Medium
P00272,Hydro,Uttar Pradesh,North,2235,17065.46,114,1,Partial,Medium,19322.07,119.0,13.22,5.0,Medium
P00273,Transmission,Gujarat,West,2602,5414.37,58,4,Complete,High,6047.28,67.8,11.69,9.8,High
P00274,Solar,Karnataka,South,110,242.83,35,9,Partial,Low,290.28,43.0,19.54,8.0,Medium
P00275,Solar,Karnataka,South,878,2006.64,46,7,Complete,High,2433.38,57.4,21.27,11.4,High
P00276,Solar,Uttar Pradesh,North,506,921.29,34,4,Complete,Low,928.9,34.0,0.83,0.0,Low
P00277,Wind,Karnataka,South,695,1821.58,33,6,Complete,Low,1836.68,34.8,0.83,1.8,Low
P00278,Wind,Andhra Pradesh,South,164,262.44,20,10,Partial,Low,307.87,28.2,17.31,8.2,Medium
P00279,Transmission,Haryana,North,118,238.18,51,10,Complete,Medium,264.71,59.4,11.14,8.4,Medium
P00280,Transmission,Madhya Pradesh,Central,2787,6885.71,28,7,Complete,Medium,7653.58,32.9,11.15,4.9,Medium
P00281,Solar,Haryana,North,300,734.55,26,5,Complete,Medium,814.57,30.7,10.89,4.7,Medium
P00282,Transmission,Haryana,North,1721,3898.05,55,3,Complete,Medium,4193.35,59.1,7.58,4.1,Medium
P00283,Hydro,Karnataka,South,3089,15256.97,53,3,Complete,Low,15289.0,54.0,0.21,1.0,Low
P00284,Solar,Punjab,North,341,1089.79,29,2,Partial,High,1227.5,45.1,12.64,16.1,High
P00285,Hydro,Madhya Pradesh,Central,2721,13257.81,95,4,Complete,Medium,14822.67,99.3,11.8,4.3,Medium
P00286,Solar,Gujarat,West,366,624.89,36,4,Partial,Medium,753.88,45.6,20.64,9.6,High
P00287,Thermal,Madhya Pradesh,Central,3663,12014.28,63,6,Partial,High,15500.46,80.2,29.02,17.2,High
P00288,Wind,Andhra Pradesh,South,494,1229.82,33,8,Partial,Low,1532.99,44.9,24.65,11.9,High
P00289,Wind,Gujarat,West,227,428.81,34,2,Pending,Medium,555.77,52.6,29.61,18.6,High
P00290,Thermal,Karnataka,South,1422,6941.08,57,10,Partial,High,9142.12,68.5,31.71,11.5,High
P00291,Transmission,Karnataka,South,707,965.12,16,8,Pending,Medium,1258.19,39.0,30.37,23.0,High
P00292,Solar,Uttar Pradesh,North,942,1539.71,38,4,Pending,High,1966.03,56.7,27.69,18.7,High
P00293,Transmission,Rajasthan,North,2950,3049.23,32,3,Complete,Low,3061.46,32.6,0.4,0.6,Low
P00294,Wind,Rajasthan,North,405,514.39,26,10,Partial,Medium,666.52,40.4,29.57,14.4,High
P00295,Thermal,Maharashtra,West,3402,21135.7,81,2,Complete,Medium,23030.26,85.9,8.96,4.9,Medium
P00296,Solar,Andhra Pradesh,South,1087,1746.48,22,2,Complete,High,2008.89,27.3,15.02,5.3,Medium
P00297,Hydro,Haryana,North,1100,3683.9,57,3,Partial,High,4394.39,74.4,19.29,17.4,High
P00298,Wind,Tamil Nadu,South,483,1256.95,34,8,Partial,High,1692.59,47.3,34.66,13.3,High
P00299,Thermal,Punjab,North,4382,11866.27,43,8,Complete,High,14768.09,57.7,24.45,14.7,High
P00300,Hydro,Karnataka,South,3386,15008.78,108,3,Complete,Low,15527.49,109.2,3.46,1.2,Low
P00301,Solar,Punjab,North,1280,4089.31,41,4,Complete,Medium,4475.31,44.3,9.44,3.3,Medium
P00302,Hydro,Gujarat,West,2069,10512.78,93,2,Complete,Low,11008.13,93.1,4.71,0.1,Low
P00303,Transmission,Tamil Nadu,South,2140,5246.51,51,8,Complete,Low,5525.47,56.6,5.32,5.6,Medium
P00304,Thermal,Rajasthan,North,1136,4214.46,71,5,Complete,High,5212.65,76.6,23.68,5.6,Medium
P00305,Wind,Madhya Pradesh,Central,60,132.85,16,6,Partial,Medium,150.8,27.2,13.51,11.2,High
P00306,Wind,Haryana,North,488,635.65,35,2,Complete,Medium,697.67,39.9,9.76,4.9,Medium
P00307,Transmission,Rajasthan,North,2540,6123.0,37,5,Complete,Medium,6714.11,40.1,9.65,3.1,Medium
P00308,Hydro,Gujarat,West,3059,14197.33,103,9,Partial,High,18806.72,127.7,32.47,24.7,High
P00309,Solar,Uttar Pradesh,North,1264,3339.18,39,5,Complete,Low,3369.71,40.7,0.91,1.7,Low
P00310,Transmission,Uttar Pradesh,North,2859,5255.27,17,3,Pending,High,7513.97,31.7,42.98,14.7,High
P00311,Transmission,Andhra Pradesh,South,1719,2362.77,33,4,Complete,High,2840.45,38.6,20.22,5.6,Medium
P00312,Solar,Rajasthan,North,960,1823.05,35,10,Complete,High,2375.63,47.3,30.31,12.3,High
P00313,Thermal,Haryana,North,2224,6934.36,37,6,Complete,Medium,7626.9,42.0,9.99,5.0,Medium
P00314,Transmission,Karnataka,South,2753,3597.27,28,8,Complete,Medium,3963.7,37.7,10.19,9.7,High
P00315,Solar,Uttar Pradesh,North,1440,2622.76,46,2,Complete,Medium,2882.5,49.1,9.9,3.1,Medium
P00316,Hydro,Rajasthan,North,2254,15794.29,97,3,Partial,Low,18264.17,102.9,15.64,5.9,Medium
P00317,Wind,Uttar Pradesh,North,982,2503.09,30,6,Complete,Low,2555.48,30.6,2.09,0.6,Low
P00318,Transmission,Maharashtra,West,1573,3148.83,30,7,Complete,Medium,3483.65,34.5,10.63,4.5,Medium
P00319,Hydro,Tamil Nadu,South,3751,17825.0,84,4,Pending,Low,22465.57,103.3,26.03,19.3,High
P00320,Wind,Maharashtra,West,799,1072.33,12,10,Complete,High,1262.77,25.2,17.76,13.2,High
P00321,Thermal,Punjab,North,1898,12094.64,60,2,Complete,Low,12130.98,61.8,0.3,1.8,Low
P00322,Thermal,Punjab,North,3581,11490.61,59,5,Complete,High,14006.53,65.2,21.9,6.2,Medium
P00323,Wind,Madhya Pradesh,Central,400,736.87,23,7,Complete,Low,740.81,23.9,0.54,0.9,Low
P00324,Wind,Maharashtra,West,427,976.48,31,1,Partial,Low,1115.63,38.9,14.25,7.9,Medium
P00325,Thermal,Haryana,North,1483,4399.07,40,6,Pending,Medium,6076.4,60.1,38.13,20.1,High
P00326,Hydro,Punjab,North,3413,19805.29,87,1,Complete,Low,20577.68,87.2,3.9,0.2,Low
P00327,Transmission,Madhya Pradesh,Central,2696,3176.06,56,6,Complete,Low,3270.52,57.5,2.97,1.5,Low
P00328,Thermal,Maharashtra,West,2511,8517.94,74,10,Partial,Medium,10146.67,86.3,19.12,12.3,High
P00329,Thermal,Haryana,North,2111,9698.66,57,8,Pending,Medium,13614.78,78.8,40.38,21.8,High
P00330,Solar,Rajasthan,North,651,1179.66,28,6,Partial,Low,1336.75,35.8,13.32,7.8,Medium
P00331,Transmission,Punjab,North,2822,2892.93,16,6,Complete,Medium,3111.85,19.6,7.57,3.6,Medium
P00332,Hydro,Gujarat,West,2293,10686.64,49,7,Complete,Low,11014.08,50.9,3.06,1.9,Low
P00333,Thermal,Maharashtra,West,2966,11622.76,71,3,Complete,High,13328.43,77.5,14.68,6.5,Medium
P00334,Solar,Maharashtra,West,849,2547.05,17,10,Partial,Low,3079.54,21.5,20.91,4.5,Medium
P00335,Wind,Gujarat,West,336,461.1,19,8,Pending,Low,542.28,34.8,17.61,15.8,High
P00336,Hydro,Andhra Pradesh,South,3401,19237.65,104,5,Complete,Medium,21409.0,106.9,11.29,2.9,Medium
P00337,Wind,Tamil Nadu,South,142,404.29,21,2,Complete,Medium,426.32,26.5,5.45,5.5,Medium
P00338,Hydro,Andhra Pradesh,South,3822,25088.49,39,4,Complete,Low,26163.77,40.6,4.29,1.6,Low
P00339,Hydro,Uttar Pradesh,North,1316,6581.4,46,10,Complete,Medium,7262.5,55.3,10.35,9.3,High
P00340,Transmission,Tamil Nadu,South,1379,3275.69,36,2,Complete,Medium,3511.77,40.0,7.21,4.0,Medium
P00341,Solar,Haryana,North,1407,2559.68,45,10,Complete,Low,2745.47,49.1,7.26,4.1,Medium
P00342,Wind,Haryana,North,859,2464.0,22,1,Complete,High,2966.16,29.7,20.38,7.7,Medium
P00343,Wind,Tamil Nadu,South,807,1758.9,26,8,Pending,Medium,2323.66,48.8,32.11,22.8,High
P00344,Transmission,Andhra Pradesh,South,819,1056.41,40,5,Complete,Low,1096.16,40.1,3.76,0.1,Low
P00345,Thermal,Karnataka,South,4790,21255.94,82,4,Complete,Medium,22913.19,85.0,7.8,3.0,Medium
P00346,Thermal,Gujarat,West,3465,10402.84,53,5,Partial,Medium,11846.44,64.5,13.88,11.5,High
P00347,Thermal,Haryana,North,3906,22671.43,44,4,Complete,Low,23415.49,45.1,3.28,1.1,Low
P00348,Wind,Tamil Nadu,South,349,469.83,21,9,Complete,High,604.7,33.2,28.71,12.2,High
P00349,Transmission,Gujarat,West,286,462.4,13,2,Complete,Medium,517.54,16.5,11.93,3.5,Medium
P00350,Solar,Madhya Pradesh,Central,390,1193.02,37,2,Complete,Medium,1297.07,40.7,8.72,3.7,Medium
P00351,Wind,Andhra Pradesh,South,841,1783.72,30,10,Complete,Low,1927.01,35.7,8.03,5.7,Medium
P00352,Wind,Rajasthan,North,705,852.86,33,4,Complete,Medium,898.04,37.3,5.3,4.3,Medium
P00353,Solar,Uttar Pradesh,North,603,1207.3,27,6,Complete,Medium,1261.44,31.8,4.48,4.8,Medium
P00354,Thermal,Punjab,North,2381,6082.81,67,9,Complete,Low,6663.23,69.7,9.54,2.7,Low
P00355,Hydro,Gujarat,West,1794,12607.57,101,5,Partial,Medium,14259.79,110.5,13.1,9.5,High
P00356,Thermal,Uttar Pradesh,North,4631,29943.19,57,4,Partial,Medium,36465.2,63.0,21.78,6.0,Medium
P00357,Transmission,Tamil Nadu,South,2808,5477.19,25,7,Complete,Medium,5882.53,28.4,7.4,3.4,Medium
P00358,Thermal,Rajasthan,North,1180,5124.36,79,2,Complete,High,5775.47,90.6,12.71,11.6,High
P00359,Transmission,Maharashtra,West,884,1619.08,57,6,Complete,High,1990.72,66.6,22.95,9.6,High
P00360,Solar,Uttar Pradesh,North,886,2017.82,36,8,Complete,Medium,2313.93,44.1,14.67,8.1,Medium
P00361,Hydro,Tamil Nadu,South,1681,8941.36,93,5,Complete,Medium,9651.19,95.8,7.94,2.8,Low
P00362,Hydro,Maharashtra,West,2856,16828.87,111,4,Partial,Medium,20295.62,118.8,20.6,7.8,Medium
P00363,Thermal,Tamil Nadu,South,2658,13206.07,57,3,Complete,Medium,14144.78,59.4,7.11,2.4,Low
P00364,Solar,Tamil Nadu,South,489,789.27,23,7,Complete,Medium,864.97,26.2,9.59,3.2,Medium
P00365,Thermal,Uttar Pradesh,North,1743,10617.9,75,8,Partial,Medium,13045.53,87.6,22.86,12.6,High
P00366,Transmission,Punjab,North,819,888.88,36,6,Complete,High,1051.39,43.6,18.28,7.6,Medium
P00367,Thermal,Uttar Pradesh,North,2976,8873.81,63,9,Complete,Low,9316.78,68.3,4.99,5.3,Medium
P00368,Solar,Maharashtra,West,769,1329.05,40,8,Pending,Low,1699.35,55.1,27.86,15.1,High
P00369,Solar,Gujarat,West,1058,1907.43,21,9,Partial,Medium,2208.03,30.5,15.76,9.5,High
P00370,Solar,Madhya Pradesh,Central,527,1173.78,46,8,Complete,High,1424.5,59.8,21.36,13.8,High
P00371,Hydro,Tamil Nadu,South,520,1769.6,83,10,Complete,Medium,1996.8,89.9,12.84,6.9,Medium
P00372,Transmission,Rajasthan,North,2530,5851.13,34,10,Complete,Medium,6744.62,41.9,15.27,7.9,Medium
P00373,Solar,Andhra Pradesh,South,1302,3999.55,41,7,Pending,Low,4668.1,52.8,16.72,11.8,High
P00374,Thermal,Madhya Pradesh,Central,4456,13215.76,53,3,Complete,Medium,14661.23,56.4,10.94,3.4,Medium
P00375,Hydro,Tamil Nadu,South,990,5880.6,57,2,Partial,Medium,6984.33,68.8,18.77,11.8,High
P00376,Thermal,Maharashtra,West,2154,9506.34,93,6,Complete,Medium,10262.32,97.0,7.95,4.0,Medium
P00377,Transmission,Maharashtra,West,1462,3089.85,40,3,Complete,Medium,3320.74,44.5,7.47,4.5,Medium
P00378,Thermal,Tamil Nadu,South,2214,6084.44,80,8,Partial,Medium,7663.98,88.2,25.96,8.2,High
P00379,Transmission,Rajasthan,North,2413,5836.94,57,8,Complete,Low,6060.83,60.8,3.84,3.8,Medium
P00380,Solar,Tamil Nadu,South,938,1517.88,17,5,Pending,Low,1721.97,24.2,13.45,7.2,Medium
P00381,Solar,Maharashtra,West,1129,2621.06,20,8,Partial,Medium,2993.06,37.1,14.19,17.1,High
P00382,Transmission,Haryana,North,247,313.33,58,2,Partial,Medium,353.6,66.9,12.85,8.9,Medium
P00383,Hydro,Madhya Pradesh,Central,1432,9217.04,49,6,Partial,Medium,10899.17,56.0,18.25,7.0,Medium
P00384,Thermal,Rajasthan,North,3462,15882.05,87,1,Pending,High,22283.29,104.9,40.3,17.9,High
P00385,Thermal,Maharashtra,West,1184,3589.93,79,7,Pending,High,4801.17,98.6,33.74,19.6,High
P00386,Transmission,Gujarat,West,1978,2701.36,32,9,Complete,Medium,3080.76,35.1,14.04,3.1,Medium
P00387,Hydro,Uttar Pradesh,North,1470,9517.91,92,5,Partial,Medium,11045.6,99.3,16.05,7.3,Medium
P00388,Solar,Andhra Pradesh,South,346,862.4,17,2,Pending,Low,1076.9,29.8,24.87,12.8,High
P00389,Transmission,Punjab,North,1872,2584.14,12,4,Complete,Medium,2718.23,16.1,5.19,4.1,Medium
P00390,Hydro,Haryana,North,627,2808.17,108,1,Complete,Low,2833.61,109.6,0.91,1.6,Low
P00391,Wind,Gujarat,West,394,866.5,17,5,Complete,Medium,903.47,19.7,4.27,2.7,Low
P00392,Thermal,Gujarat,West,3147,12906.64,44,4,Partial,Medium,15052.44,51.2,16.63,7.2,Medium
P00393,Thermal,Gujarat,West,1122,5852.65,48,4,Pending,Medium,7017.76,60.3,19.91,12.3,High
P00394,Hydro,Karnataka,South,3680,11492.97,71,8,Complete,Medium,13742.52,78.2,19.57,7.2,Medium
P00395,Transmission,Madhya Pradesh,Central,278,647.58,42,9,Complete,Medium,745.72,49.3,15.15,7.3,Medium
P00396,Hydro,Andhra Pradesh,South,3270,16799.08,119,5,Complete,Medium,18187.14,123.1,8.26,4.1,Medium
P00397,Thermal,Haryana,North,2015,12267.28,90,1,Partial,Medium,14870.68,96.4,21.22,6.4,Medium
P00398,Thermal,Maharashtra,West,2077,9728.03,80,7,Pending,Medium,13063.97,98.1,34.29,18.1,High
P00399,Hydro,Andhra Pradesh,South,3554,12793.56,63,3,Complete,Low,13078.48,63.2,2.23,0.2,Low
P00400,Hydro,Punjab,North,2326,17977.07,94,7,Complete,Medium,19410.11,99.0,7.97,5.0,Medium
P00401,Transmission,Punjab,North,1642,3409.12,38,6,Complete,Low,3548.99,39.4,4.1,1.4,Low
P00402,Solar,Gujarat,West,624,1835.04,28,3,Partial,High,2372.14,46.0,29.27,18.0,High
P00403,Solar,Punjab,North,712,1939.5,25,2,Complete,High,2181.05,31.5,12.45,6.5,Medium
P00404,Transmission,Haryana,North,1083,2671.09,43,4,Partial,High,3255.97,59.8,21.9,16.8,High
P00405,Transmission,Haryana,North,649,710.46,38,6,Complete,Medium,779.27,41.3,9.69,3.3,Medium
P00406,Hydro,Karnataka,South,3955,28737.87,78,1,Complete,Low,30075.37,79.3,4.65,1.3,Low
P00407,Solar,Madhya Pradesh,Central,374,755.18,27,3,Complete,Low,770.99,27.4,2.09,0.4,Low
P00408,Solar,Tamil Nadu,South,1415,4510.68,33,2,Complete,Low,4525.93,34.4,0.34,1.4,Low
P00409,Solar,Rajasthan,North,562,976.91,15,2,Complete,Medium,1077.55,19.2,10.3,4.2,Medium
P00410,Wind,Madhya Pradesh,Central,931,1435.39,35,1,Complete,High,1677.11,43.5,16.84,8.5,Medium
P00411,Wind,Madhya Pradesh,Central,231,281.32,13,10,Complete,High,337.27,27.2,19.89,14.2,High
P00412,Wind,Karnataka,South,523,952.93,26,10,Complete,High,1054.18,35.6,10.62,9.6,High
P00413,Hydro,Uttar Pradesh,North,3868,17238.92,97,6,Pending,High,25189.59,120.1,46.12,23.1,High
P00414,Solar,Punjab,North,1351,3966.35,30,9,Complete,High,4908.9,37.6,23.76,7.6,Medium
P00415,Transmission,Uttar Pradesh,North,1803,2377.13,39,1,Partial,Medium,2862.03,49.9,20.4,10.9,High
P00416,Transmission,Tamil Nadu,South,1329,2414.57,18,3,Partial,Low,2747.38,24.1,13.78,6.1,Medium
P00417,Solar,Uttar Pradesh,North,800,2075.27,17,3,Complete,Medium,2240.82,21.4,7.98,4.4,Medium
P00418,Wind,Rajasthan,North,597,908.86,16,2,Partial,Low,1069.35,20.8,17.66,4.8,Medium
P00419,Hydro,Madhya Pradesh,Central,2560,9549.07,76,9,Pending,High,12324.14,98.1,29.06,22.1,High
P00420,Wind,Tamil Nadu,South,966,1823.64,28,1,Complete,Low,1850.99,29.3,1.5,1.3,Low
P00421,Solar,Rajasthan,North,236,732.04,13,4,Partial,Medium,834.44,22.5,13.99,9.5,High
P00422,Hydro,Karnataka,South,3337,13383.86,75,8,Partial,Low,15584.55,84.2,16.44,9.2,High
P00423,Wind,Punjab,North,764,1247.15,29,7,Complete,Low,1301.81,30.5,4.38,1.5,Low
P00424,Thermal,Karnataka,South,1056,4024.79,44,1,Complete,Low,4125.81,45.2,2.51,1.2,Low
P00425,Hydro,Haryana,North,3376,14467.22,50,5,Pending,Low,17023.86,64.9,17.67,14.9,High
P00426,Transmission,Maharashtra,West,2597,6170.03,30,1,Complete,Medium,6697.1,34.9,8.54,4.9,Medium
P00427,Thermal,Tamil Nadu,South,4201,20974.93,81,4,Partial,High,25746.58,96.9,22.75,15.9,High
P00428,Thermal,Uttar Pradesh,North,4743,15394.26,76,10,Complete,Low,16544.41,82.8,7.47,6.8,Medium
P00429,Transmission,Andhra Pradesh,South,2606,5002.81,55,1,Pending,Medium,6328.6,64.0,26.5,9.0,High
P00430,Wind,Andhra Pradesh,South,506,933.23,24,7,Complete,Low,967.67,25.7,3.69,1.7,Low
P00431,Hydro,Madhya Pradesh,Central,3439,22368.39,113,3,Complete,Medium,23249.51,116.8,3.94,3.8,Medium
P00432,Hydro,Uttar Pradesh,North,1857,8596.28,106,3,Complete,High,10156.84,112.2,18.15,6.2,Medium
P00433,Hydro,Andhra Pradesh,South,2728,17822.08,72,9,Partial,Low,21055.52,81.8,18.14,9.8,High
P00434,Hydro,Madhya Pradesh,Central,3697,15991.03,45,6,Partial,Low,17026.8,50.3,6.48,5.3,Medium
P00435,Hydro,Rajasthan,North,2927,9619.74,77,2,Complete,Medium,10818.56,81.7,12.46,4.7,Medium
P00436,Wind,Uttar Pradesh,North,441,789.87,22,9,Partial,Medium,967.92,30.6,22.54,8.6,Medium
P00437,Wind,Karnataka,South,903,1990.85,29,7,Pending,Medium,2642.81,50.4,32.75,21.4,High
P00438,Wind,Uttar Pradesh,North,706,1639.57,17,8,Complete,Medium,1834.62,24.6,11.9,7.6,Medium
P00439,Thermal,Haryana,North,1255,7341.61,83,10,Complete,Medium,8224.03,85.7,12.02,2.7,Medium
P00440,Transmission,Madhya Pradesh,Central,1355,3273.23,13,2,Complete,Medium,3529.02,17.7,7.81,4.7,Medium
P00441,Transmission,Karnataka,South,442,950.25,22,2,Pending,High,1240.48,44.3,30.54,22.3,High
P00442,Hydro,Uttar Pradesh,North,1843,8459.74,59,2,Complete,Medium,9330.76,62.0,10.3,3.0,Medium
P00443,Transmission,Maharashtra,West,2237,3966.11,23,2,Complete,High,4286.6,33.4,8.08,10.4,High
P00444,Wind,Andhra Pradesh,South,137,249.69,34,8,Partial,High,313.5,50.6,25.56,16.6,High
P00445,Thermal,Maharashtra,West,754,3771.44,71,5,Complete,Low,3902.65,72.9,3.48,1.9,Low
P00446,Transmission,Karnataka,South,2643,3644.16,38,7,Complete,Low,3681.25,39.5,1.02,1.5,Low
P00447,Thermal,Punjab,North,4952,18358.24,68,9,Partial,High,24225.74,91.6,31.96,23.6,High
P00448,Wind,Uttar Pradesh,North,885,2063.2,18,8,Partial,High,2619.4,32.9,26.96,14.9,High
P00449,Wind,Punjab,North,853,2523.1,23,2,Partial,Medium,3114.91,29.9,23.46,6.9,Medium
P00450,Thermal,Haryana,North,933,5103.02,77,4,Complete,Medium,5401.04,78.9,5.84,1.9,Low
P00451,Hydro,Andhra Pradesh,South,3929,14767.99,84,6,Partial,Low,16093.52,92.8,8.98,8.8,Medium
P00452,Hydro,Gujarat,West,3899,20798.79,115,9,Partial,High,28183.63,130.9,35.51,15.9,High
P00453,Solar,Madhya Pradesh,Central,757,2464.41,42,10,Partial,Medium,2961.86,53.2,20.19,11.2,High
P00454,Thermal,Tamil Nadu,South,518,2272.21,42,9,Complete,Medium,2637.43,50.6,16.07,8.6,Medium
P00455,Wind,Andhra Pradesh,South,407,746.19,30,5,Complete,Medium,780.56,31.4,4.61,1.4,Low
P00456,Transmission,Andhra Pradesh,South,2844,3649.4,51,6,Complete,Low,3751.94,51.2,2.81,0.2,Low
P00457,Solar,Rajasthan,North,1451,2904.53,42,6,Pending,Medium,3393.49,63.7,16.83,21.7,High
P00458,Solar,Karnataka,South,681,1664.7,17,9,Complete,Medium,1899.8,21.6,14.12,4.6,Medium
P00459,Transmission,Madhya Pradesh,Central,2103,3101.26,56,2,Complete,High,3668.37,67.9,18.29,11.9,High
P00460,Solar,Gujarat,West,324,1100.54,18,6,Complete,High,1227.68,25.1,11.55,7.1,Medium
P00461,Thermal,Maharashtra,West,2052,6879.47,53,5,Pending,Low,7947.66,60.7,15.53,7.7,Medium
P00462,Thermal,Tamil Nadu,South,3275,8961.06,39,3,Complete,Low,9001.64,40.3,0.45,1.3,Low
P00463,Wind,Rajasthan,North,847,2193.62,14,7,Complete,Medium,2359.89,18.9,7.58,4.9,Medium
P00464,Hydro,Maharashtra,West,1488,10490.24,100,5,Complete,Medium,11281.81,102.6,7.55,2.6,Low
P00465,Wind,Gujarat,West,728,2016.95,29,8,Partial,Medium,2591.95,41.1,28.51,12.1,High
P00466,Transmission,Tamil Nadu,South,2314,5669.15,36,2,Partial,Medium,6338.98,41.8,11.82,5.8,Medium
P00467,Solar,Andhra Pradesh,South,182,531.86,23,7,Complete,Medium,569.57,28.0,7.09,5.0,Medium
P00468,Hydro,Madhya Pradesh,Central,2122,13547.61,105,2,Partial,Medium,15127.27,115.4,11.66,10.4,High
P00469,Wind,Maharashtra,West,628,831.52,27,1,Partial,Medium,940.21,34.0,13.07,7.0,Medium
P00470,Hydro,Maharashtra,West,376,1862.92,39,8,Pending,High,2589.49,63.6,39.0,24.6,High
P00471,Hydro,Uttar Pradesh,North,1908,7468.53,116,9,Pending,Medium,10505.82,137.2,40.67,21.2,High
P00472,Transmission,Tamil Nadu,South,1136,1519.67,56,8,Complete,Medium,1691.59,63.5,11.31,7.5,Medium
P00473,Transmission,Punjab,North,2029,3951.65,45,3,Complete,Low,4048.86,45.6,2.46,0.6,Low
P00474,Solar,Tamil Nadu,South,490,786.67,27,9,Partial,Low,902.55,38.6,14.73,11.6,High
P00475,Thermal,Haryana,North,3906,19825.42,64,8,Partial,Medium,22875.38,76.9,15.38,12.9,High
P00476,Wind,Gujarat,West,136,203.19,33,6,Complete,High,221.97,42.8,9.24,9.8,High
P00477,Transmission,Madhya Pradesh,Central,2807,5443.0,38,10,Partial,Low,6375.31,50.0,17.13,12.0,High
P00478,Wind,Maharashtra,West,954,2745.83,33,10,Complete,High,3510.58,41.4,27.85,8.4,High
P00479,Transmission,Madhya Pradesh,Central,2882,4385.46,13,4,Partial,Medium,5363.32,23.5,22.3,10.5,High
P00480,Hydro,Maharashtra,West,309,1026.25,99,10,Complete,Medium,1177.65,104.1,14.75,5.1,Medium
P00481,Solar,Maharashtra,West,1019,2877.27,37,5,Partial,Medium,3187.79,46.4,10.79,9.4,High
P00482,Thermal,Punjab,North,707,3066.41,56,2,Partial,High,3779.64,72.1,23.26,16.1,High
P00483,Transmission,Punjab,North,470,914.89,32,8,Complete,High,1129.35,40.4,23.44,8.4,Medium
P00484,Thermal,Tamil Nadu,South,3433,14091.06,42,7,Complete,Low,14461.26,42.2,2.63,0.2,Low
P00485,Transmission,Rajasthan,North,1196,1705.6,38,8,Pending,Medium,2342.65,61.5,37.35,23.5,High
P00486,Wind,Haryana,North,122,334.95,12,7,Partial,Low,372.85,19.3,11.32,7.3,Medium
P00487,Wind,Andhra Pradesh,South,555,1325.73,13,6,Partial,High,1525.57,30.2,15.07,17.2,High
P00488,Hydro,Madhya Pradesh,Central,1454,5944.89,99,10,Complete,Low,6443.31,103.0,8.38,4.0,Medium
P00489,Hydro,Rajasthan,North,2390,9952.91,51,9,Complete,High,12282.47,63.2,23.41,12.2,High
P00490,Solar,Andhra Pradesh,South,227,596.83,14,7,Pending,Low,758.03,23.1,27.01,9.1,High
P00491,Thermal,Gujarat,West,1175,3831.57,48,1,Complete,Low,3988.34,48.7,4.09,0.7,Low
P00492,Solar,Andhra Pradesh,South,644,1990.7,33,8,Partial,Low,2380.04,44.5,19.56,11.5,High
P00493,Wind,Karnataka,South,661,1605.44,18,7,Complete,Low,1640.04,19.0,2.15,1.0,Low
P00494,Hydro,Haryana,North,2626,20898.03,37,4,Complete,Medium,22379.13,41.1,7.09,4.1,Medium
P00495,Wind,Maharashtra,West,346,901.42,16,2,Complete,Medium,961.84,20.2,6.7,4.2,Medium
P00496,Wind,Andhra Pradesh,South,220,333.21,24,10,Partial,Low,407.27,32.6,22.23,8.6,Medium
P00497,Wind,Tamil Nadu,South,131,265.14,28,7,Complete,Medium,279.89,30.2,5.56,2.2,Low
P00498,Wind,Andhra Pradesh,South,304,461.85,27,9,Partial,Low,543.12,35.0,17.6,8.0,Medium
P00499,Transmission,Haryana,North,2381,2965.76,14,2,Complete,High,3322.39,26.0,12.02,12.0,High
P00500,Thermal,Haryana,North,4262,13494.15,79,3,Partial,Low,14378.57,84.6,6.55,5.6,Medium
P00501,Wind,Gujarat,West,894,2429.27,21,10,Partial,Low,2764.3,32.4,13.79,11.4,High
P00502,Wind,Haryana,North,175,480.56,17,10,Pending,High,736.84,31.0,53.33,14.0,High
P00503,Wind,Punjab,North,659,983.57,20,3,Pending,High,1182.36,35.9,20.21,15.9,High
P00504,Hydro,Gujarat,West,2829,19103.45,95,9,Complete,High,22332.55,104.8,16.9,9.8,High
P00505,Transmission,Karnataka,South,1405,2664.51,26,1,Partial,Low,3134.08,32.3,17.62,6.3,Medium
P00506,Solar,Andhra Pradesh,South,802,2110.63,17,2,Complete,Medium,2256.11,20.4,6.89,3.4,Medium
P00507,Transmission,Andhra Pradesh,South,2217,4982.9,17,10,Partial,Medium,6269.06,24.3,25.81,7.3,High
P00508,Thermal,Gujarat,West,725,3872.72,69,3,Partial,Low,4367.53,75.8,12.78,6.8,Medium
P00509,Hydro,Gujarat,West,714,3236.0,111,5,Pending,Low,3640.35,123.9,12.5,12.9,High
P00510,Thermal,Haryana,North,1816,6343.56,83,8,Complete,Medium,7162.36,87.4,12.91,4.4,Medium
P00511,Hydro,Andhra Pradesh,South,1315,8563.32,37,8,Complete,Medium,9835.47,41.9,14.86,4.9,Medium
P00512,Hydro,Uttar Pradesh,North,3005,22522.84,73,7,Complete,Low,23473.51,73.3,4.22,0.3,Low
P00513,Thermal,Tamil Nadu,South,2063,12563.94,94,8,Complete,Low,13871.19,100.3,10.4,6.3,Medium
P00514,Transmission,Haryana,North,1208,2933.5,46,1,Complete,High,3552.78,54.6,21.11,8.6,Medium
P00515,Hydro,Madhya Pradesh,Central,1500,4605.11,62,3,Complete,Medium,5029.9,67.0,9.22,5.0,Medium
P00516,Transmission,Uttar Pradesh,North,759,1538.23,13,9,Partial,Medium,1895.64,26.6,23.24,13.6,High
P00517,Transmission,Gujarat,West,1328,1390.43,14,5,Pending,Low,1725.42,29.8,24.09,15.8,High
P00518,Wind,Tamil Nadu,South,381,660.81,21,7,Pending,High,845.91,36.9,28.01,15.9,High
P00519,Thermal,Gujarat,West,2050,7041.26,40,6,Complete,Medium,7682.06,41.9,9.1,1.9,Low
P00520,Hydro,Andhra Pradesh,South,1664,11305.78,49,1,Complete,Low,11574.03,49.7,2.37,0.7,Low
P00521,Wind,Tamil Nadu,South,207,564.44,18,8,Complete,Medium,650.16,25.5,15.19,7.5,Medium
P00522,Hydro,Uttar Pradesh,North,1094,6589.02,69,4,Partial,High,8457.69,77.1,28.36,8.1,High
P00523,Hydro,Andhra Pradesh,South,2163,12455.77,47,3,Complete,High,13768.45,54.6,10.54,7.6,Medium
P00524,Thermal,Haryana,North,1589,4459.51,88,6,Complete,Medium,4714.53,92.4,5.72,4.4,Medium
P00525,Transmission,Andhra Pradesh,South,1244,1613.83,18,10,Complete,Low,1735.88,20.7,7.56,2.7,Low
P00526,Wind,Punjab,North,158,355.48,31,2,Complete,High,384.06,41.5,8.04,10.5,High
P00527,Hydro,Karnataka,South,3007,9079.91,98,1,Partial,Medium,10544.38,105.2,16.13,7.2,Medium
P00528,Wind,Gujarat,West,133,184.1,15,6,Pending,Medium,236.79,26.6,28.62,11.6,High
P00529,Wind,Uttar Pradesh,North,763,1774.1,14,3,Complete,Low,1790.72,14.1,0.94,0.1,Low
P00530,Transmission,Andhra Pradesh,South,1138,1370.25,33,5,Complete,Medium,1445.86,36.2,5.52,3.2,Medium
P00531,Solar,Haryana,North,420,1105.88,32,10,Complete,Medium,1186.33,41.8,7.27,9.8,High
P00532,Thermal,Gujarat,West,1269,6842.74,64,1,Complete,Low,6976.01,64.5,1.95,0.5,Low
P00533,Hydro,Punjab,North,3433,14707.49,59,6,Partial,High,17506.86,70.0,19.03,11.0,High
P00534,Thermal,Madhya Pradesh,Central,2504,15475.12,57,10,Complete,High,18306.88,62.8,18.3,5.8,Medium
P00535,Thermal,Tamil Nadu,South,1492,8523.32,65,8,Complete,Medium,9565.46,69.7,12.23,4.7,Medium
P00536,Transmission,Gujarat,West,585,1450.16,29,9,Partial,High,1959.97,50.7,35.16,21.7,High
P00537,Transmission,Madhya Pradesh,Central,2513,3346.33,30,10,Partial,Medium,3882.85,39.2,16.03,9.2,High
P00538,Wind,Tamil Nadu,South,196,453.79,32,1,Pending,Medium,567.66,52.8,25.09,20.8,High
P00539,Hydro,Punjab,North,2127,13168.52,37,9,Partial,Medium,17025.86,53.2,29.29,16.2,High
P00540,Hydro,Rajasthan,North,2382,11718.81,75,5,Complete,Medium,12556.55,79.5,7.15,4.5,Medium
P00541,Transmission,Uttar Pradesh,North,1877,4358.16,57,8,Complete,Low,4818.62,58.9,10.57,1.9,Medium
P00542,Transmission,Punjab,North,1669,2985.71,55,1,Pending,Medium,3770.82,65.9,26.3,10.9,High
P00543,Transmission,Andhra Pradesh,South,214,377.55,12,4,Complete,Low,381.2,13.9,0.97,1.9,Low
P00544,Hydro,Andhra Pradesh,South,1020,4271.18,46,6,Complete,Medium,4507.98,49.5,5.54,3.5,Medium
P00545,Transmission,Punjab,North,2950,5805.18,42,6,Partial,Medium,7065.73,49.1,21.71,7.1,Medium
P00546,Thermal,Madhya Pradesh,Central,4826,29839.56,83,10,Partial,Medium,35872.83,95.5,20.22,12.5,High
P00547,Hydro,Punjab,North,562,1854.91,77,5,Complete,High,2043.23,87.1,10.15,10.1,High
P00548,Transmission,Andhra Pradesh,South,462,535.63,24,9,Partial,High,767.4,40.1,43.27,16.1,High
P00549,Solar,Rajasthan,North,859,2049.49,38,8,Complete,High,2335.43,56.1,13.95,18.1,High
P00550,Transmission,Haryana,North,2759,2956.74,55,7,Complete,Low,3019.54,55.8,2.12,0.8,Low
P00551,Solar,Madhya Pradesh,Central,451,1395.7,17,10,Pending,Low,1658.62,37.9,18.84,20.9,High
P00552,Wind,Tamil Nadu,South,135,340.55,21,8,Complete,Low,368.2,28.1,8.12,7.1,Medium
P00553,Transmission,Uttar Pradesh,North,1913,1973.37,31,3,Complete,Low,2071.99,32.2,5.0,1.2,Low
P00554,Solar,Uttar Pradesh,North,1107,1770.3,34,8,Complete,Medium,2022.63,41.6,14.25,7.6,Medium
P00555,Wind,Maharashtra,West,901,2220.23,24,1,Partial,Medium,2807.09,34.1,26.43,10.1,High
P00556,Thermal,Karnataka,South,2310,11595.02,88,3,Complete,High,13096.34,99.1,12.95,11.1,High
P00557,Solar,Rajasthan,North,445,726.06,18,7,Complete,High,769.92,23.7,6.04,5.7,Medium
P00558,Solar,Madhya Pradesh,Central,274,949.9,35,9,Complete,High,1178.77,50.9,24.09,15.9,High
P00559,Thermal,Gujarat,West,1978,5664.02,64,2,Complete,Medium,6176.31,69.1,9.04,5.1,Medium
P00560,Transmission,Karnataka,South,1759,3962.79,49,8,Partial,Medium,4872.53,59.6,22.96,10.6,High
P00561,Hydro,Tamil Nadu,South,1821,14299.9,92,5,Complete,Medium,15909.52,95.1,11.26,3.1,Medium
P00562,Wind,Rajasthan,North,498,1065.37,31,1,Complete,Medium,1138.13,35.0,6.83,4.0,Medium
P00563,Transmission,Andhra Pradesh,South,920,1739.24,36,2,Partial,Low,1954.59,41.7,12.38,5.7,Medium
P00564,Solar,Andhra Pradesh,South,517,1243.23,47,1,Complete,Medium,1360.75,50.2,9.45,3.2,Medium
P00565,Solar,Maharashtra,West,402,1336.73,33,10,Partial,Medium,1598.81,47.0,19.61,14.0,High
P00566,Hydro,Rajasthan,North,2955,16747.17,92,7,Complete,High,18346.93,100.1,9.55,8.1,Medium
P00567,Thermal,Madhya Pradesh,Central,522,1486.13,92,5,Complete,Low,1540.26,92.4,3.64,0.4,Low
P00568,Transmission,Andhra Pradesh,South,2198,3205.9,49,6,Complete,Medium,3562.75,52.4,11.13,3.4,Medium
P00569,Wind,Gujarat,West,600,1193.16,15,4,Partial,High,1469.28,27.5,23.14,12.5,High
P00570,Wind,Uttar Pradesh,North,320,841.42,17,3,Complete,Medium,885.71,22.1,5.26,5.1,Medium
P00571,Wind,Madhya Pradesh,Central,960,2646.71,31,9,Complete,Low,2822.83,33.2,6.65,2.2,Low
P00572,Hydro,Rajasthan,North,389,1865.26,118,2,Complete,Medium,2036.71,120.3,9.19,2.3,Low
P00573,Solar,Rajasthan,North,1343,4360.21,22,8,Partial,Medium,5629.29,30.0,29.11,8.0,High
P00574,Transmission,Karnataka,South,948,970.93,50,10,Complete,Medium,1095.97,58.4,12.88,8.4,Medium
P00575,Wind,Maharashtra,West,434,798.54,21,2,Complete,Low,798.7,21.5,0.02,0.5,Low
P00576,Wind,Rajasthan,North,690,1982.96,32,3,Partial,High,2586.52,46.1,30.44,14.1,High
P00577,Hydro,Madhya Pradesh,Central,2611,11634.57,36,3,Complete,High,12621.55,43.2,8.48,7.2,Medium
P00578,Transmission,Rajasthan,North,897,1534.9,29,9,Complete,Low,1638.43,35.9,6.75,6.9,Medium
P00579,Wind,Rajasthan,North,619,868.98,14,9,Pending,Medium,1235.12,38.1,42.13,24.1,High
P00580,Thermal,Haryana,North,3534,20664.9,90,2,Pending,Low,23699.24,99.7,14.68,9.7,High
P00581,Solar,Andhra Pradesh,South,63,160.03,26,8,Complete,Low,172.3,30.4,7.67,4.4,Medium
P00582,Wind,Karnataka,South,590,1040.1,21,10,Complete,Medium,1199.86,30.1,15.36,9.1,High
P00583,Solar,Gujarat,West,792,2496.21,31,1,Complete,Medium,2728.11,33.1,9.29,2.1,Low
P00584,Solar,Rajasthan,North,958,2547.91,39,10,Complete,Medium,3012.91,46.0,18.25,7.0,Medium
P00585,Solar,Tamil Nadu,South,609,1494.66,12,4,Partial,High,1981.07,30.9,32.54,18.9,High
P00586,Wind,Gujarat,West,399,620.46,21,1,Complete,High,739.73,33.2,19.22,12.2,High
P00587,Wind,Maharashtra,West,215,497.6,32,4,Partial,Medium,601.74,39.4,20.93,7.4,Medium
P00588,Transmission,Uttar Pradesh,North,2855,3826.09,59,7,Pending,Medium,4981.73,71.9,30.2,12.9,High
P00589,Wind,Punjab,North,839,2324.95,21,9,Complete,Medium,2575.03,28.1,10.76,7.1,Medium
P00590,Wind,Punjab,North,876,1736.6,13,6,Complete,Medium,1829.64,16.5,5.36,3.5,Medium
P00591,Hydro,Andhra Pradesh,South,3090,23665.25,73,1,Complete,Medium,26020.64,77.0,9.95,4.0,Medium
P00592,Wind,Rajasthan,North,359,502.94,19,10,Partial,Medium,642.06,31.8,27.66,12.8,High
P00593,Hydro,Haryana,North,2849,21415.02,111,5,Complete,High,25605.55,120.8,19.57,9.8,High
P00594,Thermal,Punjab,North,1369,5678.32,79,5,Pending,High,7735.1,100.5,36.22,21.5,High
P00595,Wind,Madhya Pradesh,Central,525,780.18,35,3,Complete,Low,802.39,35.8,2.85,0.8,Low
P00596,Transmission,Andhra Pradesh,South,1836,4224.14,59,4,Complete,Low,4410.47,59.3,4.41,0.3,Low
P00597,Hydro,Gujarat,West,2868,15397.91,43,4,Complete,High,18009.19,53.4,16.96,10.4,High
P00598,Hydro,Rajasthan,North,1430,6571.16,65,2,Complete,Low,6847.99,65.7,4.21,0.7,Low
P00599,Thermal,Andhra Pradesh,South,1057,5082.33,81,8,Partial,Low,5933.69,88.1,16.75,7.1,Medium
P00600,Solar,Punjab,North,607,1305.9,34,5,Complete,Medium,1417.18,35.8,8.52,1.8,Low
P00601,Hydro,Uttar Pradesh,North,409,3125.8,117,9,Complete,Medium,3605.94,124.1,15.36,7.1,Medium
P00602,Transmission,Maharashtra,West,2258,2258.82,23,4,Complete,Low,2277.65,24.2,0.83,1.2,Low
P00603,Hydro,Karnataka,South,3571,15022.3,63,3,Pending,Low,19660.45,78.0,30.88,15.0,High
P00604,Transmission,Tamil Nadu,South,516,518.25,52,10,Complete,Medium,586.06,63.0,13.09,11.0,High
P00605,Solar,Karnataka,South,1084,3026.63,36,3,Partial,Low,3474.83,42.1,14.81,6.1,Medium
P00606,Hydro,Maharashtra,West,3450,15055.69,85,1,Complete,Medium,15822.89,87.8,5.1,2.8,Low
P00607,Transmission,Punjab,North,2770,5266.98,30,8,Complete,Low,5602.7,34.8,6.37,4.8,Medium
P00608,Transmission,Andhra Pradesh,South,2240,2853.62,43,1,Partial,Medium,3345.76,50.5,17.25,7.5,Medium
P00609,Hydro,Uttar Pradesh,North,1138,3630.08,62,9,Pending,Medium,4894.13,81.5,34.82,19.5,High
P00610,Transmission,Madhya Pradesh,Central,1965,2528.59,26,7,Complete,Low,2640.04,26.8,4.41,0.8,Low
P00611,Transmission,Madhya Pradesh,Central,1877,3815.19,32,4,Partial,Medium,4597.65,37.2,20.51,5.2,Medium
P00612,Hydro,Andhra Pradesh,South,2365,12794.59,51,6,Complete,Medium,14077.88,54.6,10.03,3.6,Medium
P00613,Wind,Haryana,North,414,963.49,18,9,Complete,High,1131.09,35.7,17.39,17.7,High
P00614,Transmission,Karnataka,South,452,659.6,30,1,Complete,Low,686.66,31.2,4.1,1.2,Low
P00615,Hydro,Uttar Pradesh,North,343,1522.44,119,2,Complete,High,1776.13,128.5,16.66,9.5,High
P00616,Hydro,Uttar Pradesh,North,1713,7386.59,48,3,Complete,Medium,8010.2,52.3,8.44,4.3,Medium
P00617,Thermal,Tamil Nadu,South,1424,4890.73,79,4,Complete,High,5648.4,88.2,15.49,9.2,High
P00618,Hydro,Haryana,North,3317,18325.31,96,7,Pending,Low,21335.17,111.7,16.42,15.7,High
P00619,Wind,Madhya Pradesh,Central,699,942.9,28,9,Complete,Medium,1098.62,38.7,16.51,10.7,High
P00620,Transmission,Punjab,North,2153,2629.2,47,5,Partial,High,3195.6,62.7,21.54,15.7,High
P00621,Transmission,Haryana,North,1748,4232.16,29,1,Complete,Low,4347.25,29.7,2.72,0.7,Low
P00622,Thermal,Haryana,North,3433,20512.88,93,9,Complete,High,24591.54,103.1,19.88,10.1,High
P00623,Wind,Rajasthan,North,937,1668.24,12,2,Pending,Medium,2322.9,33.7,39.24,21.7,High
P00624,Hydro,Uttar Pradesh,North,484,3073.29,112,6,Partial,Low,3405.39,116.9,10.81,4.9,Medium
P00625,Transmission,Andhra Pradesh,South,903,1069.99,18,10,Complete,High,1331.55,27.9,24.45,9.9,High
P00626,Hydro,Rajasthan,North,2504,10113.95,65,9,Partial,Low,12118.02,72.6,19.81,7.6,Medium
P00627,Wind,Andhra Pradesh,South,692,1027.85,22,2,Partial,Low,1192.61,24.8,16.03,2.8,Medium
P00628,Thermal,Gujarat,West,1476,3874.28,81,10,Partial,Medium,5136.22,87.9,32.57,6.9,High
P00629,Solar,Haryana,North,588,1755.57,42,9,Complete,Low,1907.82,49.6,8.67,7.6,Medium
P00630,Thermal,Madhya Pradesh,Central,4707,21352.49,89,6,Complete,Medium,22791.38,92.3,6.74,3.3,Medium
P00631,Hydro,Karnataka,South,2961,9507.78,39,5,Complete,Medium,10354.94,44.5,8.91,5.5,Medium
P00632,Thermal,Rajasthan,North,3999,18645.11,72,2,Complete,Medium,19840.56,76.9,6.41,4.9,Medium
P00633,Wind,Andhra Pradesh,South,413,717.18,21,9,Complete,Low,783.74,25.9,9.28,4.9,Medium
P00634,Wind,Madhya Pradesh,Central,819,1996.22,22,1,Pending,Low,2262.61,31.6,13.34,9.6,High
P00635,Thermal,Karnataka,South,3166,18205.93,52,10,Partial,Low,21111.77,59.9,15.96,7.9,Medium
P00636,Thermal,Maharashtra,West,4811,15408.96,52,7,Complete,Medium,16440.9,56.3,6.7,4.3,Medium
P00637,Thermal,Maharashtra,West,2148,6108.14,45,8,Complete,Low,6700.64,48.9,9.7,3.9,Medium
P00638,Thermal,Maharashtra,West,3133,16150.42,91,7,Complete,Medium,16809.76,95.1,4.08,4.1,Medium
P00639,Transmission,Maharashtra,West,2432,2451.86,47,10,Partial,Medium,3235.49,59.4,31.96,12.4,High
P00640,Wind,Haryana,North,171,287.65,35,9,Complete,Low,314.93,42.9,9.48,7.9,Medium
P00641,Solar,Haryana,North,940,2102.4,27,1,Complete,High,2381.31,38.6,13.27,11.6,High
P00642,Solar,Rajasthan,North,766,2457.12,35,10,Partial,Low,2959.89,39.8,20.46,4.8,Medium
P00643,Wind,Rajasthan,North,297,870.37,14,7,Complete,Medium,948.61,16.4,8.99,2.4,Low
P00644,Solar,Karnataka,South,1186,2283.88,19,4,Partial,High,2682.14,37.6,17.44,18.6,High
P00645,Solar,Rajasthan,North,249,790.29,32,7,Pending,Medium,1030.12,49.6,30.35,17.6,High
P00646,Wind,Haryana,North,155,342.34,35,2,Complete,Medium,373.59,37.9,9.13,2.9,Low
P00647,Transmission,Maharashtra,West,2962,3622.38,44,5,Partial,Medium,4161.99,51.1,14.9,7.1,Medium
P00648,Wind,Uttar Pradesh,North,578,1504.62,17,4,Partial,Medium,1843.17,25.0,22.5,8.0,Medium
P00649,Solar,Tamil Nadu,South,903,2390.47,43,8,Complete,Medium,2757.86,48.0,15.37,5.0,Medium
P00650,Thermal,Uttar Pradesh,North,4053,16085.05,55,8,Complete,Medium,18542.67,63.0,15.28,8.0,Medium
P00651,Hydro,Karnataka,South,1401,4212.0,108,1,Complete,Medium,4513.25,112.0,7.15,4.0,Medium
P00652,Solar,Madhya Pradesh,Central,566,1669.6,29,1,Complete,High,2020.36,34.6,21.01,5.6,Medium
P00653,Hydro,Gujarat,West,789,4656.0,68,2,Partial,High,5882.98,86.4,26.35,18.4,High
P00654,Hydro,Tamil Nadu,South,2688,12372.01,52,5,Pending,Medium,15219.68,70.4,23.02,18.4,High
P00655,Thermal,Haryana,North,3600,19809.63,71,1,Partial,High,24829.6,83.4,25.34,12.4,High
P00656,Wind,Haryana,North,894,1608.17,13,7,Complete,Low,1663.58,14.0,3.45,1.0,Low
P00657,Thermal,Rajasthan,North,2471,12026.93,91,2,Complete,Low,12515.41,92.5,4.06,1.5,Low
P00658,Solar,Tamil Nadu,South,1446,4104.86,18,7,Partial,Medium,4792.02,28.2,16.74,10.2,High
P00659,Transmission,Punjab,North,526,1304.21,47,10,Pending,Medium,1876.28,61.8,43.86,14.8,High
P00660,Wind,Rajasthan,North,877,1535.83,12,10,Partial,Low,1834.38,23.4,19.44,11.4,High
P00661,Solar,Tamil Nadu,South,1150,4017.37,25,7,Complete,Low,4023.61,26.1,0.16,1.1,Low
P00662,Thermal,Maharashtra,West,4818,13817.73,48,7,Complete,Medium,14436.51,53.7,4.48,5.7,Medium
P00663,Transmission,Maharashtra,West,1429,2302.22,12,8,Complete,Medium,2657.93,20.3,15.45,8.3,Medium
P00664,Thermal,Punjab,North,1660,9529.33,51,6,Partial,Medium,10856.52,61.6,13.93,10.6,High
P00665,Hydro,Gujarat,West,2060,10760.99,96,2,Pending,Low,13990.93,109.9,30.02,13.9,High
P00666,Wind,Uttar Pradesh,North,394,1098.11,17,2,Complete,Medium,1175.03,20.8,7.01,3.8,Medium
P00667,Solar,Gujarat,West,337,1036.57,24,7,Partial,Medium,1184.72,30.2,14.29,6.2,Medium
P00668,Hydro,Andhra Pradesh,South,677,4171.92,60,8,Complete,Medium,4787.92,68.9,14.77,8.9,Medium
P00669,Wind,Maharashtra,West,908,2278.02,14,6,Pending,Medium,3036.58,27.9,33.3,13.9,High
P00670,Transmission,Karnataka,South,1794,3730.07,41,2,Complete,Low,3771.68,41.1,1.12,0.1,Low
P00671,Thermal,Gujarat,West,4820,20909.2,66,5,Partial,Medium,25149.95,77.0,20.28,11.0,High
P00672,Transmission,Maharashtra,West,1985,4752.83,22,9,Complete,Medium,5280.46,28.2,11.1,6.2,Medium
P00673,Solar,Haryana,North,1391,2744.63,24,3,Complete,Medium,3061.48,25.6,11.54,1.6,Medium
P00674,Transmission,Tamil Nadu,South,2445,5004.88,26,8,Partial,Low,5993.07,36.6,19.74,10.6,High
P00675,Wind,Punjab,North,477,917.79,23,10,Complete,High,1126.74,38.0,22.77,15.0,High
P00676,Transmission,Gujarat,West,2515,3975.15,15,9,Complete,Low,4427.87,17.6,11.39,2.6,Medium
P00677,Hydro,Gujarat,West,3026,16367.69,97,1,Partial,High,20959.18,109.5,28.05,12.5,High
P00678,Thermal,Maharashtra,West,806,4535.16,58,1,Pending,Low,5615.65,75.4,23.82,17.4,High
P00679,Hydro,Maharashtra,West,1650,5356.72,36,1,Complete,Medium,5659.97,39.2,5.66,3.2,Medium
P00680,Thermal,Uttar Pradesh,North,1415,5326.09,52,4,Partial,Low,5810.35,58.6,9.09,6.6,Medium
P00681,Transmission,Punjab,North,1714,2388.91,30,6,Pending,Low,2795.19,39.0,17.01,9.0,Medium
P00682,Thermal,Andhra Pradesh,South,1926,6963.43,71,3,Complete,Medium,7376.69,75.8,5.93,4.8,Medium
P00683,Thermal,Madhya Pradesh,Central,977,3396.3,42,4,Complete,Low,3475.85,43.2,2.34,1.2,Low
P00684,Transmission,Madhya Pradesh,Central,609,638.96,37,3,Pending,High,885.65,60.8,38.61,23.8,High
P00685,Transmission,Haryana,North,2509,3527.11,16,3,Partial,Low,4057.34,22.3,15.03,6.3,Medium
P00686,Transmission,Haryana,North,760,1072.37,13,2,Complete,Low,1083.6,13.9,1.05,0.9,Low
P00687,Solar,Gujarat,West,261,775.4,29,10,Complete,High,846.62,44.6,9.19,15.6,High
P00688,Wind,Haryana,North,639,1282.29,24,4,Complete,Medium,1409.88,27.3,9.95,3.3,Medium
P00689,Transmission,Andhra Pradesh,South,2861,3933.25,43,4,Partial,Medium,4560.24,51.3,15.94,8.3,Medium
P00690,Thermal,Gujarat,West,2790,9716.25,64,9,Partial,Low,11626.41,75.9,19.66,11.9,High
P00691,Wind,Andhra Pradesh,South,832,1151.55,12,5,Partial,Low,1273.89,15.3,10.62,3.3,Medium
P00692,Thermal,Rajasthan,North,1958,7529.0,39,5,Complete,Medium,8349.82,41.0,10.9,2.0,Medium
P00693,Transmission,Punjab,North,677,1165.58,27,1,Complete,Low,1173.15,28.4,0.65,1.4,Low
P00694,Wind,Madhya Pradesh,Central,602,993.26,13,10,Complete,Medium,1123.4,18.9,13.1,5.9,Medium
P00695,Solar,Madhya Pradesh,Central,1168,3738.48,27,4,Complete,Medium,3918.83,30.1,4.82,3.1,Medium
P00696,Hydro,Tamil Nadu,South,173,684.26,98,1,Complete,High,842.54,110.0,23.13,12.0,High
P00697,Wind,Maharashtra,West,362,756.83,13,10,Partial,Medium,919.54,24.4,21.5,11.4,High
P00698,Solar,Gujarat,West,1480,4081.56,22,7,Partial,Low,4666.75,29.5,14.34,7.5,Medium
P00699,Hydro,Gujarat,West,492,2871.14,40,5,Partial,Low,3257.66,45.7,13.46,5.7,Medium
P00700,Wind,Andhra Pradesh,South,622,1468.38,17,1,Partial,Low,1617.95,22.0,10.19,5.0,Medium
P00701,Wind,Tamil Nadu,South,921,2590.01,35,3,Complete,Medium,2819.0,39.7,8.84,4.7,Medium
P00702,Wind,Haryana,North,144,359.94,28,7,Complete,High,413.32,38.8,14.83,10.8,High
P00703,Wind,Punjab,North,964,1674.67,17,1,Complete,Medium,1728.86,18.6,3.24,1.6,Low
P00704,Hydro,Karnataka,South,1517,6741.62,68,8,Complete,High,8452.76,77.3,25.38,9.3,High
P00705,Solar,Uttar Pradesh,North,513,1546.94,24,8,Partial,Medium,1895.83,35.9,22.55,11.9,High
P00706,Wind,Tamil Nadu,South,824,2117.16,16,1,Complete,Low,2190.06,18.0,3.44,2.0,Low
P00707,Transmission,Andhra Pradesh,South,1440,3321.96,45,7,Complete,Medium,3611.59,49.4,8.72,4.4,Medium
P00708,Hydro,Uttar Pradesh,North,1303,5231.5,56,7,Partial,Medium,6207.57,65.3,18.66,9.3,High
P00709,Solar,Gujarat,West,1257,1946.91,24,6,Partial,Medium,2321.92,34.0,19.26,10.0,High
P00710,Wind,Tamil Nadu,South,469,911.32,27,8,Complete,Low,980.76,30.8,7.62,3.8,Medium
P00711,Thermal,Maharashtra,West,2994,14630.57,47,4,Complete,High,16493.76,52.8,12.73,5.8,Medium
P00712,Transmission,Haryana,North,787,980.07,42,1,Complete,Low,996.51,44.0,1.68,2.0,Low
P00713,Hydro,Madhya Pradesh,Central,2793,16587.56,46,10,Partial,High,22647.96,65.7,36.54,19.7,High
P00714,Wind,Gujarat,West,858,1060.92,21,9,Partial,Low,1287.24,35.1,21.33,14.1,High
P00715,Wind,Gujarat,West,715,895.54,29,3,Complete,Low,934.36,30.5,4.33,1.5,Low
P00716,Thermal,Tamil Nadu,South,4044,21372.08,43,9,Complete,Low,24225.54,48.6,13.35,5.6,Medium
P00717,Transmission,Karnataka,South,2000,3698.89,15,8,Complete,Medium,4034.43,18.6,9.07,3.6,Medium
P00718,Solar,Uttar Pradesh,North,157,509.3,45,5,Partial,Low,566.52,50.0,11.24,5.0,Medium
P00719,Hydro,Haryana,North,280,1498.66,94,9,Pending,High,2217.99,123.4,48.0,29.4,High
P00720,Hydro,Rajasthan,North,3392,17588.09,65,9,Partial,Medium,20699.71,77.7,17.69,12.7,High
P00721,Thermal,Rajasthan,North,2450,10941.84,79,9,Complete,High,13408.53,89.4,22.54,10.4,High
P00722,Hydro,Punjab,North,403,3137.02,88,6,Pending,Medium,3798.47,97.5,21.09,9.5,High
P00723,Hydro,Rajasthan,North,1319,10424.38,82,3,Complete,Low,10449.38,83.6,0.24,1.6,Low
P00724,Hydro,Haryana,North,2278,11142.54,119,10,Complete,Low,12416.49,121.8,11.43,2.8,Medium
P00725,Solar,Uttar Pradesh,North,60,95.55,36,8,Complete,Medium,105.27,44.4,10.17,8.4,Medium
P00726,Transmission,Haryana,North,2495,4052.69,55,1,Partial,High,5177.1,66.2,27.74,11.2,High
P00727,Solar,Punjab,North,1129,3362.04,46,8,Pending,Medium,4494.74,68.8,33.69,22.8,High
P00728,Hydro,Uttar Pradesh,North,410,1681.26,53,4,Complete,High,1988.53,62.1,18.28,9.1,High
P00729,Transmission,Uttar Pradesh,North,2960,4060.82,20,8,Pending,Medium,5323.44,35.7,31.09,15.7,High
P00730,Transmission,Rajasthan,North,1879,2817.81,35,5,Complete,Low,2940.26,36.1,4.35,1.1,Low
P00731,Wind,Uttar Pradesh,North,782,1910.85,17,1,Partial,High,2451.18,29.5,28.28,12.5,High
P00732,Transmission,Haryana,North,1400,3338.93,31,5,Complete,Medium,3589.62,34.8,7.51,3.8,Medium
P00733,Solar,Tamil Nadu,South,582,1664.57,36,7,Complete,Medium,1761.01,38.7,5.79,2.7,Low
P00734,Thermal,Karnataka,South,1095,5952.9,68,8,Partial,Low,7207.2,81.3,21.07,13.3,High
P00735,Transmission,Rajasthan,North,2418,3889.18,55,10,Partial,Medium,5128.3,69.3,31.86,14.3,High
P00736,Transmission,Karnataka,South,2402,3390.71,27,9,Complete,Low,3523.01,33.1,3.9,6.1,Medium
P00737,Wind,Karnataka,South,442,579.36,29,3,Complete,Low,579.9,30.6,0.09,1.6,Low
P00738,Wind,Haryana,North,666,1414.28,26,3,Partial,Low,1618.18,33.1,14.42,7.1,Medium
P00739,Transmission,Rajasthan,North,1644,2548.54,12,3,Complete,Medium,2832.98,16.1,11.16,4.1,Medium
P00740,Hydro,Haryana,North,795,4930.0,55,9,Complete,High,6070.22,68.3,23.13,13.3,High
P00741,Transmission,Rajasthan,North,159,201.93,14,3,Partial,High,249.59,24.4,23.6,10.4,High
P00742,Transmission,Rajasthan,North,2825,4559.2,57,3,Partial,High,5685.45,70.7,24.7,13.7,High
P00743,Transmission,Haryana,North,1564,2728.55,48,7,Partial,Medium,3313.11,56.9,21.42,8.9,Medium
P00744,Thermal,Tamil Nadu,South,2410,9830.88,45,2,Complete,Medium,10415.71,48.7,5.95,3.7,Medium
P00745,Transmission,Madhya Pradesh,Central,634,658.22,30,10,Complete,Medium,746.28,35.2,13.38,5.2,Medium
P00746,Transmission,Madhya Pradesh,Central,2167,5413.92,54,1,Complete,Medium,5722.14,55.7,5.69,1.7,Low
P00747,Thermal,Andhra Pradesh,South,2843,16099.37,37,10,Complete,Medium,17740.38,45.3,10.19,8.3,Medium
P00748,Solar,Rajasthan,North,1287,3856.39,24,6,Complete,Medium,4255.54,26.9,10.35,2.9,Medium
P00749,Wind,Maharashtra,West,594,746.61,16,9,Partial,Medium,953.84,31.7,27.76,15.7,High
P00750,Hydro,Punjab,North,2733,11643.54,99,4,Complete,High,12610.29,107.5,8.3,8.5,Medium
P00751,Thermal,Maharashtra,West,3082,11183.41,50,2,Partial,Low,12625.46,59.1,12.89,9.1,High
P00752,Hydro,Gujarat,West,3343,13313.21,116,6,Pending,Low,16172.27,122.7,21.48,6.7,Medium
P00753,Transmission,Haryana,North,1021,1925.17,32,1,Complete,Low,1976.96,33.8,2.69,1.8,Low
P00754,Hydro,Uttar Pradesh,North,3513,17765.43,41,5,Complete,Low,18012.87,42.5,1.39,1.5,Low
P00755,Wind,Tamil Nadu,South,165,289.73,24,3,Complete,Low,291.43,24.4,0.59,0.4,Low
P00756,Hydro,Andhra Pradesh,South,360,2816.32,67,6,Partial,Medium,3250.31,75.2,15.41,8.2,Medium
P00757,Thermal,Punjab,North,4345,19218.56,85,6,Partial,High,22202.32,95.9,15.53,10.9,High
P00758,Hydro,Rajasthan,North,1668,10919.68,71,7,Partial,Medium,12457.59,77.3,14.08,6.3,Medium
P00759,Hydro,Uttar Pradesh,North,1339,5771.85,86,8,Partial,Medium,7442.08,98.0,28.94,12.0,High
P00760,Transmission,Haryana,North,2853,2934.5,29,5,Pending,Medium,3924.67,43.8,33.74,14.8,High
P00761,Thermal,Punjab,North,1642,6864.03,63,9,Complete,Low,7740.65,69.2,12.77,6.2,Medium
P00762,Transmission,Punjab,North,102,171.16,40,7,Partial,Medium,203.78,48.9,19.06,8.9,Medium
P00763,Transmission,Rajasthan,North,1744,2902.66,44,1,Complete,High,3451.85,51.2,18.92,7.2,Medium
P00764,Thermal,Gujarat,West,1106,6520.05,79,7,Partial,Medium,7453.87,86.9,14.32,7.9,Medium
P00765,Thermal,Tamil Nadu,South,1957,9641.9,94,8,Complete,Low,10062.62,99.4,4.36,5.4,Medium
P00766,Solar,Haryana,North,529,1432.4,24,3,Complete,High,1672.04,34.8,16.73,10.8,High
P00767,Wind,Madhya Pradesh,Central,703,1051.36,34,4,Partial,Low,1198.55,36.7,14.0,2.7,Medium
P00768,Solar,Gujarat,West,285,691.05,46,6,Partial,Low,801.25,53.0,15.95,7.0,Medium
P00769,Solar,Madhya Pradesh,Central,1353,4091.17,15,2,Partial,High,5009.64,24.9,22.45,9.9,High
P00770,Solar,Haryana,North,174,540.67,20,7,Complete,Medium,588.17,23.5,8.79,3.5,Medium
P00771,Transmission,Tamil Nadu,South,1612,3289.72,33,7,Complete,Low,3414.68,34.5,3.8,1.5,Low
P00772,Wind,Maharashtra,West,733,1787.65,32,1,Complete,Medium,1957.9,34.4,9.52,2.4,Low
P00773,Transmission,Karnataka,South,2768,6827.46,24,4,Pending,High,8975.13,44.7,31.46,20.7,High
P00774,Thermal,Haryana,North,3886,11554.7,68,6,Pending,Medium,14002.4,87.9,21.18,19.9,High
P00775,Hydro,Madhya Pradesh,Central,749,3267.73,86,7,Partial,Low,3837.7,91.2,17.44,5.2,Medium
P00776,Transmission,Madhya Pradesh,Central,1301,1850.37,37,6,Partial,Low,2097.84,44.0,13.37,7.0,Medium
P00777,Thermal,Andhra Pradesh,South,2356,7259.18,43,5,Pending,Low,8727.36,55.9,20.23,12.9,High
P00778,Thermal,Andhra Pradesh,South,4629,28747.23,83,7,Complete,High,33160.68,95.1,15.35,12.1,High
P00779,Hydro,Madhya Pradesh,Central,2034,14773.61,99,8,Complete,Low,15597.92,104.5,5.58,5.5,Medium
P00780,Hydro,Karnataka,South,1550,8657.92,99,8,Partial,Medium,10757.48,109.1,24.25,10.1,High
P00781,Transmission,Haryana,North,1072,2445.26,43,3,Partial,Medium,2927.89,50.9,19.74,7.9,Medium
P00782,Hydro,Madhya Pradesh,Central,1273,6226.22,105,3,Complete,Low,6335.47,106.9,1.75,1.9,Low
P00783,Transmission,Rajasthan,North,1449,1932.93,56,7,Partial,High,2386.5,70.3,23.47,14.3,High
P00784,Thermal,Gujarat,West,4848,21192.53,84,7,Pending,Medium,28521.63,101.1,34.58,17.1,High
P00785,Transmission,Madhya Pradesh,Central,529,742.1,57,1,Partial,Medium,922.68,64.0,24.33,7.0,Medium
P00786,Transmission,Punjab,North,1225,1980.3,42,9,Complete,High,2486.55,55.3,25.56,13.3,High
P00787,Transmission,Andhra Pradesh,South,658,1255.09,48,2,Pending,Medium,1761.09,66.1,40.32,18.1,High
P00788,Solar,Karnataka,South,1097,1715.46,28,5,Partial,Medium,1921.22,33.7,11.99,5.7,Medium
P00789,Wind,Rajasthan,North,83,168.25,35,3,Complete,Medium,185.53,39.3,10.27,4.3,Medium
P00790,Wind,Haryana,North,687,1079.17,35,4,Complete,Medium,1140.64,40.4,5.7,5.4,Medium
P00791,Hydro,Rajasthan,North,2648,10088.45,102,6,Partial,Medium,11430.73,110.3,13.31,8.3,Medium
P00792,Hydro,Maharashtra,West,2985,21589.82,79,10,Partial,Medium,28272.21,90.7,30.95,11.7,High
P00793,Hydro,Tamil Nadu,South,2303,9482.92,102,10,Partial,Low,10574.31,112.4,11.51,10.4,High
P00794,Thermal,Karnataka,South,658,2932.57,81,5,Complete,Medium,3063.2,84.2,4.45,3.2,Medium
P00795,Hydro,Andhra Pradesh,South,3383,16186.59,62,9,Complete,Low,17563.69,64.8,8.51,2.8,Low
P00796,Solar,Maharashtra,West,572,1506.15,16,10,Complete,Medium,1689.96,22.9,12.2,6.9,Medium
P00797,Solar,Tamil Nadu,South,1422,3593.05,21,9,Partial,Medium,4440.34,35.2,23.58,14.2,High
P00798,Solar,Karnataka,South,375,1163.56,23,4,Complete,Medium,1217.24,25.2,4.61,2.2,Low
P00799,Wind,Gujarat,West,445,1239.42,18,4,Complete,Medium,1354.91,20.0,9.32,2.0,Low
P00800,Solar,Punjab,North,588,1175.85,38,6,Complete,High,1434.21,48.7,21.97,10.7,High
P00801,Wind,Uttar Pradesh,North,256,627.77,27,1,Complete,Medium,678.59,31.4,8.1,4.4,Medium
P00802,Wind,Uttar Pradesh,North,671,1220.51,35,9,Complete,Medium,1389.24,41.2,13.82,6.2,Medium
P00803,Hydro,Andhra Pradesh,South,715,5278.2,36,10,Complete,Medium,6207.68,44.5,17.61,8.5,Medium
P00804,Transmission,Punjab,North,1659,2367.86,30,2,Partial,High,2901.0,45.2,22.52,15.2,High
P00805,Wind,Maharashtra,West,159,454.85,24,4,Complete,Low,477.28,25.4,4.93,1.4,Low
P00806,Wind,Madhya Pradesh,Central,568,1614.52,14,10,Complete,Low,1705.81,19.6,5.65,5.6,Medium
P00807,Solar,Uttar Pradesh,North,1161,2964.08,30,10,Complete,High,3249.25,35.8,9.62,5.8,Medium
P00808,Thermal,Haryana,North,809,4193.77,84,1,Complete,Medium,4389.89,87.8,4.68,3.8,Medium
P00809,Transmission,Madhya Pradesh,Central,2090,4021.45,43,1,Pending,Low,5073.75,51.0,26.17,8.0,High
P00810,Transmission,Gujarat,West,543,696.83,22,6,Complete,Low,722.11,22.5,3.63,0.5,Low
P00811,Wind,Madhya Pradesh,Central,431,886.41,26,9,Partial,Low,1064.88,34.1,20.13,8.1,Medium
P00812,Transmission,Andhra Pradesh,South,1532,3428.29,38,1,Pending,Low,4190.78,50.4,22.24,12.4,High
P00813,Solar,Haryana,North,79,264.77,15,5,Partial,Medium,327.67,23.1,23.76,8.1,Medium
P00814,Hydro,Rajasthan,North,2412,11742.03,82,3,Complete,Medium,12932.72,84.8,10.14,2.8,Medium
P00815,Thermal,Karnataka,South,3058,11266.45,82,5,Complete,High,12506.42,86.8,11.01,4.8,Medium
P00816,Transmission,Punjab,North,1886,3968.19,59,1,Complete,Medium,4161.98,61.7,4.88,2.7,Low
P00817,Hydro,Gujarat,West,1844,11283.18,110,4,Complete,Medium,12102.21,113.6,7.26,3.6,Medium
P00818,Hydro,Uttar Pradesh,North,3224,15529.58,112,2,Pending,High,20022.25,137.0,28.93,25.0,High
P00819,Solar,Haryana,North,353,948.27,30,4,Complete,Medium,1004.05,32.1,5.88,2.1,Low
P00820,Wind,Andhra Pradesh,South,893,2605.78,26,1,Pending,Medium,3524.21,37.7,35.25,11.7,High
P00821,Transmission,Andhra Pradesh,South,690,1558.05,42,5,Partial,Medium,1839.17,51.4,18.04,9.4,High
P00822,Wind,Rajasthan,North,733,1381.17,33,10,Partial,Medium,1674.94,45.2,21.27,12.2,High
P00823,Hydro,Uttar Pradesh,North,1191,5690.73,75,10,Complete,Low,6081.15,82.0,6.86,7.0,Medium
P00824,Transmission,Andhra Pradesh,South,2523,3232.03,23,9,Partial,Medium,3750.96,38.0,16.06,15.0,High
P00825,Transmission,Punjab,North,1880,4427.61,54,1,Pending,Medium,5945.17,67.8,34.27,13.8,High
P00826,Solar,Karnataka,South,948,2488.77,30,6,Complete,High,2989.22,37.3,20.11,7.3,Medium
P00827,Transmission,Madhya Pradesh,Central,557,723.19,14,6,Complete,Medium,763.79,16.9,5.61,2.9,Low
P00828,Thermal,Madhya Pradesh,Central,4345,13682.15,90,8,Partial,High,18232.27,110.9,33.26,20.9,High
P00829,Transmission,Madhya Pradesh,Central,1574,3503.55,32,9,Complete,Low,3789.2,33.8,8.15,1.8,Low
P00830,Hydro,Rajasthan,North,1951,9683.78,118,3,Partial,Medium,11433.04,124.5,18.06,6.5,Medium
P00831,Thermal,Gujarat,West,4178,18939.91,52,4,Complete,High,21222.66,58.6,12.05,6.6,Medium
P00832,Hydro,Rajasthan,North,1725,7545.07,70,3,Complete,High,8344.75,80.8,10.6,10.8,High
P00833,Hydro,Rajasthan,North,971,3916.82,42,5,Partial,Medium,4956.41,53.2,26.54,11.2,High
P00834,Wind,Uttar Pradesh,North,698,1651.33,19,10,Complete,Medium,1867.4,26.0,13.08,7.0,Medium
P00835,Wind,Karnataka,South,671,1001.97,35,8,Complete,Low,1088.28,38.6,8.61,3.6,Medium
P00836,Transmission,Uttar Pradesh,North,2422,4618.56,34,5,Partial,Medium,5568.82,42.9,20.57,8.9,Medium
P00837,Transmission,Haryana,North,431,654.16,15,2,Complete,Medium,688.97,19.5,5.32,4.5,Medium
P00838,Solar,Haryana,North,998,3343.83,20,7,Pending,High,4480.63,49.0,34.0,29.0,High
P00839,Hydro,Gujarat,West,2972,11668.18,54,7,Complete,Medium,12957.84,56.9,11.05,2.9,Medium
P00840,Thermal,Haryana,North,1325,5600.25,92,2,Partial,Low,5950.6,96.5,6.26,4.5,Medium
P00841,Transmission,Gujarat,West,1665,3443.29,12,9,Complete,Low,3820.55,16.9,10.96,4.9,Medium
P00842,Solar,Tamil Nadu,South,1275,2689.77,18,10,Partial,Low,2984.72,27.2,10.97,9.2,High
P00843,Thermal,Haryana,North,589,2331.05,71,10,Pending,Medium,3256.54,90.2,39.7,19.2,High
P00844,Thermal,Rajasthan,North,1016,6585.78,88,4,Complete,High,7796.9,100.2,18.39,12.2,High
P00845,Wind,Tamil Nadu,South,667,1653.12,23,1,Partial,Low,1794.45,30.4,8.55,7.4,Medium
P00846,Wind,Karnataka,South,701,1565.42,26,6,Pending,Medium,1964.35,39.7,25.48,13.7,High
P00847,Wind,Madhya Pradesh,Central,538,1269.01,16,8,Complete,Low,1415.45,20.3,11.54,4.3,Medium
P00848,Wind,Madhya Pradesh,Central,330,644.51,22,1,Partial,Medium,807.74,28.5,25.33,6.5,High
P00849,Thermal,Madhya Pradesh,Central,4658,21939.24,83,8,Partial,Medium,27460.28,93.3,25.17,10.3,High
P00850,Hydro,Karnataka,South,221,1676.67,102,10,Pending,Medium,2066.26,115.0,23.24,13.0,High
P00851,Thermal,Rajasthan,North,3311,8668.75,85,5,Complete,Medium,9455.82,88.4,9.08,3.4,Medium
P00852,Solar,Haryana,North,976,2071.73,44,1,Pending,High,2832.94,68.6,36.74,24.6,High
P00853,Solar,Punjab,North,1353,3819.08,31,8,Complete,Low,4149.68,36.2,8.66,5.2,Medium
P00854,Wind,Tamil Nadu,South,923,1383.73,31,10,Partial,High,1931.51,47.3,39.59,16.3,High
P00855,Wind,Madhya Pradesh,Central,366,639.3,29,10,Pending,High,885.77,56.0,38.55,27.0,High
P00856,Thermal,Madhya Pradesh,Central,4943,21035.6,52,3,Partial,Low,23272.18,55.8,10.63,3.8,Medium
P00857,Hydro,Rajasthan,North,141,764.98,105,1,Pending,High,987.36,120.9,29.07,15.9,High
P00858,Hydro,Maharashtra,West,1282,5878.44,116,3,Partial,Medium,7302.46,122.5,24.22,6.5,Medium
P00859,Transmission,Karnataka,South,1233,1714.26,37,8,Pending,Medium,2299.95,51.5,34.17,14.5,High
P00860,Hydro,Gujarat,West,3792,29125.37,61,3,Pending,Low,38227.83,68.9,31.25,7.9,High
P00861,Hydro,Andhra Pradesh,South,1986,13545.44,94,8,Complete,Low,15210.54,100.3,12.29,6.3,Medium
P00862,Transmission,Tamil Nadu,South,1275,1536.86,56,6,Partial,Medium,1780.66,62.4,15.86,6.4,Medium
P00863,Thermal,Tamil Nadu,South,3125,19060.72,90,3,Pending,Low,21541.25,103.0,13.01,13.0,High
P00864,Wind,Madhya Pradesh,Central,692,1153.31,13,10,Complete,Medium,1333.46,16.9,15.62,3.9,Medium
P00865,Solar,Punjab,North,1112,2026.99,20,4,Complete,Medium,2177.9,24.4,7.44,4.4,Medium
P00866,Wind,Punjab,North,958,1853.15,33,4,Complete,Low,1900.58,33.6,2.56,0.6,Low
P00867,Solar,Rajasthan,North,990,1555.78,34,9,Complete,Low,1606.6,40.0,3.27,6.0,Medium
P00868,Hydro,Gujarat,West,1988,12753.2,91,8,Partial,Low,14762.91,96.1,15.76,5.1,Medium
P00869,Thermal,Tamil Nadu,South,1425,8278.59,81,8,Complete,Medium,9218.05,90.4,11.35,9.4,High
P00870,Wind,Punjab,North,330,897.98,32,2,Complete,Medium,971.32,34.8,8.17,2.8,Low
P00871,Hydro,Rajasthan,North,2348,16834.18,87,7,Partial,Medium,20127.91,95.1,19.57,8.1,Medium
P00872,Solar,Gujarat,West,817,1454.13,20,6,Complete,High,1668.62,28.3,14.75,8.3,Medium
P00873,Wind,Maharashtra,West,88,190.91,28,7,Pending,Medium,219.44,40.3,14.94,12.3,High
P00874,Solar,Tamil Nadu,South,803,2631.66,32,4,Partial,Medium,3046.07,37.5,15.75,5.5,Medium
P00875,Transmission,Tamil Nadu,South,2731,5961.3,50,8,Complete,Medium,7246.21,59.5,21.55,9.5,High
P00876,Transmission,Karnataka,South,1975,3580.32,26,7,Complete,Low,3736.98,27.7,4.38,1.7,Low
P00877,Transmission,Gujarat,West,2380,4779.45,56,1,Complete,Medium,5115.05,61.1,7.02,5.1,Medium
P00878,Transmission,Maharashtra,West,864,1295.14,12,9,Complete,Medium,1494.55,16.6,15.4,4.6,Medium
P00879,Transmission,Haryana,North,995,2385.15,32,1,Pending,Medium,2939.61,51.7,23.25,19.7,High
P00880,Solar,Tamil Nadu,South,888,2245.72,12,6,Complete,High,2582.83,22.4,15.01,10.4,High
P00881,Hydro,Andhra Pradesh,South,950,7501.49,40,9,Pending,Medium,10110.49,60.1,34.78,20.1,High
P00882,Transmission,Rajasthan,North,2364,4893.07,17,7,Pending,Medium,6494.53,34.7,32.73,17.7,High
P00883,Thermal,Rajasthan,North,4623,14411.96,73,7,Partial,High,16174.01,83.4,12.23,10.4,High
P00884,Transmission,Andhra Pradesh,South,591,1456.59,20,1,Pending,Low,1793.12,29.7,23.1,9.7,High
P00885,Solar,Madhya Pradesh,Central,894,2329.48,25,1,Partial,High,2740.78,40.5,17.66,15.5,High
P00886,Transmission,Punjab,North,2433,4965.72,58,9,Complete,Medium,5388.88,66.9,8.52,8.9,Medium
P00887,Solar,Gujarat,West,65,160.95,37,8,Partial,Medium,197.05,49.4,22.43,12.4,High
P00888,Thermal,Madhya Pradesh,Central,3025,14815.58,54,7,Partial,Medium,17357.05,60.3,17.15,6.3,Medium
P00889,Solar,Uttar Pradesh,North,730,1362.07,14,3,Complete,Medium,1512.07,18.7,11.01,4.7,Medium
P00890,Solar,Karnataka,South,64,120.85,32,5,Complete,Medium,130.85,35.4,8.28,3.4,Medium
P00891,Thermal,Tamil Nadu,South,3797,20815.2,76,9,Partial,Medium,24447.33,85.6,17.45,9.6,High
P00892,Hydro,Gujarat,West,139,524.01,82,7,Partial,Low,601.04,90.1,14.7,8.1,Medium
P00893,Wind,Madhya Pradesh,Central,768,1810.14,17,3,Complete,Medium,1958.45,19.4,8.19,2.4,Low
P00894,Hydro,Madhya Pradesh,Central,3797,18536.74,103,4,Pending,High,25465.95,126.7,37.38,23.7,High
P00895,Thermal,Madhya Pradesh,Central,2435,15156.01,94,6,Pending,Low,19266.64,106.5,27.12,12.5,High
P00896,Solar,Uttar Pradesh,North,1219,3291.74,36,10,Partial,Medium,4008.64,50.0,21.78,14.0,High
P00897,Hydro,Madhya Pradesh,Central,1234,4807.17,106,3,Partial,Medium,5564.99,115.8,15.76,9.8,High
P00898,Thermal,Maharashtra,West,1294,8196.53,92,3,Partial,Low,9273.45,94.8,13.14,2.8,Medium
P00899,Wind,Andhra Pradesh,South,62,110.32,21,3,Complete,Low,111.08,22.2,0.69,1.2,Low
P00900,Wind,Gujarat,West,734,1491.94,34,1,Complete,Low,1531.61,34.1,2.66,0.1,Low
P00901,Solar,Punjab,North,1055,2664.68,27,8,Complete,High,3254.05,38.2,22.12,11.2,High
P00902,Thermal,Andhra Pradesh,South,3599,16687.7,41,6,Complete,Low,17377.44,42.7,4.13,1.7,Low
P00903,Thermal,Karnataka,South,2248,6007.81,95,6,Pending,Medium,7571.37,105.4,26.03,10.4,High
P00904,Thermal,Uttar Pradesh,North,2019,11007.21,55,9,Pending,Medium,14582.14,70.8,32.48,15.8,High
P00905,Thermal,Madhya Pradesh,Central,2574,13745.46,68,2,Complete,High,14591.32,77.8,6.15,9.8,High
P00906,Solar,Uttar Pradesh,North,593,1636.69,25,6,Complete,Low,1658.91,25.9,1.36,0.9,Low
P00907,Thermal,Uttar Pradesh,North,3732,14985.43,43,9,Complete,Medium,17385.13,48.4,16.01,5.4,Medium
P00908,Thermal,Maharashtra,West,2904,12012.61,92,9,Pending,Medium,15114.14,112.1,25.82,20.1,High
P00909,Wind,Uttar Pradesh,North,608,1064.86,34,3,Complete,Medium,1167.01,38.6,9.59,4.6,Medium
P00910,Wind,Haryana,North,468,862.88,18,10,Partial,High,1145.55,36.9,32.76,18.9,High
P00911,Transmission,Karnataka,South,2019,4585.86,52,6,Partial,Medium,5640.44,59.6,23.0,7.6,Medium
P00912,Wind,Uttar Pradesh,North,602,1232.0,29,5,Complete,Medium,1319.18,33.6,7.08,4.6,Medium
P00913,Thermal,Tamil Nadu,South,4829,17377.6,61,10,Partial,Medium,21095.06,72.9,21.39,11.9,High
P00914,Solar,Punjab,North,1154,2149.92,18,3,Partial,Medium,2442.69,27.1,13.62,9.1,High
P00915,Wind,Punjab,North,674,1836.04,35,6,Complete,Low,1856.66,36.6,1.12,1.6,Low
P00916,Transmission,Karnataka,South,923,2263.0,39,7,Partial,Medium,2513.3,50.5,11.06,11.5,High
P00917,Wind,Maharashtra,West,994,1360.82,29,7,Complete,High,1488.38,36.5,9.37,7.5,Medium
P00918,Thermal,Tamil Nadu,South,2274,9012.06,53,10,Complete,Medium,10369.11,58.4,15.06,5.4,Medium
P00919,Thermal,Madhya Pradesh,Central,1667,9851.07,95,7,Partial,Medium,11317.86,101.4,14.89,6.4,Medium
P00920,Thermal,Rajasthan,North,2397,13203.85,91,8,Partial,High,17270.11,106.3,30.8,15.3,High
P00921,Wind,Karnataka,South,942,2402.99,32,5,Partial,Low,2626.66,40.2,9.31,8.2,Medium
P00922,Solar,Rajasthan,North,598,1319.84,37,2,Partial,Medium,1498.59,43.1,13.54,6.1,Medium
P00923,Thermal,Andhra Pradesh,South,2593,16429.7,64,3,Complete,Medium,17663.24,69.0,7.51,5.0,Medium
P00924,Wind,Uttar Pradesh,North,206,538.89,16,8,Complete,Low,573.89,21.6,6.49,5.6,Medium
P00925,Solar,Uttar Pradesh,North,1035,2402.88,43,10,Partial,Medium,2884.97,52.8,20.06,9.8,High
P00926,Transmission,Uttar Pradesh,North,2862,5590.02,42,5,Complete,Medium,6162.63,43.5,10.24,1.5,Medium
P00927,Wind,Uttar Pradesh,North,586,730.24,24,9,Complete,High,940.52,33.3,28.8,9.3,High
P00928,Transmission,Tamil Nadu,South,939,2142.71,12,10,Partial,Medium,2701.9,26.7,26.1,14.7,High
P00929,Hydro,Punjab,North,3432,15110.93,110,5,Partial,Low,17916.38,115.2,18.57,5.2,Medium
P00930,Solar,Punjab,North,66,156.08,29,3,Complete,Medium,173.04,33.9,10.86,4.9,Medium
P00931,Thermal,Gujarat,West,3069,16751.66,38,3,Partial,Medium,19967.0,45.1,19.19,7.1,Medium
P00932,Hydro,Maharashtra,West,630,3921.24,101,10,Pending,Low,5056.27,111.6,28.95,10.6,High
P00933,Hydro,Madhya Pradesh,Central,1436,10054.59,114,9,Partial,Medium,12082.08,125.1,20.16,11.1,High
P00934,Thermal,Punjab,North,1804,10933.07,53,3,Complete,Low,11203.76,54.2,2.48,1.2,Low
P00935,Wind,Gujarat,West,80,99.65,24,4,Complete,High,119.77,35.9,20.2,11.9,High
P00936,Hydro,Punjab,North,2571,17677.5,67,7,Complete,Medium,18969.08,69.7,7.31,2.7,Low
P00937,Solar,Madhya Pradesh,Central,1443,4795.88,13,3,Partial,Medium,5695.81,20.1,18.76,7.1,Medium
P00938,Solar,Maharashtra,West,1004,1832.61,45,4,Partial,Medium,2233.04,54.8,21.85,9.8,High
P00939,Thermal,Andhra Pradesh,South,969,3936.92,57,3,Complete,High,4656.23,64.6,18.27,7.6,Medium
P00940,Wind,Tamil Nadu,South,375,962.17,32,10,Complete,Low,1050.2,36.5,9.15,4.5,Medium
P00941,Transmission,Maharashtra,West,2155,4900.1,47,9,Pending,Medium,6476.57,65.2,32.17,18.2,High
P00942,Hydro,Andhra Pradesh,South,1742,12801.0,97,3,Pending,Low,15247.07,110.3,19.11,13.3,High
P00943,Transmission,Madhya Pradesh,Central,1377,2761.74,43,10,Complete,High,2999.24,58.9,8.6,15.9,High
P00944,Solar,Rajasthan,North,247,719.67,12,7,Complete,Medium,753.96,15.1,4.76,3.1,Medium
P00945,Thermal,Tamil Nadu,South,2271,12720.47,94,10,Partial,High,16514.12,104.8,29.82,10.8,High
P00946,Transmission,Rajasthan,North,1896,4177.71,21,4,Complete,Low,4255.47,21.2,1.86,0.2,Low
P00947,Solar,Uttar Pradesh,North,174,543.96,26,2,Complete,Low,552.14,26.4,1.5,0.4,Low
P00948,Solar,Karnataka,South,501,1719.43,13,10,Complete,Medium,1878.86,17.5,9.27,4.5,Medium
P00949,Solar,Madhya Pradesh,Central,1109,2706.48,14,2,Complete,Medium,2980.25,17.9,10.12,3.9,Medium
P00950,Hydro,Maharashtra,West,3671,21815.39,104,3,Pending,Low,26531.56,120.3,21.62,16.3,High
P00951,Transmission,Maharashtra,West,486,503.58,44,10,Pending,High,757.3,72.5,50.38,28.5,High
P00952,Thermal,Maharashtra,West,4104,20671.49,56,5,Partial,Medium,24726.44,64.5,19.62,8.5,Medium
P00953,Thermal,Karnataka,South,4853,17101.68,61,8,Complete,Medium,19083.81,64.2,11.59,3.2,Medium
P00954,Solar,Maharashtra,West,71,217.56,32,4,Partial,Medium,241.97,43.7,11.22,11.7,High
P00955,Thermal,Madhya Pradesh,Central,3510,19470.75,75,6,Partial,Low,20814.91,83.0,6.9,8.0,Medium
P00956,Thermal,Andhra Pradesh,South,1757,8560.9,66,6,Complete,Low,8700.19,66.4,1.63,0.4,Low
P00957,Thermal,Karnataka,South,3579,13612.08,54,10,Complete,Medium,14986.59,59.5,10.1,5.5,Medium
P00958,Thermal,Karnataka,South,1726,9725.24,59,2,Complete,Medium,10750.33,64.3,10.54,5.3,Medium
P00959,Hydro,Punjab,North,1084,3901.82,63,6,Complete,Medium,4311.07,64.8,10.49,1.8,Medium
P00960,Solar,Karnataka,South,1251,2950.91,42,3,Complete,Medium,3213.3,46.1,8.89,4.1,Medium
P00961,Transmission,Punjab,North,502,509.8,34,10,Complete,Medium,576.23,41.2,13.03,7.2,Medium
P00962,Hydro,Uttar Pradesh,North,3238,17841.58,44,3,Partial,Low,19637.79,50.0,10.07,6.0,Medium
P00963,Solar,Haryana,North,294,781.84,18,5,Complete,Medium,850.99,20.5,8.84,2.5,Low
P00964,Thermal,Madhya Pradesh,Central,3394,16546.39,79,5,Pending,Low,20189.43,86.5,22.02,7.5,Medium
P00965,Hydro,Madhya Pradesh,Central,1414,8513.97,42,2,Complete,Low,8925.11,42.0,4.83,0.0,Low
P00966,Wind,Andhra Pradesh,South,472,1089.01,29,4,Partial,Medium,1273.63,34.7,16.95,5.7,Medium
P00967,Solar,Madhya Pradesh,Central,1138,2498.29,25,4,Partial,Low,2864.49,28.0,14.66,3.0,Medium
P00968,Transmission,Madhya Pradesh,Central,1539,3239.64,48,8,Pending,High,4821.76,70.1,48.84,22.1,High
P00969,Transmission,Haryana,North,332,684.02,14,1,Partial,Low,807.39,20.7,18.04,6.7,Medium
P00970,Solar,Gujarat,West,67,215.63,38,10,Pending,Medium,292.02,55.1,35.43,17.1,High
P00971,Wind,Rajasthan,North,821,1389.93,30,8,Complete,Low,1507.67,33.1,8.47,3.1,Medium
P00972,Wind,Gujarat,West,693,1777.7,33,3,Complete,Medium,1899.4,38.7,6.85,5.7,Medium
P00973,Wind,Uttar Pradesh,North,955,2518.14,23,4,Complete,Medium,2677.58,25.7,6.33,2.7,Low
P00974,Solar,Andhra Pradesh,South,839,2414.02,12,8,Complete,Medium,2690.56,22.8,11.46,10.8,High
P00975,Thermal,Madhya Pradesh,Central,898,4878.02,58,4,Complete,High,5969.47,62.3,22.37,4.3,Medium
P00976,Transmission,Andhra Pradesh,South,1384,2398.55,20,7,Partial,Low,2810.74,26.3,17.19,6.3,Medium
P00977,Transmission,Punjab,North,2046,4886.5,54,3,Partial,Medium,6112.82,61.8,25.1,7.8,High
P00978,Solar,Tamil Nadu,South,1324,2006.55,31,9,Pending,Medium,2725.38,56.3,35.82,25.3,High
P00979,Wind,Madhya Pradesh,Central,628,1469.22,35,8,Partial,Medium,1864.26,46.2,26.89,11.2,High
P00980,Thermal,Gujarat,West,4564,15749.43,63,9,Complete,Low,17128.57,68.6,8.76,5.6,Medium
P00981,Hydro,Andhra Pradesh,South,2263,9227.18,76,10,Complete,Medium,10693.19,83.2,15.89,7.2,Medium
P00982,Hydro,Punjab,North,1474,10975.3,87,10,Partial,High,14823.97,104.7,35.07,17.7,High
P00983,Wind,Uttar Pradesh,North,369,905.74,28,4,Partial,Medium,1098.2,34.6,21.25,6.6,Medium
P00984,Hydro,Madhya Pradesh,Central,3173,24291.4,64,4,Complete,Medium,27133.18,67.8,11.7,3.8,Medium
P00985,Transmission,Gujarat,West,1941,3601.68,51,8,Partial,High,4403.73,67.1,22.27,16.1,High
P00986,Thermal,Punjab,North,1739,6706.1,60,4,Complete,Low,6861.1,60.6,2.31,0.6,Low
P00987,Solar,Karnataka,South,1412,2461.87,37,1,Partial,Medium,2977.24,45.1,20.93,8.1,Medium
P00988,Thermal,Punjab,North,2899,17087.72,92,9,Complete,High,20005.42,98.2,17.07,6.2,Medium
P00989,Transmission,Andhra Pradesh,South,1090,1815.36,30,7,Complete,High,2073.45,37.6,14.22,7.6,Medium
P00990,Hydro,Andhra Pradesh,South,1665,5188.86,74,5,Partial,Medium,6241.13,83.9,20.28,9.9,High
P00991,Solar,Karnataka,South,1189,3588.19,22,2,Complete,Medium,3765.25,25.8,4.93,3.8,Medium
P00992,Hydro,Gujarat,West,382,1867.11,62,9,Complete,Low,2042.53,65.0,9.4,3.0,Medium
P00993,Transmission,Haryana,North,2233,4864.98,41,2,Partial,Low,5692.39,46.8,17.01,5.8,Medium
P00994,Transmission,Andhra Pradesh,South,1589,2746.35,47,2,Complete,Low,2766.27,48.4,0.73,1.4,Low
P00995,Transmission,Haryana,North,905,1947.68,28,1,Pending,High,2490.16,43.3,27.85,15.3,High
P00996,Thermal,Gujarat,West,1836,7227.92,81,2,Partial,Medium,8292.92,90.8,14.73,9.8,High
P00997,Thermal,Andhra Pradesh,South,2465,13870.51,61,6,Partial,High,16686.53,75.1,20.3,14.1,High
P00998,Wind,Gujarat,West,63,95.14,28,3,Partial,Low,105.46,32.1,10.85,4.1,Medium
P00999,Transmission,Haryana,North,457,497.3,36,9,Complete,Medium,558.71,43.6,12.35,7.6,Medium
P01000,Hydro,Tamil Nadu,South,3642,27340.25,79,3,Complete,Low,27812.66,79.3,1.73,0.3,Low
P01001,Wind,Tamil Nadu,South,515,682.69,12,2,Complete,Low,701.02,13.1,2.68,1.1,Low
P01002,Hydro,Haryana,North,816,4091.23,90,2,Partial,Low,4713.25,95.2,15.2,5.2,Medium
P01003,Wind,Tamil Nadu,South,835,2465.82,32,5,Partial,Medium,2904.33,40.4,17.78,8.4,Medium
P01004,Hydro,Tamil Nadu,South,3504,21434.53,64,9,Partial,Low,25335.34,74.6,18.2,10.6,High
P01005,Wind,Madhya Pradesh,Central,353,987.09,28,4,Complete,Medium,1100.13,32.8,11.45,4.8,Medium
P01006,Wind,Haryana,North,414,552.24,22,3,Partial,Medium,678.22,34.5,22.81,12.5,High
P01007,Wind,Gujarat,West,353,435.21,26,10,Complete,Low,455.03,29.3,4.55,3.3,Medium
P01008,Solar,Tamil Nadu,South,1073,3172.01,35,1,Partial,Medium,3846.66,44.6,21.27,9.6,High
P01009,Solar,Andhra Pradesh,South,819,1445.67,15,1,Complete,Medium,1587.94,18.3,9.84,3.3,Medium
P01010,Hydro,Punjab,North,2631,17131.74,105,7,Pending,Low,20749.84,118.3,21.12,13.3,High
P01011,Transmission,Tamil Nadu,South,2067,3026.77,59,4,Partial,Medium,3618.02,66.2,19.53,7.2,Medium
P01012,Wind,Gujarat,West,667,1999.91,21,7,Partial,High,2500.3,32.2,25.02,11.2,High
P01013,Solar,Punjab,North,1157,1806.24,17,9,Pending,Low,2394.35,35.2,32.56,18.2,High
P01014,Thermal,Uttar Pradesh,North,875,4380.07,36,9,Partial,Medium,5619.93,51.1,28.31,15.1,High
P01015,Solar,Karnataka,South,619,1701.54,36,7,Pending,High,2339.78,53.7,37.51,17.7,High
P01016,Hydro,Haryana,North,3642,28379.38,119,4,Complete,Medium,30711.84,120.9,8.22,1.9,Low
P01017,Solar,Rajasthan,North,1222,2555.97,14,4,Pending,Medium,3455.49,31.4,35.19,17.4,High
P01018,Hydro,Maharashtra,West,2735,18194.56,82,5,Complete,Medium,20323.75,86.3,11.7,4.3,Medium
P01019,Wind,Karnataka,South,97,215.41,34,2,Partial,Medium,243.13,42.7,12.87,8.7,Medium
P01020,Wind,Maharashtra,West,266,589.99,35,8,Complete,Medium,660.1,39.3,11.88,4.3,Medium
P01021,Hydro,Rajasthan,North,2784,20316.63,87,4,Partial,Medium,23818.94,97.2,17.24,10.2,High
P01022,Hydro,Karnataka,South,2662,19250.9,40,10,Pending,Medium,27166.37,59.7,41.12,19.7,High
P01023,Solar,Karnataka,South,1403,2795.05,13,9,Partial,Low,3428.79,20.4,22.67,7.4,Medium
P01024,Thermal,Punjab,North,1769,7194.37,63,7,Complete,Low,7473.05,64.9,3.87,1.9,Low
P01025,Transmission,Gujarat,West,2672,4298.8,18,8,Pending,High,6080.47,45.9,41.45,27.9,High
P01026,Solar,Andhra Pradesh,South,1317,3158.05,24,1,Complete,High,3745.52,28.1,18.6,4.1,Medium
P01027,Hydro,Andhra Pradesh,South,3301,11071.8,75,2,Partial,High,13708.04,87.4,23.81,12.4,High
P01028,Wind,Rajasthan,North,303,380.05,23,5,Pending,Medium,488.19,35.3,28.45,12.3,High
P01029,Hydro,Maharashtra,West,1041,3620.27,116,3,Partial,Low,4087.01,123.2,12.89,7.2,Medium
P01030,Solar,Madhya Pradesh,Central,991,3093.55,44,4,Complete,Medium,3423.17,48.5,10.66,4.5,Medium
P01031,Hydro,Rajasthan,North,3854,17947.97,117,8,Pending,Medium,22226.27,142.7,23.84,25.7,High
P01032,Solar,Punjab,North,231,614.88,18,1,Complete,Low,617.17,18.6,0.37,0.6,Low
P01033,Hydro,Rajasthan,North,248,1290.25,88,9,Partial,Medium,1578.55,100.0,22.34,12.0,High
P01034,Wind,Gujarat,West,306,429.37,13,3,Partial,Low,510.65,21.6,18.93,8.6,Medium
P01035,Thermal,Madhya Pradesh,Central,2810,17091.36,85,10,Complete,High,20670.19,99.5,20.94,14.5,High
P01036,Wind,Maharashtra,West,879,1971.32,30,5,Complete,Medium,2115.6,34.3,7.32,4.3,Medium
P01037,Hydro,Andhra Pradesh,South,2448,8599.64,102,9,Partial,High,10452.69,113.6,21.55,11.6,High
P01038,Solar,Punjab,North,1208,2145.47,38,8,Complete,Low,2223.14,41.7,3.62,3.7,Medium
P01039,Solar,Madhya Pradesh,Central,180,358.75,47,6,Partial,Medium,443.22,53.0,23.55,6.0,Medium
P01040,Transmission,Maharashtra,West,2018,3572.04,12,8,Partial,High,4979.08,30.2,39.39,18.2,High
P01041,Transmission,Madhya Pradesh,Central,1308,1765.92,33,1,Pending,High,2537.6,59.3,43.7,26.3,High
P01042,Transmission,Karnataka,South,1791,4411.51,28,7,Pending,High,6315.31,46.4,43.16,18.4,High
P01043,Solar,Andhra Pradesh,South,611,922.58,37,1,Partial,Medium,1030.93,44.3,11.74,7.3,Medium
P01044,Thermal,Rajasthan,North,3268,19283.96,76,9,Complete,Medium,21713.77,83.7,12.6,7.7,Medium
P01045,Thermal,Andhra Pradesh,South,4346,11785.88,49,9,Complete,High,14733.84,56.5,25.01,7.5,High
P01046,Solar,Madhya Pradesh,Central,1350,3469.7,43,1,Partial,Medium,4201.64,55.2,21.1,12.2,High
P01047,Thermal,Tamil Nadu,South,592,2359.52,36,10,Complete,Medium,2634.21,44.3,11.64,8.3,Medium
P01048,Solar,Madhya Pradesh,Central,713,1950.67,34,3,Complete,Medium,2093.03,38.8,7.3,4.8,Medium
P01049,Solar,Uttar Pradesh,North,148,484.82,21,10,Partial,High,621.43,42.1,28.18,21.1,High
P01050,Hydro,Uttar Pradesh,North,994,7898.22,62,4,Complete,Medium,8723.44,65.7,10.45,3.7,Medium
P01051,Transmission,Karnataka,South,1658,2125.99,16,7,Pending,Medium,2839.14,28.0,33.54,12.0,High
P01052,Wind,Karnataka,South,782,1801.23,31,2,Complete,Low,1863.24,32.7,3.44,1.7,Low
P01053,Wind,Madhya Pradesh,Central,68,99.98,35,5,Partial,High,120.89,41.3,20.91,6.3,Medium
P01054,Wind,Madhya Pradesh,Central,188,514.91,33,9,Complete,Medium,585.13,40.9,13.64,7.9,Medium
P01055,Solar,Tamil Nadu,South,557,1199.19,20,8,Complete,Low,1345.22,26.6,12.18,6.6,Medium
P01056,Transmission,Maharashtra,West,2599,3709.29,27,9,Partial,Low,4606.03,35.4,24.18,8.4,Medium
P01057,Wind,Punjab,North,873,1370.73,12,1,Complete,High,1650.56,22.3,20.41,10.3,High
P01058,Thermal,Haryana,North,3258,13121.2,47,8,Complete,Medium,14557.02,56.7,10.94,9.7,High
P01059,Thermal,Maharashtra,West,3302,15870.26,54,7,Pending,Medium,21797.33,63.5,37.35,9.5,High
P01060,Solar,Rajasthan,North,707,1578.97,40,5,Complete,Medium,1716.17,44.4,8.69,4.4,Medium
P01061,Wind,Punjab,North,137,210.95,32,4,Complete,Low,214.31,32.7,1.59,0.7,Low
P01062,Thermal,Punjab,North,4315,13920.15,41,5,Partial,Medium,16191.49,47.5,16.32,6.5,Medium
P01063,Wind,Tamil Nadu,South,499,1309.34,17,6,Partial,Medium,1519.0,28.0,16.01,11.0,High
P01064,Hydro,Karnataka,South,1246,9906.38,70,6,Complete,Medium,10751.09,73.0,8.53,3.0,Medium
P01065,Hydro,Gujarat,West,1676,10739.09,39,1,Complete,Medium,11653.11,42.7,8.51,3.7,Medium
P01066,Wind,Tamil Nadu,South,325,822.21,35,7,Partial,High,982.38,50.4,19.48,15.4,High
P01067,Thermal,Gujarat,West,3980,20387.06,88,7,Complete,Medium,21946.92,92.3,7.65,4.3,Medium
P01068,Transmission,Maharashtra,West,1403,2190.25,48,9,Complete,Medium,2526.84,58.6,15.37,10.6,High
P01069,Transmission,Maharashtra,West,862,1384.4,42,2,Partial,High,1660.26,58.3,19.93,16.3,High
P01070,Transmission,Tamil Nadu,South,184,237.37,51,4,Complete,Low,242.43,52.9,2.13,1.9,Low
P01071,Wind,Karnataka,South,318,728.23,24,8,Complete,Medium,801.65,33.2,10.08,9.2,High
P01072,Transmission,Haryana,North,622,896.15,30,2,Complete,Medium,983.06,35.3,9.7,5.3,Medium
P01073,Transmission,Rajasthan,North,2802,3352.02,25,9,Partial,Medium,3835.78,34.7,14.43,9.7,High
P01074,Solar,Tamil Nadu,South,1255,2425.89,43,5,Complete,Medium,2720.56,47.3,12.15,4.3,Medium
P01075,Transmission,Andhra Pradesh,South,2037,2267.14,18,6,Complete,Medium,2452.31,21.0,8.17,3.0,Medium
P01076,Thermal,Tamil Nadu,South,2589,10465.99,86,1,Partial,High,13260.54,98.3,26.7,12.3,High
P01077,Solar,Punjab,North,1319,4158.58,32,7,Pending,Medium,5454.26,45.3,31.16,13.3,High
P01078,Solar,Karnataka,South,1018,1687.54,30,8,Complete,Medium,1923.09,34.1,13.96,4.1,Medium
P01079,Transmission,Haryana,North,428,687.39,13,4,Partial,High,850.88,28.3,23.78,15.3,High
P01080,Thermal,Haryana,North,2539,6968.26,87,2,Complete,Medium,7456.6,89.9,7.01,2.9,Low
P01081,Transmission,Uttar Pradesh,North,1591,1847.55,54,1,Complete,Medium,1974.75,57.3,6.88,3.3,Medium
P01082,Thermal,Gujarat,West,2070,7612.2,81,8,Partial,Low,9042.44,91.4,18.79,10.4,High
P01083,Hydro,Uttar Pradesh,North,3838,24616.11,79,3,Complete,High,26973.21,85.6,9.58,6.6,Medium
P01084,Transmission,Tamil Nadu,South,2731,6564.94,30,9,Complete,Medium,7418.31,34.9,13.0,4.9,Medium
P01085,Thermal,Uttar Pradesh,North,1665,8427.63,50,10,Pending,Medium,10128.36,69.8,20.18,19.8,High
P01086,Hydro,Karnataka,South,806,2904.99,52,10,Complete,Low,3050.74,55.6,5.02,3.6,Medium
P01087,Thermal,Maharashtra,West,3509,19077.03,56,3,Complete,Low,19105.45,57.1,0.15,1.1,Low
P01088,Solar,Andhra Pradesh,South,927,1851.29,19,8,Partial,Low,2048.74,26.4,10.67,7.4,Medium
P01089,Solar,Karnataka,South,357,1013.76,40,8,Partial,Medium,1242.19,51.7,22.53,11.7,High
P01090,Wind,Madhya Pradesh,Central,322,740.71,33,6,Complete,Low,748.06,34.5,0.99,1.5,Low
P01091,Transmission,Punjab,North,2877,3397.83,32,4,Complete,Low,3464.01,33.4,1.95,1.4,Low
P01092,Hydro,Maharashtra,West,917,4398.07,41,1,Complete,Medium,4802.96,43.2,9.21,2.2,Low
P01093,Hydro,Madhya Pradesh,Central,1495,7736.51,52,5,Partial,Low,8436.8,58.6,9.05,6.6,Medium
P01094,Transmission,Punjab,North,656,1239.01,42,4,Complete,Low,1245.28,43.6,0.51,1.6,Low
P01095,Thermal,Rajasthan,North,878,3649.35,67,7,Complete,Low,3805.28,69.0,4.27,2.0,Low
P01096,Wind,Uttar Pradesh,North,355,932.84,15,10,Complete,Low,991.34,20.1,6.27,5.1,Medium
P01097,Hydro,Gujarat,West,254,1006.28,95,10,Complete,High,1219.9,111.6,21.23,16.6,High
P01098,Thermal,Rajasthan,North,2798,11592.42,63,1,Partial,Medium,13490.34,71.4,16.37,8.4,Medium
P01099,Transmission,Karnataka,South,1661,2659.34,51,8,Partial,Medium,3259.24,66.4,22.56,15.4,High
P01100,Transmission,Rajasthan,North,311,621.83,26,2,Complete,Medium,680.66,28.4,9.46,2.4,Low
P01101,Wind,Andhra Pradesh,South,570,1002.93,35,3,Complete,Medium,1078.07,38.7,7.49,3.7,Medium
P01102,Thermal,Gujarat,West,3124,18731.48,50,4,Complete,High,22304.37,60.9,19.07,10.9,High
P01103,Transmission,Haryana,North,1947,4256.59,37,8,Pending,Medium,5515.38,58.6,29.57,21.6,High
P01104,Transmission,Uttar Pradesh,North,945,2246.42,34,4,Complete,Low,2260.49,34.6,0.63,0.6,Low
P01105,Solar,Haryana,North,1247,3909.3,42,2,Complete,Low,3980.98,43.2,1.83,1.2,Low
P01106,Thermal,Andhra Pradesh,South,1467,5341.63,63,9,Partial,Low,6175.25,74.1,15.61,11.1,High
P01107,Hydro,Tamil Nadu,South,1193,8645.8,56,1,Complete,Medium,9473.94,61.8,9.58,5.8,Medium
P01108,Transmission,Punjab,North,1651,3691.24,29,4,Complete,Low,3769.88,30.5,2.13,1.5,Low
P01109,Transmission,Madhya Pradesh,Central,2324,4078.4,33,5,Pending,Medium,4796.16,50.3,17.6,17.3,High
P01110,Hydro,Punjab,North,3553,16769.46,73,7,Pending,Low,21883.23,85.3,30.49,12.3,High
P01111,Hydro,Rajasthan,North,1559,11964.64,54,8,Complete,High,14973.24,67.2,25.15,13.2,High
P01112,Wind,Uttar Pradesh,North,161,430.7,21,8,Partial,Low,506.95,31.6,17.7,10.6,High
P01113,Thermal,Karnataka,South,2545,14625.44,53,7,Partial,Medium,16278.09,58.1,11.3,5.1,Medium
P01114,Solar,Uttar Pradesh,North,280,475.37,42,7,Partial,Medium,578.54,51.7,21.7,9.7,High
P01115,Transmission,Rajasthan,North,1394,3138.78,49,10,Partial,Low,3699.92,57.5,17.88,8.5,Medium
P01116,Thermal,Madhya Pradesh,Central,2158,12480.61,76,6,Partial,Low,13677.26,83.6,9.59,7.6,Medium
P01117,Hydro,Punjab,North,3072,13343.95,93,2,Pending,Medium,18045.94,113.1,35.24,20.1,High
P01118,Thermal,Maharashtra,West,3152,17437.83,41,1,Complete,Low,18288.47,42.7,4.88,1.7,Low
P01119,Hydro,Punjab,North,1125,4298.14,75,8,Complete,Medium,4964.3,84.0,15.5,9.0,Medium
P01120,Hydro,Maharashtra,West,2346,18145.09,100,10,Complete,Medium,21272.2,105.7,17.23,5.7,Medium
P01121,Wind,Maharashtra,West,627,1781.04,26,1,Complete,Low,1858.23,26.8,4.33,0.8,Low
P01122,Thermal,Madhya Pradesh,Central,4616,23878.74,61,8,Partial,Medium,32164.36,68.6,34.7,7.6,High
P01123,Hydro,Tamil Nadu,South,3041,16885.38,83,1,Pending,High,21142.82,98.9,25.21,15.9,High
P01124,Thermal,Tamil Nadu,South,940,4371.56,91,8,Partial,Low,5116.64,98.7,17.04,7.7,Medium
P01125,Hydro,Maharashtra,West,608,4382.74,64,8,Complete,Medium,4964.92,73.3,13.28,9.3,High
P01126,Transmission,Karnataka,South,1344,1479.29,14,6,Pending,Medium,1817.64,32.5,22.87,18.5,High
P01127,Wind,Rajasthan,North,692,1755.38,28,7,Partial,Low,1910.71,34.3,8.85,6.3,Medium
P01128,Hydro,Madhya Pradesh,Central,1137,8273.59,62,9,Partial,Medium,10157.01,71.6,22.76,9.6,High
P01129,Wind,Andhra Pradesh,South,803,2260.42,35,3,Complete,Medium,2452.62,38.4,8.5,3.4,Medium
P01130,Wind,Gujarat,West,591,735.44,21,2,Pending,Low,976.03,31.8,32.71,10.8,High
P01131,Hydro,Rajasthan,North,1701,11275.58,89,1,Complete,Medium,12034.99,94.6,6.74,5.6,Medium
P01132,Thermal,Madhya Pradesh,Central,2469,6533.66,87,9,Partial,Medium,8293.21,104.7,26.93,17.7,High
P01133,Thermal,Gujarat,West,4028,12287.64,61,3,Complete,Medium,13605.45,65.2,10.72,4.2,Medium
P01134,Transmission,Haryana,North,445,743.57,31,8,Pending,Medium,984.82,41.9,32.45,10.9,High
P01135,Solar,Madhya Pradesh,Central,1448,4599.23,32,10,Partial,Low,5526.82,45.1,20.17,13.1,High
P01136,Hydro,Tamil Nadu,South,2360,10687.96,39,1,Partial,Low,12276.63,45.4,14.86,6.4,Medium
P01137,Solar,Andhra Pradesh,South,858,2443.18,37,10,Partial,Low,2789.87,47.9,14.19,10.9,High
P01138,Wind,Rajasthan,North,754,1470.3,24,8,Partial,High,2001.28,42.5,36.11,18.5,High
P01139,Wind,Rajasthan,North,513,951.78,25,2,Complete,High,1133.48,28.4,19.09,3.4,Medium
P01140,Wind,Punjab,North,892,1547.82,16,2,Complete,Medium,1707.8,19.8,10.34,3.8,Medium
P01141,Transmission,Madhya Pradesh,Central,832,1502.43,13,9,Partial,Medium,1917.72,26.5,27.64,13.5,High
P01142,Hydro,Rajasthan,North,2590,19068.3,95,10,Partial,Low,20988.51,104.9,10.07,9.9,High
P01143,Wind,Rajasthan,North,99,184.89,20,10,Complete,Low,201.02,25.2,8.72,5.2,Medium
P01144,Wind,Rajasthan,North,88,247.46,30,1,Pending,Medium,308.54,40.8,24.68,10.8,High
P01145,Transmission,Andhra Pradesh,South,2648,6355.75,23,5,Partial,Medium,7444.24,33.2,17.13,10.2,High
P01146,Solar,Punjab,North,966,2262.51,44,8,Partial,High,3169.46,60.2,40.09,16.2,High
P01147,Wind,Andhra Pradesh,South,998,2360.92,18,7,Complete,Medium,2503.65,22.0,6.05,4.0,Medium
P01148,Solar,Punjab,North,953,3288.89,16,3,Partial,Medium,3805.01,21.3,15.69,5.3,Medium
P01149,Hydro,Haryana,North,3274,16157.17,100,5,Complete,Medium,17549.63,102.8,8.62,2.8,Low
P01150,Wind,Uttar Pradesh,North,639,1433.5,12,3,Complete,Medium,1556.9,14.7,8.61,2.7,Low
P01151,Solar,Tamil Nadu,South,1250,4194.33,29,8,Complete,Medium,4526.49,37.1,7.92,8.1,Medium
P01152,Wind,Uttar Pradesh,North,472,1069.92,29,4,Pending,Medium,1415.35,42.5,32.29,13.5,High
P01153,Thermal,Maharashtra,West,2723,16146.46,44,7,Pending,High,20043.97,68.6,24.14,24.6,High
P01154,Wind,Karnataka,South,856,1315.4,28,2,Complete,Medium,1389.77,29.3,5.65,1.3,Low
P01155,Hydro,Rajasthan,North,1820,7454.58,87,5,Complete,High,8287.44,97.0,11.17,10.0,High
P01156,Solar,Uttar Pradesh,North,332,763.36,43,3,Complete,Medium,811.64,46.4,6.32,3.4,Medium
P01157,Hydro,Madhya Pradesh,Central,1834,14249.22,42,8,Complete,High,17582.4,53.3,23.39,11.3,High
P01158,Thermal,Punjab,North,3382,21917.68,73,4,Complete,Low,22141.53,74.5,1.02,1.5,Low
P01159,Wind,Gujarat,West,370,713.91,20,9,Complete,Low,816.18,22.9,14.33,2.9,Medium
P01160,Solar,Haryana,North,965,2240.54,22,3,Complete,Low,2345.76,22.4,4.7,0.4,Low
P01161,Solar,Uttar Pradesh,North,752,2246.24,42,5,Partial,Low,2605.66,47.1,16.0,5.1,Medium
P01162,Transmission,Rajasthan,North,1335,3317.98,32,4,Complete,Medium,3566.89,36.1,7.5,4.1,Medium
P01163,Wind,Punjab,North,841,1082.38,23,8,Complete,Low,1169.07,29.6,8.01,6.6,Medium
P01164,Wind,Andhra Pradesh,South,654,1595.05,24,6,Partial,Medium,1930.18,34.1,21.01,10.1,High
P01165,Thermal,Karnataka,South,1444,6844.35,44,8,Pending,Medium,8564.47,65.9,25.13,21.9,High
P01166,Hydro,Gujarat,West,1021,4517.46,43,5,Complete,Low,4537.79,43.6,0.45,0.6,Low
P01167,Thermal,Uttar Pradesh,North,3105,9359.04,63,9,Pending,Medium,12223.12,78.2,30.6,15.2,High
P01168,Wind,Haryana,North,818,1040.21,26,10,Complete,Medium,1160.62,35.3,11.58,9.3,High
P01169,Hydro,Uttar Pradesh,North,762,5171.98,37,7,Pending,Medium,7092.18,48.4,37.13,11.4,High
P01170,Hydro,Tamil Nadu,South,245,1836.3,93,1,Partial,Low,2123.52,102.8,15.64,9.8,High
P01171,Solar,Punjab,North,1290,2755.78,46,1,Partial,Low,3063.99,54.9,11.18,8.9,Medium
P01172,Wind,Madhya Pradesh,Central,366,801.23,24,1,Pending,Medium,1070.92,35.2,33.66,11.2,High
P01173,Wind,Maharashtra,West,279,452.59,29,10,Partial,Medium,583.74,37.6,28.98,8.6,High
P01174,Transmission,Punjab,North,395,410.91,23,7,Complete,Medium,446.54,25.3,8.67,2.3,Low
P01175,Transmission,Rajasthan,North,2691,5505.33,28,2,Pending,Low,6972.44,39.7,26.65,11.7,High
P01176,Solar,Madhya Pradesh,Central,1162,1939.98,12,5,Partial,Low,2209.36,20.5,13.89,8.5,Medium
P01177,Thermal,Gujarat,West,1511,8283.81,85,2,Partial,High,10715.77,95.1,29.36,10.1,High
P01178,Hydro,Uttar Pradesh,North,3725,16260.35,83,3,Complete,Medium,18103.64,85.0,11.34,2.0,Medium
P01179,Hydro,Gujarat,West,914,6591.99,71,9,Partial,High,7996.28,90.1,21.3,19.1,High
P01180,Thermal,Haryana,North,3652,18943.19,36,10,Complete,Low,20079.14,42.3,6.0,6.3,Medium
P01181,Solar,Gujarat,West,824,1938.51,16,10,Complete,Low,2179.61,19.8,12.44,3.8,Medium
P01182,Solar,Karnataka,South,556,1012.25,31,1,Complete,Medium,1106.58,36.4,9.32,5.4,Medium
P01183,Wind,Punjab,North,684,1711.94,24,5,Complete,High,1947.49,32.3,13.76,8.3,Medium
P01184,Hydro,Karnataka,South,3223,17985.16,93,8,Pending,Medium,22320.19,108.4,24.1,15.4,High
P01185,Wind,Rajasthan,North,396,991.44,15,2,Partial,Low,1097.72,18.5,10.72,3.5,Medium
P01186,Transmission,Gujarat,West,2363,5333.82,37,8,Partial,Medium,6529.43,47.4,22.42,10.4,High
P01187,Thermal,Rajasthan,North,1137,4566.76,88,6,Complete,Low,4599.46,89.1,0.72,1.1,Low
P01188,Transmission,Karnataka,South,1743,3917.14,17,10,Partial,Low,4863.91,24.1,24.17,7.1,Medium
P01189,Solar,Gujarat,West,638,1149.33,38,2,Complete,Low,1163.05,39.8,1.19,1.8,Low
P01190,Wind,Madhya Pradesh,Central,421,1186.23,22,3,Complete,Low,1228.65,22.1,3.58,0.1,Low
P01191,Solar,Maharashtra,West,346,966.45,34,1,Partial,High,1212.26,50.0,25.43,16.0,High
P01192,Wind,Maharashtra,West,428,774.08,15,2,Partial,Low,836.71,18.9,8.09,3.9,Medium
P01193,Wind,Maharashtra,West,265,367.43,19,2,Partial,Medium,437.09,26.3,18.96,7.3,Medium
P01194,Thermal,Karnataka,South,4978,19508.18,39,5,Partial,Low,21744.44,44.4,11.46,5.4,Medium
P01195,Wind,Madhya Pradesh,Central,345,904.85,25,6,Pending,Medium,1258.67,43.8,39.1,18.8,High
P01196,Solar,Madhya Pradesh,Central,1407,3732.08,42,8,Complete,Medium,4283.92,48.5,14.79,6.5,Medium
P01197,Solar,Maharashtra,West,1234,3058.96,16,9,Complete,Low,3314.58,22.2,8.36,6.2,Medium
P01198,Wind,Gujarat,West,150,301.29,21,10,Partial,Low,349.55,25.9,16.02,4.9,Medium
P01199,Solar,Karnataka,South,1374,3568.76,18,6,Partial,Medium,4524.81,28.0,26.79,10.0,High
P01200,Thermal,Madhya Pradesh,Central,3483,21198.67,85,8,Complete,Medium,23839.33,90.7,12.46,5.7,Medium
P01201,Solar,Tamil Nadu,South,549,1175.09,31,3,Partial,Medium,1434.74,40.8,22.1,9.8,High
P01202,Transmission,Tamil Nadu,South,2548,3229.07,16,8,Partial,Medium,4003.48,28.3,23.98,12.3,High
P01203,Wind,Tamil Nadu,South,993,1806.13,15,6,Complete,Low,1864.06,15.4,3.21,0.4,Low
P01204,Transmission,Karnataka,South,2427,4400.28,28,6,Complete,Medium,4553.16,33.0,3.47,5.0,Medium
P01205,Hydro,Karnataka,South,530,2534.06,58,4,Partial,Medium,2874.73,63.8,13.44,5.8,Medium
P01206,Wind,Andhra Pradesh,South,926,1625.98,27,6,Partial,Medium,1913.41,36.1,17.68,9.1,High
P01207,Hydro,Karnataka,South,2802,10377.81,91,3,Pending,Medium,13857.65,112.7,33.53,21.7,High
P01208,Hydro,Rajasthan,North,3746,23857.6,56,2,Partial,High,27145.22,66.1,13.78,10.1,High
P01209,Thermal,Tamil Nadu,South,4498,23352.72,86,9,Pending,High,30021.7,104.8,28.56,18.8,High
P01210,Thermal,Maharashtra,West,4043,25787.42,80,4,Partial,Medium,30116.39,85.0,16.79,5.0,Medium
P01211,Solar,Punjab,North,578,1529.54,33,7,Complete,Medium,1625.96,36.6,6.3,3.6,Medium
P01212,Wind,Uttar Pradesh,North,794,2201.02,25,6,Complete,Low,2228.52,26.0,1.25,1.0,Low
P01213,Solar,Rajasthan,North,104,263.78,30,3,Partial,Medium,313.52,38.3,18.86,8.3,Medium
P01214,Solar,Maharashtra,West,987,3334.25,21,8,Pending,Medium,4653.92,36.0,39.58,15.0,High
P01215,Wind,Haryana,North,989,1359.93,35,3,Complete,Low,1414.3,35.6,4.0,0.6,Low
P01216,Transmission,Haryana,North,2858,3334.98,59,10,Partial,Medium,3887.12,72.6,16.56,13.6,High
P01217,Solar,Rajasthan,North,293,558.98,28,4,Pending,Low,701.26,41.6,25.45,13.6,High
P01218,Solar,Madhya Pradesh,Central,186,370.23,46,7,Complete,Low,371.44,47.6,0.33,1.6,Low
P01219,Hydro,Andhra Pradesh,South,2212,6685.57,84,2,Partial,Low,7358.29,89.0,10.06,5.0,Medium
P01220,Transmission,Punjab,North,921,1203.44,44,9,Complete,Medium,1337.95,52.3,11.18,8.3,Medium
P01221,Transmission,Tamil Nadu,South,1809,4410.18,40,4,Partial,High,5377.92,56.2,21.94,16.2,High
P01222,Thermal,Madhya Pradesh,Central,2998,19026.26,90,6,Pending,Medium,23530.02,102.3,23.67,12.3,High
P01223,Wind,Tamil Nadu,South,483,947.81,26,4,Partial,Medium,1078.76,35.7,13.82,9.7,High
P01224,Thermal,Karnataka,South,2093,5569.73,44,1,Partial,High,7502.53,61.6,34.7,17.6,High
P01225,Transmission,Punjab,North,1801,4297.83,43,2,Partial,Medium,5075.93,50.7,18.1,7.7,Medium
P01226,Solar,Madhya Pradesh,Central,60,200.45,41,9,Partial,Medium,239.59,56.0,19.53,15.0,High
P01227,Thermal,Rajasthan,North,2612,15919.89,37,6,Complete,Low,16264.14,37.2,2.16,0.2,Low
P01228,Thermal,Haryana,North,999,4934.52,56,5,Partial,Medium,5712.64,68.7,15.77,12.7,High
P01229,Wind,Karnataka,South,392,1013.27,30,6,Partial,Low,1116.52,38.9,10.19,8.9,Medium
P01230,Solar,Gujarat,West,796,2339.45,42,2,Complete,High,2853.6,49.6,21.98,7.6,Medium
P01231,Transmission,Maharashtra,West,947,2118.63,50,3,Pending,High,2984.02,66.2,40.85,16.2,High
P01232,Solar,Tamil Nadu,South,1439,2281.63,33,8,Partial,Low,2688.96,42.8,17.85,9.8,High
P01233,Solar,Maharashtra,West,1492,2385.96,17,10,Partial,Low,2855.93,27.5,19.7,10.5,High
P01234,Thermal,Madhya Pradesh,Central,3414,22007.28,76,5,Partial,Low,24153.39,79.8,9.75,3.8,Medium
P01235,Wind,Maharashtra,West,908,2259.3,16,9,Partial,Medium,2704.99,30.2,19.73,14.2,High
P01236,Hydro,Rajasthan,North,3822,17628.92,84,6,Complete,Low,17976.36,84.3,1.97,0.3,Low
P01237,Solar,Maharashtra,West,677,1032.49,22,6,Complete,Medium,1114.09,26.3,7.9,4.3,Medium
P01238,Transmission,Tamil Nadu,South,440,1088.42,59,1,Partial,Medium,1260.0,69.6,15.76,10.6,High
P01239,Wind,Maharashtra,West,662,1604.29,17,8,Partial,Medium,2012.45,28.9,25.44,11.9,High
P01240,Solar,Punjab,North,262,837.68,42,10,Partial,Medium,1082.51,55.8,29.23,13.8,High
P01241,Thermal,Uttar Pradesh,North,891,2826.6,68,2,Complete,Low,2842.41,69.3,0.56,1.3,Low
P01242,Transmission,Uttar Pradesh,North,583,893.4,43,10,Pending,Low,1253.27,65.0,40.28,22.0,High
P01243,Thermal,Gujarat,West,1966,12694.12,64,8,Pending,Low,15934.41,84.3,25.53,20.3,High
P01244,Wind,Gujarat,West,317,778.57,31,4,Pending,Low,947.99,49.2,21.76,18.2,High
P01245,Thermal,Maharashtra,West,689,4018.78,94,8,Partial,Medium,5070.91,103.5,26.18,9.5,High
P01246,Thermal,Rajasthan,North,3339,8582.47,69,3,Partial,Medium,10174.67,79.4,18.55,10.4,High
P01247,Solar,Uttar Pradesh,North,1064,3509.26,25,4,Partial,Medium,4299.95,31.5,22.53,6.5,Medium
P01248,Hydro,Rajasthan,North,947,7189.16,118,2,Complete,High,7771.78,122.9,8.1,4.9,Medium
P01249,Wind,Gujarat,West,229,441.79,18,7,Partial,Low,514.59,21.2,16.48,3.2,Medium
P01250,Hydro,Uttar Pradesh,North,3999,25506.18,91,2,Pending,Low,32672.94,106.2,28.1,15.2,High
P01251,Transmission,Tamil Nadu,South,170,201.62,57,8,Pending,Low,276.9,73.6,37.34,16.6,High
P01252,Wind,Maharashtra,West,503,973.6,24,8,Complete,Medium,1099.11,31.5,12.89,7.5,Medium
P01253,Wind,Gujarat,West,321,737.5,19,4,Partial,Medium,908.23,26.6,23.15,7.6,Medium
P01254,Transmission,Punjab,North,195,454.76,29,6,Complete,High,520.15,34.6,14.38,5.6,Medium
P01255,Transmission,Madhya Pradesh,Central,1910,2212.49,51,8,Complete,Low,2392.87,56.9,8.15,5.9,Medium
P01256,Transmission,Andhra Pradesh,South,476,831.32,24,1,Pending,Low,990.01,37.4,19.09,13.4,High
P01257,Transmission,Gujarat,West,209,279.4,48,9,Complete,Medium,319.47,55.8,14.34,7.8,Medium
P01258,Wind,Maharashtra,West,420,976.99,20,8,Complete,Medium,1121.63,27.7,14.8,7.7,Medium
P01259,Thermal,Tamil Nadu,South,1802,5859.99,90,4,Complete,High,6465.62,96.5,10.34,6.5,Medium
P01260,Hydro,Rajasthan,North,926,3429.0,53,8,Partial,Low,4277.12,61.4,24.73,8.4,Medium
P01261,Wind,Punjab,North,702,1402.54,19,2,Complete,Medium,1489.72,20.8,6.22,1.8,Low
P01262,Thermal,Tamil Nadu,South,2189,9917.78,61,6,Partial,High,12981.19,73.5,30.89,12.5,High
P01263,Hydro,Andhra Pradesh,South,2342,9073.34,38,8,Partial,Medium,11286.53,49.1,24.39,11.1,High
P01264,Solar,Maharashtra,West,881,2641.72,19,6,Partial,Medium,3160.16,25.1,19.62,6.1,Medium
P01265,Transmission,Andhra Pradesh,South,1862,1981.64,18,3,Partial,Low,2155.55,25.8,8.78,7.8,Medium
P01266,Hydro,Tamil Nadu,South,1655,12669.21,47,8,Partial,Medium,15643.98,57.7,23.48,10.7,High
P01267,Solar,Punjab,North,941,2318.17,43,3,Complete,Medium,2540.18,46.4,9.58,3.4,Medium
P01268,Thermal,Uttar Pradesh,North,3159,10299.42,90,8,Complete,Low,11240.15,92.1,9.13,2.1,Low
P01269,Wind,Madhya Pradesh,Central,376,1075.89,34,2,Partial,Low,1220.49,40.7,13.44,6.7,Medium
P01270,Transmission,Madhya Pradesh,Central,619,850.27,15,5,Complete,Low,860.01,15.5,1.15,0.5,Low
P01271,Hydro,Uttar Pradesh,North,2816,15523.65,49,2,Pending,Medium,20572.02,62.6,32.52,13.6,High
P01272,Solar,Uttar Pradesh,North,1093,3821.72,28,5,Complete,Medium,4022.48,32.5,5.25,4.5,Medium
P01273,Transmission,Uttar Pradesh,North,635,951.77,42,3,Partial,Medium,1106.57,52.2,16.26,10.2,High
P01274,Hydro,Karnataka,South,1284,6492.69,56,4,Pending,Medium,7636.2,70.6,17.61,14.6,High
P01275,Solar,Madhya Pradesh,Central,1159,2536.12,41,4,Partial,Medium,3128.06,52.4,23.34,11.4,High
P01276,Hydro,Rajasthan,North,3217,18447.35,70,10,Complete,Medium,20413.02,75.6,10.66,5.6,Medium
P01277,Hydro,Maharashtra,West,313,1727.71,104,1,Complete,Low,1812.75,104.9,4.92,0.9,Low
P01278,Thermal,Punjab,North,1547,7032.78,46,1,Complete,Medium,7368.99,51.0,4.78,5.0,Medium
P01279,Thermal,Punjab,North,4279,19041.59,78,5,Partial,High,23241.27,93.9,22.06,15.9,High
P01280,Solar,Haryana,North,540,1861.15,22,3,Complete,Medium,1997.04,25.5,7.3,3.5,Medium
P01281,Thermal,Madhya Pradesh,Central,2425,14504.69,86,5,Complete,Medium,15392.04,89.7,6.12,3.7,Medium
P01282,Wind,Rajasthan,North,491,604.1,30,7,Complete,Low,607.12,31.4,0.5,1.4,Low
P01283,Transmission,Rajasthan,North,684,828.37,44,7,Pending,Low,1091.03,56.3,31.71,12.3,High
P01284,Thermal,Gujarat,West,3205,8997.71,72,9,Partial,Medium,11082.34,79.0,23.17,7.0,Medium
P01285,Hydro,Uttar Pradesh,North,2777,17430.2,96,8,Complete,Medium,18892.64,101.7,8.39,5.7,Medium
P01286,Wind,Madhya Pradesh,Central,702,1127.63,13,7,Partial,Low,1329.03,16.5,17.86,3.5,Medium
P01287,Transmission,Uttar Pradesh,North,704,1616.51,21,5,Complete,Low,1649.52,21.2,2.04,0.2,Low
P01288,Wind,Rajasthan,North,741,1743.3,14,7,Pending,Medium,2378.03,23.6,36.41,9.6,High
P01289,Transmission,Andhra Pradesh,South,2917,6026.52,55,1,Pending,Low,6879.02,62.2,14.15,7.2,Medium
P01290,Wind,Karnataka,South,631,1434.86,21,1,Complete,Medium,1542.26,24.2,7.49,3.2,Medium
P01291,Transmission,Uttar Pradesh,North,464,771.3,19,2,Complete,Medium,856.92,21.9,11.1,2.9,Medium
P01292,Hydro,Haryana,North,2626,9303.33,91,7,Complete,High,10504.83,99.4,12.91,8.4,Medium
P01293,Thermal,Punjab,North,1952,7075.24,42,10,Complete,Medium,8208.85,47.0,16.02,5.0,Medium
P01294,Hydro,Uttar Pradesh,North,3282,13924.69,38,8,Pending,Low,17640.79,53.9,26.69,15.9,High
P01295,Transmission,Haryana,North,2732,6809.9,14,9,Complete,High,7822.21,28.8,14.87,14.8,High
P01296,Thermal,Andhra Pradesh,South,1805,10540.23,79,9,Pending,High,14116.03,104.4,33.93,25.4,High
P01297,Transmission,Tamil Nadu,South,1355,1565.45,46,10,Pending,Medium,2132.21,67.7,36.2,21.7,High
P01298,Solar,Andhra Pradesh,South,1313,4068.27,27,3,Partial,Low,4801.59,35.0,18.03,8.0,Medium
P01299,Hydro,Gujarat,West,3052,17787.59,82,5,Partial,Medium,20703.43,88.1,16.39,6.1,Medium
P01300,Hydro,Uttar Pradesh,North,525,2614.3,114,6,Complete,Medium,2820.76,115.8,7.9,1.8,Low
P01301,Transmission,Andhra Pradesh,South,261,593.0,54,1,Partial,Medium,713.89,67.3,20.39,13.3,High
P01302,Thermal,Rajasthan,North,1725,6560.77,87,4,Pending,Low,8720.47,99.5,32.92,12.5,High
P01303,Solar,Haryana,North,1010,3286.03,31,5,Partial,Medium,3762.21,39.5,14.49,8.5,Medium
P01304,Wind,Rajasthan,North,181,490.28,30,9,Complete,Medium,582.46,34.9,18.8,4.9,Medium
P01305,Thermal,Madhya Pradesh,Central,601,1907.88,76,2,Complete,Low,1997.29,77.2,4.69,1.2,Low
P01306,Solar,Uttar Pradesh,North,1007,2166.21,20,3,Complete,Medium,2306.19,21.8,6.46,1.8,Low
P01307,Thermal,Andhra Pradesh,South,3713,23965.34,82,7,Complete,High,26199.56,91.9,9.32,9.9,High
P01308,Wind,Punjab,North,401,1187.97,17,1,Complete,Medium,1282.48,21.1,7.96,4.1,Medium
P01309,Solar,Punjab,North,308,468.53,45,6,Complete,Medium,504.56,47.8,7.69,2.8,Low
P01310,Transmission,Haryana,North,1604,3629.95,48,2,Partial,Low,3977.64,55.7,9.58,7.7,Medium
P01311,Hydro,Uttar Pradesh,North,2526,18049.94,111,6,Complete,High,19876.15,122.9,10.12,11.9,High
P01312,Thermal,Andhra Pradesh,South,595,3356.97,38,6,Complete,Low,3440.72,39.6,2.49,1.6,Low
P01313,Thermal,Rajasthan,North,685,3723.33,61,6,Complete,Medium,3995.91,65.8,7.32,4.8,Medium
P01314,Hydro,Maharashtra,West,2202,7085.16,41,9,Complete,Medium,8228.42,45.3,16.14,4.3,Medium
P01315,Thermal,Punjab,North,1655,9860.34,83,1,Complete,High,10965.9,91.0,11.21,8.0,Medium
P01316,Hydro,Maharashtra,West,3251,10125.59,87,6,Partial,Medium,11605.2,95.3,14.61,8.3,Medium
P01317,Wind,Punjab,North,194,432.84,12,6,Pending,Low,559.84,26.9,29.34,14.9,High
P01318,Solar,Punjab,North,296,982.23,24,10,Pending,Medium,1246.8,43.6,26.94,19.6,High
P01319,Thermal,Uttar Pradesh,North,2895,11724.52,48,9,Complete,Low,12365.06,49.2,5.46,1.2,Low
P01320,Solar,Punjab,North,880,2937.93,14,9,Partial,Medium,3621.95,26.7,23.28,12.7,High
P01321,Solar,Uttar Pradesh,North,1476,3953.76,41,10,Complete,Medium,4385.98,48.5,10.93,7.5,Medium
P01322,Solar,Rajasthan,North,215,549.55,21,9,Partial,Low,693.92,30.0,26.27,9.0,High
P01323,Transmission,Gujarat,West,2722,3818.82,33,6,Complete,Medium,4157.69,36.9,8.87,3.9,Medium
P01324,Thermal,Karnataka,South,3834,17786.97,57,10,Complete,Low,19247.53,62.8,8.21,5.8,Medium
P01325,Solar,Uttar Pradesh,North,752,1161.61,17,7,Complete,Low,1165.25,17.7,0.31,0.7,Low
P01326,Thermal,Rajasthan,North,3754,21370.8,48,5,Complete,Medium,22843.09,51.2,6.89,3.2,Medium
P01327,Hydro,Haryana,North,570,2149.34,96,6,Pending,Medium,2644.72,112.3,23.05,16.3,High
P01328,Thermal,Gujarat,West,2333,14334.56,68,5,Partial,High,17153.76,79.9,19.67,11.9,High
P01329,Wind,Maharashtra,West,959,2373.57,24,9,Complete,Low,2578.24,27.7,8.62,3.7,Medium
P01330,Hydro,Andhra Pradesh,South,1398,8347.17,48,2,Complete,Medium,9114.49,52.1,9.19,4.1,Medium
P01331,Solar,Gujarat,West,218,761.85,29,1,Partial,Medium,916.19,36.0,20.26,7.0,Medium
P01332,Hydro,Karnataka,South,211,974.76,110,10,Pending,High,1337.52,139.1,37.22,29.1,High
P01333,Hydro,Andhra Pradesh,South,3172,21450.95,99,4,Pending,Low,27334.95,116.7,27.43,17.7,High
P01334,Hydro,Karnataka,South,3119,15616.33,100,5,Partial,High,19289.97,114.5,23.52,14.5,High
P01335,Transmission,Rajasthan,North,614,1164.06,29,9,Partial,High,1533.51,45.7,31.74,16.7,High
P01336,Solar,Karnataka,South,856,1806.35,36,2,Pending,Low,2063.85,55.0,14.26,19.0,High
P01337,Transmission,Maharashtra,West,1158,2112.57,28,3,Complete,Medium,2270.59,30.5,7.48,2.5,Low
P01338,Solar,Karnataka,South,932,1620.27,44,10,Complete,Low,1693.45,48.8,4.52,4.8,Medium
P01339,Hydro,Punjab,North,1320,5495.87,82,5,Partial,Medium,6691.66,88.2,21.76,6.2,Medium
P01340,Hydro,Haryana,North,1506,5054.53,98,9,Complete,Medium,5700.14,102.6,12.77,4.6,Medium
P01341,Wind,Haryana,North,675,1251.2,33,2,Partial,High,1593.12,48.1,27.33,15.1,High
P01342,Hydro,Karnataka,South,2156,7121.38,93,8,Complete,Medium,8601.9,100.1,20.79,7.1,Medium
P01343,Hydro,Maharashtra,West,737,2270.18,89,1,Complete,Medium,2366.1,92.2,4.23,3.2,Medium
P01344,Transmission,Karnataka,South,2787,3834.22,26,10,Complete,High,4827.91,42.1,25.92,16.1,High
P01345,Wind,Gujarat,West,955,2405.76,26,9,Complete,Medium,2701.65,35.3,12.3,9.3,High
P01346,Transmission,Maharashtra,West,1003,1553.67,42,3,Complete,Medium,1662.22,46.7,6.99,4.7,Medium
P01347,Thermal,Haryana,North,1634,8426.6,47,1,Partial,Medium,9648.81,55.0,14.5,8.0,Medium
P01348,Thermal,Uttar Pradesh,North,3146,8917.82,94,4,Complete,Medium,9626.25,96.0,7.94,2.0,Low
P01349,Solar,Karnataka,South,729,2097.67,14,1,Complete,High,2589.95,21.1,23.47,7.1,Medium
P01350,Transmission,Madhya Pradesh,Central,2380,4483.45,54,10,Complete,Medium,5067.95,58.4,13.04,4.4,Medium
P01351,Wind,Karnataka,South,250,506.31,23,3,Pending,Medium,617.38,35.3,21.94,12.3,High
P01352,Transmission,Andhra Pradesh,South,1347,2037.52,25,6,Complete,Medium,2245.61,27.4,10.21,2.4,Medium
P01353,Wind,Punjab,North,538,1254.4,31,1,Partial,Medium,1442.67,37.9,15.01,6.9,Medium
P01354,Solar,Karnataka,South,152,398.87,35,5,Partial,Medium,463.21,43.5,16.13,8.5,Medium
P01355,Wind,Tamil Nadu,South,441,704.84,28,2,Complete,Low,738.57,28.9,4.78,0.9,Low
P01356,Transmission,Tamil Nadu,South,1993,2975.25,17,7,Partial,High,3853.91,25.3,29.53,8.3,High
P01357,Transmission,Haryana,North,1414,2112.63,38,4,Pending,Low,2523.54,46.1,19.45,8.1,Medium
P01358,Solar,Gujarat,West,420,1253.47,46,5,Partial,Low,1362.17,53.2,8.67,7.2,Medium
P01359,Thermal,Karnataka,South,2394,7642.46,47,5,Complete,Low,8003.89,47.2,4.73,0.2,Low
P01360,Wind,Tamil Nadu,South,163,483.25,24,2,Partial,Low,549.87,29.6,13.79,5.6,Medium
P01361,Hydro,Uttar Pradesh,North,1221,7229.65,61,6,Partial,Medium,8778.51,68.0,21.42,7.0,Medium
P01362,Transmission,Madhya Pradesh,Central,2836,6905.43,24,6,Pending,Medium,9233.62,38.5,33.72,14.5,High
P01363,Wind,Andhra Pradesh,South,785,1833.84,12,3,Pending,Medium,2292.16,30.3,24.99,18.3,High
P01364,Wind,Uttar Pradesh,North,763,1437.43,12,3,Complete,Medium,1590.85,16.4,10.67,4.4,Medium
P01365,Solar,Uttar Pradesh,North,627,1813.76,17,9,Partial,Medium,2249.98,27.4,24.05,10.4,High
P01366,Solar,Gujarat,West,257,885.26,29,6,Complete,Low,891.9,30.1,0.75,1.1,Low
P01367,Thermal,Karnataka,South,4684,12407.59,50,3,Complete,Medium,13580.15,54.4,9.45,4.4,Medium
P01368,Solar,Punjab,North,1074,3247.37,36,10,Complete,High,4151.33,48.7,27.84,12.7,High
P01369,Wind,Uttar Pradesh,North,848,1159.4,33,3,Complete,Medium,1300.88,36.3,12.2,3.3,Medium
P01370,Hydro,Punjab,North,905,4591.29,56,10,Complete,Low,5079.08,60.2,10.62,4.2,Medium
P01371,Transmission,Gujarat,West,2880,5945.16,29,10,Partial,High,7744.46,42.6,30.27,13.6,High
P01372,Transmission,Punjab,North,218,223.66,40,5,Complete,Medium,241.07,42.3,7.79,2.3,Low
P01373,Hydro,Tamil Nadu,South,2899,23165.54,119,4,Pending,Low,29602.33,127.1,27.79,8.1,High
P01374,Hydro,Tamil Nadu,South,3355,21907.02,55,9,Complete,High,27080.64,69.7,23.62,14.7,High
P01375,Hydro,Andhra Pradesh,South,1282,7954.12,49,3,Complete,Low,8309.71,50.9,4.47,1.9,Low
P01376,Wind,Haryana,North,682,1253.79,33,2,Pending,Medium,1617.76,46.1,29.03,13.1,High
P01377,Wind,Punjab,North,266,578.73,31,7,Partial,Medium,677.5,43.5,17.07,12.5,High
P01378,Transmission,Karnataka,South,2424,3395.48,49,10,Partial,Medium,4230.75,61.6,24.6,12.6,High
P01379,Thermal,Haryana,North,3623,18966.62,38,2,Pending,Medium,22813.74,60.3,20.28,22.3,High
P01380,Hydro,Rajasthan,North,1080,6154.41,110,1,Complete,Medium,6644.26,113.2,7.96,3.2,Medium
P01381,Wind,Punjab,North,91,156.61,31,9,Partial,Medium,186.95,42.1,19.38,11.1,High
P01382,Transmission,Karnataka,South,731,1125.34,28,9,Partial,Low,1432.98,32.5,27.34,4.5,High
P01383,Thermal,Rajasthan,North,4121,14922.39,41,9,Partial,Low,18479.89,49.4,23.84,8.4,Medium
P01384,Transmission,Karnataka,South,459,1135.06,33,4,Complete,High,1276.21,40.8,12.44,7.8,Medium
P01385,Solar,Karnataka,South,643,1030.91,18,9,Complete,Medium,1208.0,25.7,17.18,7.7,Medium
P01386,Wind,Uttar Pradesh,North,596,1740.59,32,3,Partial,Medium,2143.27,40.8,23.13,8.8,Medium
P01387,Transmission,Punjab,North,561,1095.35,51,3,Partial,Medium,1303.58,59.1,19.01,8.1,Medium
P01388,Wind,Andhra Pradesh,South,160,426.16,23,1,Complete,Low,440.29,24.3,3.32,1.3,Low
P01389,Hydro,Gujarat,West,2784,13723.11,58,9,Partial,Medium,16273.73,68.8,18.59,10.8,High
P01390,Transmission,Punjab,North,1558,2716.37,47,10,Pending,High,3616.95,68.5,33.15,21.5,High
P01391,Solar,Andhra Pradesh,South,1202,4029.52,16,9,Partial,Medium,4893.86,26.0,21.45,10.0,High
P01392,Wind,Rajasthan,North,888,1640.98,31,4,Partial,Low,1731.16,40.3,5.5,9.3,High
P01393,Thermal,Tamil Nadu,South,4922,17613.83,89,6,Complete,Low,18369.07,89.7,4.29,0.7,Low
P01394,Hydro,Gujarat,West,856,5369.36,115,6,Complete,Low,5458.0,115.8,1.65,0.8,Low
P01395,Solar,Andhra Pradesh,South,1487,2305.31,22,5,Pending,Low,2795.92,29.8,21.28,7.8,Medium
P01396,Wind,Tamil Nadu,South,883,1939.08,22,4,Complete,Medium,2136.35,24.7,10.17,2.7,Medium
P01397,Transmission,Karnataka,South,793,1941.52,41,5,Pending,Medium,2264.6,56.1,16.64,15.1,High
P01398,Hydro,Punjab,North,2224,8887.57,91,1,Pending,Medium,11895.64,109.1,33.85,18.1,High
P01399,Hydro,Tamil Nadu,South,2307,10900.38,66,6,Complete,Medium,11404.22,69.0,4.62,3.0,Medium
P01400,Transmission,Rajasthan,North,1039,1672.74,16,2,Partial,Low,1897.87,23.5,13.46,7.5,Medium
P01401,Transmission,Tamil Nadu,South,778,1075.37,21,10,Partial,Low,1328.44,35.3,23.53,14.3,High
P01402,Wind,Madhya Pradesh,Central,320,673.24,16,10,Pending,Medium,841.23,39.1,24.95,23.1,High
P01403,Transmission,Punjab,North,1967,3514.67,59,7,Partial,Low,3819.82,63.1,8.68,4.1,Medium
P01404,Hydro,Andhra Pradesh,South,3561,17314.0,86,6,Complete,Medium,19000.84,89.8,9.74,3.8,Medium
P01405,Thermal,Tamil Nadu,South,4874,12786.81,74,10,Complete,Medium,14007.28,81.7,9.54,7.7,Medium
P01406,Wind,Uttar Pradesh,North,581,1179.0,32,4,Complete,Medium,1241.91,36.1,5.34,4.1,Medium
P01407,Thermal,Gujarat,West,2706,11737.99,74,6,Complete,Medium,12303.56,76.0,4.82,2.0,Low
P01408,Transmission,Tamil Nadu,South,170,273.77,24,6,Complete,Medium,293.74,28.8,7.29,4.8,Medium
P01409,Hydro,Uttar Pradesh,North,2413,12177.72,65,7,Complete,Medium,13312.91,68.3,9.32,3.3,Medium
P01410,Thermal,Tamil Nadu,South,2417,11134.88,77,9,Partial,Medium,13261.98,89.6,19.1,12.6,High
P01411,Hydro,Uttar Pradesh,North,2501,7506.16,46,10,Partial,High,9650.42,66.4,28.57,20.4,High
P01412,Solar,Madhya Pradesh,Central,1482,5132.96,18,9,Partial,Low,5859.32,27.0,14.15,9.0,Medium
P01413,Hydro,Haryana,North,794,2554.08,116,5,Complete,High,3015.02,120.3,18.05,4.3,Medium
P01414,Hydro,Maharashtra,West,1632,10129.55,68,7,Complete,Low,10247.52,68.8,1.16,0.8,Low
P01415,Wind,Haryana,North,66,104.3,22,10,Partial,Medium,122.42,30.7,17.38,8.7,Medium
P01416,Thermal,Haryana,North,2120,12209.24,86,3,Pending,Medium,16103.17,101.2,31.89,15.2,High
P01417,Solar,Andhra Pradesh,South,1300,4429.8,47,6,Partial,Low,5015.72,52.4,13.23,5.4,Medium
P01418,Transmission,Uttar Pradesh,North,2718,6699.55,55,4,Complete,Low,6808.64,55.1,1.63,0.1,Low
P01419,Transmission,Punjab,North,1701,3273.51,18,10,Partial,Medium,4174.09,32.4,27.51,14.4,High
P01420,Wind,Gujarat,West,443,1104.42,33,1,Partial,Medium,1317.57,43.9,19.3,10.9,High
P01421,Solar,Tamil Nadu,South,1244,4315.34,18,2,Complete,Medium,4713.78,21.8,9.23,3.8,Medium
P01422,Solar,Gujarat,West,1021,3128.48,46,8,Complete,Low,3272.47,50.2,4.6,4.2,Medium
P01423,Solar,Tamil Nadu,South,1173,2108.45,16,1,Partial,Low,2438.7,22.8,15.66,6.8,Medium
P01424,Transmission,Gujarat,West,2561,6232.15,29,3,Complete,Low,6324.9,29.9,1.49,0.9,Low
P01425,Thermal,Gujarat,West,2186,10891.85,95,5,Partial,Medium,13100.06,104.2,20.27,9.2,High
P01426,Solar,Karnataka,South,1125,2813.44,24,10,Partial,Medium,3610.06,37.4,28.31,13.4,High
P01427,Solar,Karnataka,South,734,2287.32,21,7,Partial,Medium,2645.06,31.6,15.64,10.6,High
P01428,Transmission,Rajasthan,North,1721,3795.41,59,2,Partial,Low,4454.23,67.5,17.36,8.5,Medium
P01429,Hydro,Haryana,North,3565,27994.92,74,3,Pending,Medium,35209.83,84.1,25.77,10.1,High
P01430,Transmission,Haryana,North,2310,5281.4,23,4,Complete,High,5848.45,28.0,10.74,5.0,Medium
P01431,Thermal,Gujarat,West,2917,14114.31,36,1,Partial,Medium,16494.81,44.5,16.87,8.5,Medium
P01432,Thermal,Andhra Pradesh,South,1148,5843.57,54,1,Partial,Medium,6776.64,65.4,15.97,11.4,High
P01433,Thermal,Karnataka,South,2851,13825.69,51,10,Complete,Medium,16121.09,56.2,16.6,5.2,Medium
P01434,Thermal,Karnataka,South,3618,9583.81,37,3,Pending,High,13789.93,61.6,43.89,24.6,High
P01435,Solar,Rajasthan,North,1314,3164.94,36,2,Complete,High,3507.16,41.3,10.81,5.3,Medium
P01436,Solar,Uttar Pradesh,North,1231,2908.62,35,1,Partial,Medium,3250.75,43.1,11.76,8.1,Medium
P01437,Wind,Maharashtra,West,996,2309.07,26,1,Complete,Medium,2540.38,30.1,10.02,4.1,Medium
P01438,Transmission,Gujarat,West,186,342.29,37,7,Complete,Medium,375.71,40.1,9.76,3.1,Medium
P01439,Hydro,Punjab,North,3154,19026.91,73,5,Pending,Low,22433.09,88.1,17.9,15.1,High
P01440,Transmission,Maharashtra,West,2168,4836.88,23,4,Partial,High,5845.5,39.4,20.85,16.4,High
P01441,Hydro,Andhra Pradesh,South,1722,11488.52,116,10,Partial,Medium,14170.66,125.8,23.35,9.8,High
P01442,Thermal,Haryana,North,2526,10835.65,69,5,Partial,Low,11777.27,72.7,8.69,3.7,Medium
P01443,Solar,Karnataka,South,744,2541.93,18,4,Partial,High,3301.02,33.4,29.86,15.4,High
P01444,Thermal,Madhya Pradesh,Central,1504,5104.14,37,8,Complete,Medium,5732.01,43.9,12.3,6.9,Medium
P01445,Thermal,Haryana,North,1793,5196.11,49,10,Complete,Low,5692.51,52.9,9.55,3.9,Medium
P01446,Transmission,Gujarat,West,1106,2710.45,18,1,Complete,Medium,2847.33,21.4,5.05,3.4,Medium
P01447,Thermal,Gujarat,West,642,3048.15,78,2,Partial,Medium,3620.37,85.1,18.77,7.1,Medium
P01448,Hydro,Haryana,North,433,3024.45,68,7,Complete,Low,3170.96,68.6,4.84,0.6,Low
P01449,Thermal,Tamil Nadu,South,2666,14492.42,57,6,Complete,Medium,15172.75,62.1,4.69,5.1,Medium
P01450,Thermal,Karnataka,South,1720,5536.91,75,10,Partial,Medium,6873.5,87.4,24.14,12.4,High
P01451,Transmission,Madhya Pradesh,Central,2809,3716.03,15,3,Complete,Low,3762.68,15.6,1.26,0.6,Low
P01452,Wind,Haryana,North,825,1125.62,25,9,Complete,Medium,1272.68,31.7,13.06,6.7,Medium
P01453,Solar,Andhra Pradesh,South,1132,1721.92,22,9,Pending,Medium,2304.6,40.5,33.84,18.5,High
P01454,Transmission,Maharashtra,West,1591,2317.24,12,9,Pending,Medium,3128.14,28.8,34.99,16.8,High
P01455,Hydro,Maharashtra,West,3956,22387.43,75,2,Partial,Medium,25291.57,79.9,12.97,4.9,Medium
P01456,Thermal,Maharashtra,West,1923,5504.3,61,4,Complete,Medium,5967.07,63.9,8.41,2.9,Low
P01457,Wind,Maharashtra,West,884,1412.83,17,4,Partial,Medium,1669.35,25.1,18.16,8.1,Medium
P01458,Solar,Karnataka,South,1042,3016.12,33,9,Complete,Low,3228.71,38.0,7.05,5.0,Medium
P01459,Thermal,Karnataka,South,4982,17121.51,73,6,Pending,Medium,22252.64,85.5,29.97,12.5,High
P01460,Thermal,Madhya Pradesh,Central,4813,20252.23,45,3,Pending,Medium,26131.73,58.3,29.03,13.3,High
P01461,Wind,Rajasthan,North,988,1193.06,17,6,Complete,Medium,1299.68,21.1,8.94,4.1,Medium
P01462,Wind,Maharashtra,West,203,492.16,34,6,Complete,High,544.09,40.4,10.55,6.4,Medium
P01463,Transmission,Rajasthan,North,222,319.54,16,10,Complete,Medium,359.55,21.5,12.52,5.5,Medium
P01464,Transmission,Maharashtra,West,697,1244.69,48,5,Pending,Medium,1494.88,56.7,20.1,8.7,Medium
P01465,Wind,Andhra Pradesh,South,592,1629.0,14,7,Complete,Medium,1832.21,16.6,12.47,2.6,Medium
P01466,Hydro,Gujarat,West,462,2732.47,48,1,Partial,Medium,3282.43,56.3,20.13,8.3,Medium
P01467,Transmission,Haryana,North,1105,1478.59,21,3,Partial,Low,1752.96,25.7,18.56,4.7,Medium
P01468,Wind,Karnataka,South,436,694.36,22,2,Complete,High,814.81,33.5,17.35,11.5,High
P01469,Hydro,Madhya Pradesh,Central,202,1162.85,51,8,Pending,Medium,1517.39,67.9,30.49,16.9,High
P01470,Solar,Madhya Pradesh,Central,1413,3035.56,38,4,Complete,Medium,3332.57,40.6,9.78,2.6,Low
P01471,Thermal,Karnataka,South,4519,22308.95,55,7,Partial,Medium,26255.18,61.7,17.69,6.7,Medium
P01472,Hydro,Maharashtra,West,3449,24071.13,110,6,Complete,Medium,26118.83,114.1,8.51,4.1,Medium
P01473,Solar,Gujarat,West,669,1199.95,14,10,Complete,Medium,1382.7,22.8,15.23,8.8,Medium
P01474,Hydro,Gujarat,West,1211,8071.51,58,5,Pending,Low,9703.38,66.4,20.22,8.4,Medium
P01475,Solar,Karnataka,South,660,1906.59,23,5,Partial,Medium,2216.15,33.9,16.24,10.9,High
P01476,Hydro,Rajasthan,North,3184,15811.38,93,5,Complete,High,17642.41,105.4,11.58,12.4,High
P01477,Wind,Rajasthan,North,972,1297.99,13,1,Complete,Medium,1406.46,15.1,8.36,2.1,Low
P01478,Wind,Gujarat,West,818,1510.45,27,6,Complete,Low,1530.67,27.1,1.34,0.1,Low
P01479,Solar,Andhra Pradesh,South,243,534.7,28,3,Partial,Medium,662.1,39.0,23.83,11.0,High
P01480,Transmission,Uttar Pradesh,North,756,1480.2,35,4,Pending,Medium,2004.1,52.3,35.39,17.3,High
P01481,Hydro,Haryana,North,3519,17773.84,83,8,Complete,Low,19641.78,86.8,10.51,3.8,Medium
P01482,Transmission,Tamil Nadu,South,2549,3232.23,29,3,Partial,Medium,3923.27,34.3,21.38,5.3,Medium
P01483,Solar,Andhra Pradesh,South,1292,2148.83,31,6,Complete,Medium,2317.9,35.9,7.87,4.9,Medium
P01484,Wind,Haryana,North,904,1458.62,29,4,Complete,Medium,1546.25,31.3,6.01,2.3,Low
P01485,Wind,Madhya Pradesh,Central,121,260.1,32,9,Complete,Low,275.14,36.4,5.78,4.4,Medium
P01486,Thermal,Tamil Nadu,South,3739,14995.5,56,6,Complete,High,16602.37,67.2,10.72,11.2,High
P01487,Hydro,Haryana,North,1926,5988.43,38,2,Pending,Medium,7923.6,57.2,32.32,19.2,High
P01488,Hydro,Gujarat,West,1511,7771.09,68,9,Complete,Medium,8431.17,74.4,8.49,6.4,Medium
P01489,Solar,Gujarat,West,584,1435.99,41,1,Complete,High,1660.14,49.8,15.61,8.8,Medium
P01490,Thermal,Punjab,North,579,3422.2,81,8,Complete,Low,3841.62,87.0,12.26,6.0,Medium
P01491,Transmission,Maharashtra,West,2492,4280.4,55,10,Complete,Medium,5011.05,65.3,17.07,10.3,High
P01492,Solar,Tamil Nadu,South,730,1670.59,28,1,Partial,Medium,2025.05,36.0,21.22,8.0,Medium
P01493,Hydro,Uttar Pradesh,North,893,5449.15,40,1,Pending,Medium,6949.46,56.8,27.53,16.8,High
P01494,Wind,Karnataka,South,243,654.34,33,3,Partial,Medium,799.11,38.9,22.12,5.9,Medium
P01495,Hydro,Madhya Pradesh,Central,3308,22840.34,118,8,Pending,Medium,31389.29,130.0,37.43,12.0,High
P01496,Hydro,Gujarat,West,2124,15431.96,50,5,Complete,Medium,16821.22,52.5,9.0,2.5,Low
P01497,Solar,Andhra Pradesh,South,310,950.11,15,10,Complete,High,1090.54,31.0,14.78,16.0,High
P01498,Solar,Haryana,North,1170,2866.84,23,3,Complete,Medium,3163.8,25.8,10.36,2.8,Medium
P01499,Hydro,Andhra Pradesh,South,1911,6773.16,112,10,Pending,High,9754.36,140.3,44.01,28.3,High
P01500,Transmission,Haryana,North,264,466.06,27,2,Complete,Low,467.2,28.7,0.25,1.7,Low
P01501,Hydro,Uttar Pradesh,North,392,2200.38,113,5,Pending,High,2791.84,137.5,26.88,24.5,High
P01502,Wind,Rajasthan,North,722,1610.78,25,6,Pending,Low,1989.84,43.7,23.53,18.7,High
P01503,Solar,Gujarat,West,768,2475.7,31,1,Partial,Medium,2934.62,40.0,18.54,9.0,Medium
P01504,Thermal,Karnataka,South,4053,20289.37,64,3,Partial,Medium,23986.89,75.6,18.22,11.6,High
P01505,Transmission,Punjab,North,1343,1591.23,27,9,Complete,High,2088.76,43.0,31.27,16.0,High
P01506,Thermal,Andhra Pradesh,South,1431,5758.75,42,5,Complete,High,7018.68,45.9,21.88,3.9,Medium
P01507,Solar,Maharashtra,West,1487,3629.24,15,4,Complete,Medium,3945.59,18.1,8.72,3.1,Medium
P01508,Wind,Gujarat,West,728,1046.46,18,5,Complete,Low,1074.79,19.2,2.71,1.2,Low
P01509,Solar,Karnataka,South,224,369.69,37,9,Partial,Medium,458.92,48.0,24.14,11.0,High
P01510,Solar,Haryana,North,1037,3516.79,39,1,Complete,Medium,3853.22,41.8,9.57,2.8,Low
P01511,Transmission,Rajasthan,North,1950,4070.25,33,9,Complete,Medium,4849.63,40.8,19.15,7.8,Medium
P01512,Thermal,Madhya Pradesh,Central,929,5355.22,56,5,Partial,Low,6056.69,64.9,13.1,8.9,Medium
P01513,Solar,Maharashtra,West,214,638.93,43,1,Complete,High,758.38,55.3,18.7,12.3,High
P01514,Hydro,Tamil Nadu,South,2052,9004.38,113,7,Complete,High,9737.92,121.6,8.15,8.6,Medium
P01515,Hydro,Gujarat,West,2862,19639.15,82,10,Partial,Low,22887.23,90.5,16.54,8.5,Medium
P01516,Thermal,Rajasthan,North,4171,26676.45,86,5,Complete,Low,27276.53,87.3,2.25,1.3,Low
P01517,Solar,Haryana,North,1026,2592.89,47,2,Complete,Medium,2816.65,50.9,8.63,3.9,Medium
P01518,Hydro,Punjab,North,3824,20489.82,46,6,Complete,Medium,21887.88,48.6,6.82,2.6,Low
P01519,Wind,Uttar Pradesh,North,819,2249.16,35,8,Complete,Medium,2587.09,43.5,15.02,8.5,Medium
P01520,Transmission,Tamil Nadu,South,2171,5416.3,57,9,Complete,Medium,6364.83,60.1,17.51,3.1,Medium
P01521,Transmission,Karnataka,South,1670,2691.22,23,7,Pending,High,3549.74,40.7,31.9,17.7,High
P01522,Transmission,Punjab,North,427,915.17,42,1,Complete,Low,930.43,43.8,1.67,1.8,Low
P01523,Hydro,Andhra Pradesh,South,3322,22737.65,94,8,Partial,High,31178.1,114.5,37.12,20.5,High
P01524,Hydro,Uttar Pradesh,North,2821,13214.4,48,6,Pending,High,18226.14,61.1,37.93,13.1,High
P01525,Thermal,Punjab,North,1107,6673.24,91,9,Pending,Medium,8268.23,113.0,23.9,22.0,High
P01526,Transmission,Andhra Pradesh,South,2309,2758.88,19,3,Partial,Medium,3337.7,29.6,20.98,10.6,High
P01527,Thermal,Madhya Pradesh,Central,4442,23839.5,58,1,Pending,Low,31251.4,73.0,31.09,15.0,High
P01528,Thermal,Haryana,North,4196,15865.22,87,5,Complete,High,17885.76,93.2,12.74,6.2,Medium
P01529,Thermal,Tamil Nadu,South,4201,11808.93,76,10,Pending,Low,14104.18,93.7,19.44,17.7,High
P01530,Solar,Rajasthan,North,84,199.71,35,8,Complete,Medium,212.64,40.1,6.48,5.1,Medium
P01531,Solar,Maharashtra,West,1436,3004.61,27,3,Complete,Medium,3318.35,31.4,10.44,4.4,Medium
P01532,Wind,Punjab,North,537,1033.38,30,9,Pending,Medium,1334.58,48.1,29.15,18.1,High
P01533,Thermal,Rajasthan,North,4824,22205.62,52,4,Complete,Low,22734.09,52.5,2.38,0.5,Low
P01534,Hydro,Andhra Pradesh,South,3822,24351.71,74,5,Partial,High,30100.98,91.5,23.61,17.5,High
P01535,Thermal,Punjab,North,4705,24226.0,36,8,Pending,Medium,33178.2,56.7,36.95,20.7,High
P01536,Wind,Punjab,North,993,2458.34,31,8,Complete,Low,2603.08,34.6,5.89,3.6,Medium
P01537,Wind,Maharashtra,West,995,2981.26,35,5,Partial,Medium,3626.73,45.9,21.65,10.9,High
P01538,Solar,Maharashtra,West,1113,3552.61,44,5,Pending,Medium,4461.97,64.0,25.6,20.0,High
P01539,Hydro,Rajasthan,North,1239,8475.26,56,5,Pending,Medium,10573.51,73.0,24.76,17.0,High
P01540,Solar,Maharashtra,West,1498,3722.44,47,2,Partial,Low,4026.24,52.9,8.16,5.9,Medium
P01541,Wind,Maharashtra,West,609,1732.3,13,6,Complete,High,2041.73,21.9,17.86,8.9,Medium
P01542,Thermal,Gujarat,West,3914,15506.11,63,4,Partial,High,19141.1,76.6,23.44,13.6,High
P01543,Transmission,Punjab,North,2837,3105.39,51,8,Pending,Low,4202.54,66.9,35.33,15.9,High
P01544,Thermal,Gujarat,West,1457,7489.68,51,8,Pending,Medium,9794.99,72.5,30.78,21.5,High
P01545,Transmission,Madhya Pradesh,Central,808,1627.61,15,1,Pending,High,2054.17,32.2,26.21,17.2,High
P01546,Thermal,Uttar Pradesh,North,3543,20116.13,74,6,Partial,High,25725.4,85.0,27.88,11.0,High
P01547,Thermal,Madhya Pradesh,Central,815,4223.67,68,1,Complete,Medium,4628.82,72.5,9.59,4.5,Medium
P01548,Hydro,Andhra Pradesh,South,647,2302.11,38,10,Partial,Medium,2775.76,48.8,20.57,10.8,High
P01549,Wind,Punjab,North,794,1191.41,17,6,Complete,Medium,1258.69,19.4,5.65,2.4,Low
P01550,Transmission,Punjab,North,1790,3095.68,40,7,Complete,Medium,3375.49,42.7,9.04,2.7,Low
P01551,Solar,Tamil Nadu,South,1460,4282.9,43,4,Complete,Low,4350.34,44.2,1.57,1.2,Low
P01552,Solar,Madhya Pradesh,Central,446,755.44,44,2,Partial,Low,830.38,47.3,9.92,3.3,Medium
P01553,Thermal,Madhya Pradesh,Central,1860,10812.43,37,7,Partial,High,14541.49,50.0,34.49,13.0,High
P01554,Transmission,Karnataka,South,1360,2967.18,19,4,Pending,High,3836.94,38.2,29.31,19.2,High
P01555,Hydro,Haryana,North,646,3056.0,74,10,Pending,Low,3971.17,93.4,29.95,19.4,High
P01556,Hydro,Tamil Nadu,South,353,2685.97,92,8,Complete,High,3508.58,100.6,30.63,8.6,High
P01557,Thermal,Maharashtra,West,3065,10638.63,66,9,Partial,High,13379.46,81.0,25.76,15.0,High
P01558,Solar,Tamil Nadu,South,1391,4865.56,23,10,Partial,Medium,5760.78,34.1,18.4,11.1,High
P01559,Solar,Karnataka,South,1393,3485.09,28,1,Pending,Medium,4435.18,45.6,27.26,17.6,High
P01560,Hydro,Haryana,North,2046,7360.3,113,9,Partial,Medium,8850.15,126.3,20.24,13.3,High
P01561,Transmission,Haryana,North,304,523.6,51,5,Complete,High,574.64,60.9,9.75,9.9,High
P01562,Wind,Haryana,North,888,2100.97,15,10,Partial,High,2767.97,33.4,31.75,18.4,High
P01563,Hydro,Andhra Pradesh,South,1757,8594.84,67,4,Complete,Medium,9578.47,69.0,11.44,2.0,Medium
P01564,Thermal,Uttar Pradesh,North,2403,9616.34,87,4,Partial,Low,11429.09,93.7,18.85,6.7,Medium
P01565,Hydro,Punjab,North,2039,12734.53,48,4,Complete,High,15285.27,55.2,20.03,7.2,Medium
P01566,Solar,Rajasthan,North,1359,2116.61,23,6,Complete,Medium,2348.54,26.0,10.96,3.0,Medium
P01567,Hydro,Karnataka,South,1341,4655.86,52,9,Complete,Medium,5180.37,55.8,11.27,3.8,Medium
P01568,Solar,Gujarat,West,364,742.71,19,7,Complete,Medium,832.43,22.2,12.08,3.2,Medium
P01569,Transmission,Karnataka,South,191,319.91,49,6,Partial,Medium,363.0,56.5,13.47,7.5,Medium
P01570,Wind,Andhra Pradesh,South,581,1539.84,19,3,Complete,High,1746.69,24.4,13.43,5.4,Medium
P01571,Wind,Uttar Pradesh,North,442,875.17,13,7,Partial,Medium,1050.4,22.2,20.02,9.2,High
P01572,Transmission,Maharashtra,West,2289,3875.48,29,5,Complete,Medium,4108.33,33.3,6.01,4.3,Medium
P01573,Wind,Madhya Pradesh,Central,630,1878.16,25,2,Pending,Medium,2440.83,45.2,29.96,20.2,High
P01574,Thermal,Haryana,North,3872,17426.46,82,2,Pending,High,22641.47,95.9,29.93,13.9,High
P01575,Thermal,Tamil Nadu,South,3852,22165.12,54,5,Complete,Medium,23820.39,56.5,7.47,2.5,Low
P01576,Hydro,Karnataka,South,1591,6324.54,89,3,Pending,Low,8406.5,102.5,32.92,13.5,High
P01577,Thermal,Rajasthan,North,2660,16634.71,41,6,Complete,Low,16793.39,41.5,0.95,0.5,Low
P01578,Wind,Maharashtra,West,527,1097.41,14,1,Pending,Low,1444.61,30.7,31.64,16.7,High
P01579,Hydro,Madhya Pradesh,Central,151,735.17,76,7,Partial,Medium,834.02,84.2,13.45,8.2,Medium
P01580,Thermal,Karnataka,South,2076,10067.08,48,9,Partial,High,12165.74,61.9,20.85,13.9,High
P01581,Transmission,Maharashtra,West,1871,2709.96,56,7,Partial,Medium,3170.33,62.1,16.99,6.1,Medium
P01582,Wind,Tamil Nadu,South,962,1717.43,16,8,Partial,Low,2159.16,23.3,25.72,7.3,High
P01583,Transmission,Karnataka,South,275,313.7,53,6,Complete,Medium,340.53,57.8,8.55,4.8,Medium
P01584,Hydro,Rajasthan,North,1484,10364.35,65,10,Pending,Medium,13925.3,86.6,34.36,21.6,High
P01585,Wind,Haryana,North,95,197.46,21,2,Partial,Medium,221.81,29.9,12.33,8.9,Medium
P01586,Transmission,Maharashtra,West,1926,4199.84,30,4,Partial,Medium,5244.82,36.2,24.88,6.2,Medium
P01587,Solar,Andhra Pradesh,South,1492,4556.16,45,1,Partial,Low,5347.53,52.3,17.37,7.3,Medium
P01588,Solar,Maharashtra,West,1060,2190.67,40,3,Complete,Medium,2311.01,43.6,5.49,3.6,Medium
P01589,Hydro,Tamil Nadu,South,3666,20447.48,106,1,Complete,Low,21014.6,106.5,2.77,0.5,Low
P01590,Solar,Rajasthan,North,235,750.59,33,5,Partial,Medium,937.79,37.2,24.94,4.2,Medium
P01591,Wind,Karnataka,South,745,2176.73,28,3,Complete,Low,2215.14,28.7,1.76,0.7,Low
P01592,Transmission,Punjab,North,1825,3959.93,24,3,Complete,Low,3965.99,24.2,0.15,0.2,Low
P01593,Solar,Haryana,North,920,3058.01,38,2,Complete,Medium,3211.21,42.8,5.01,4.8,Medium
P01594,Transmission,Haryana,North,773,1356.7,42,4,Partial,High,1528.95,57.8,12.7,15.8,High
P01595,Thermal,Rajasthan,North,2406,11910.1,71,9,Complete,Low,12940.65,73.3,8.65,2.3,Low
P01596,Transmission,Rajasthan,North,725,1086.02,28,6,Partial,Medium,1325.48,38.2,22.05,10.2,High
P01597,Thermal,Punjab,North,3643,21725.19,87,2,Complete,Low,21833.52,88.5,0.5,1.5,Low
P01598,Wind,Punjab,North,978,1587.82,13,4,Partial,Medium,1846.48,24.1,16.29,11.1,High
P01599,Wind,Andhra Pradesh,South,761,1797.09,22,10,Complete,Low,1943.41,25.3,8.14,3.3,Medium
P01600,Transmission,Andhra Pradesh,South,1509,2614.8,16,7,Pending,High,3509.87,30.2,34.23,14.2,High
P01601,Solar,Punjab,North,978,2335.26,15,7,Partial,Medium,2831.44,25.9,21.25,10.9,High
P01602,Solar,Karnataka,South,562,1133.75,18,10,Complete,High,1441.92,33.5,27.18,15.5,High
P01603,Thermal,Karnataka,South,2119,11109.3,43,8,Complete,Low,12277.91,45.6,10.52,2.6,Medium
P01604,Hydro,Tamil Nadu,South,2181,16879.32,119,5,Partial,Low,18164.41,123.9,7.61,4.9,Medium
P01605,Hydro,Rajasthan,North,1611,8356.85,90,2,Complete,Medium,8879.43,93.5,6.25,3.5,Medium
P01606,Wind,Gujarat,West,343,463.52,18,7,Pending,Medium,547.39,30.4,18.09,12.4,High
P01607,Wind,Andhra Pradesh,South,896,2481.09,21,7,Partial,Medium,3034.91,31.3,22.32,10.3,High
P01608,Wind,Rajasthan,North,778,1096.52,26,4,Partial,Low,1192.38,33.7,8.74,7.7,Medium
P01609,Transmission,Maharashtra,West,189,349.43,24,7,Complete,High,410.67,27.6,17.52,3.6,Medium
P01610,Transmission,Madhya Pradesh,Central,789,822.9,52,5,Complete,Medium,895.6,56.3,8.83,4.3,Medium
P01611,Wind,Maharashtra,West,293,830.89,14,6,Complete,Medium,935.9,16.0,12.64,2.0,Medium
P01612,Thermal,Uttar Pradesh,North,1077,6874.91,43,6,Partial,Low,8002.51,47.2,16.4,4.2,Medium
P01613,Hydro,Punjab,North,930,6352.7,114,5,Complete,Low,6523.07,115.0,2.68,1.0,Low
P01614,Hydro,Punjab,North,2234,7601.35,70,9,Complete,Low,8508.66,73.4,11.94,3.4,Medium
P01615,Hydro,Madhya Pradesh,Central,2917,14207.32,39,9,Partial,Low,16595.66,47.4,16.81,8.4,Medium
P01616,Transmission,Karnataka,South,2682,6162.66,55,5,Complete,High,6649.98,59.1,7.91,4.1,Medium
P01617,Hydro,Andhra Pradesh,South,3135,22956.68,103,7,Complete,High,26522.33,109.8,15.53,6.8,Medium
P01618,Wind,Punjab,North,67,153.71,22,2,Complete,Medium,166.85,26.2,8.55,4.2,Medium
P01619,Hydro,Tamil Nadu,South,3447,19236.2,103,10,Pending,Medium,25720.85,118.7,33.71,15.7,High
P01620,Transmission,Karnataka,South,2902,4017.31,55,7,Partial,High,5438.05,64.4,35.37,9.4,High
P01621,Wind,Gujarat,West,302,903.31,18,1,Complete,Low,906.04,18.2,0.3,0.2,Low
P01622,Transmission,Punjab,North,681,1671.51,41,1,Complete,Medium,1768.79,43.4,5.82,2.4,Low
P01623,Hydro,Rajasthan,North,2206,13726.59,109,1,Complete,High,15204.03,121.0,10.76,12.0,High
P01624,Wind,Karnataka,South,549,763.43,29,4,Complete,Low,766.05,30.8,0.34,1.8,Low
P01625,Solar,Andhra Pradesh,South,65,172.53,47,8,Partial,Low,197.76,57.7,14.63,10.7,High
P01626,Thermal,Gujarat,West,3200,8370.07,47,7,Partial,Medium,9712.58,54.1,16.04,7.1,Medium
P01627,Transmission,Uttar Pradesh,North,2617,2919.35,25,2,Partial,High,3563.45,36.8,22.06,11.8,High
P01628,Hydro,Punjab,North,832,4211.93,78,9,Partial,Low,5130.94,92.1,21.82,14.1,High
P01629,Thermal,Gujarat,West,4778,15561.67,77,4,Pending,Medium,19185.87,96.6,23.29,19.6,High
P01630,Transmission,Gujarat,West,1419,2786.19,33,1,Complete,Medium,3002.25,36.4,7.75,3.4,Medium
P01631,Solar,Gujarat,West,786,2337.99,21,7,Complete,Medium,2490.75,22.9,6.53,1.9,Low
P01632,Hydro,Andhra Pradesh,South,1460,10974.24,69,4,Pending,Medium,13655.1,88.2,24.43,19.2,High
P01633,Wind,Uttar Pradesh,North,342,1013.3,22,3,Pending,Medium,1227.96,43.1,21.18,21.1,High
P01634,Hydro,Karnataka,South,207,1640.97,79,3,Complete,Medium,1784.56,80.9,8.75,1.9,Low
P01635,Solar,Punjab,North,1441,4748.06,29,9,Pending,Medium,6240.86,46.0,31.44,17.0,High
P01636,Wind,Gujarat,West,341,755.17,34,7,Pending,Medium,1029.22,45.2,36.29,11.2,High
P01637,Solar,Andhra Pradesh,South,1061,3411.35,23,5,Pending,Medium,4234.58,37.4,24.13,14.4,High
P01638,Solar,Madhya Pradesh,Central,1490,2684.62,41,9,Complete,High,3271.22,57.0,21.85,16.0,High
P01639,Thermal,Karnataka,South,2915,9518.18,92,6,Complete,Low,9706.9,92.9,1.98,0.9,Low
P01640,Transmission,Karnataka,South,468,499.67,42,4,Pending,Medium,663.39,60.7,32.77,18.7,High
P01641,Transmission,Haryana,North,2067,3193.03,26,7,Partial,Low,3537.53,33.9,10.79,7.9,Medium
P01642,Solar,Madhya Pradesh,Central,1491,3009.98,47,7,Complete,Low,3144.81,48.2,4.48,1.2,Low
P01643,Transmission,Karnataka,South,2910,7176.59,57,10,Partial,Low,8340.19,66.1,16.21,9.1,High
P01644,Hydro,Madhya Pradesh,Central,3968,16355.05,116,10,Pending,Medium,21375.54,137.1,30.7,21.1,High
P01645,Solar,Punjab,North,1451,3848.95,28,3,Partial,High,4972.2,40.7,29.18,12.7,High
P01646,Transmission,Tamil Nadu,South,338,377.05,32,7,Partial,High,444.11,47.0,17.79,15.0,High
P01647,Transmission,Haryana,North,1109,1306.69,38,1,Complete,Medium,1408.91,39.9,7.82,1.9,Low
P01648,Solar,Maharashtra,West,1081,2777.71,33,7,Complete,Medium,2965.8,36.9,6.77,3.9,Medium
P01649,Solar,Maharashtra,West,981,3227.78,20,8,Complete,Medium,3767.19,27.4,16.71,7.4,Medium
P01650,Transmission,Andhra Pradesh,South,1181,2191.77,47,1,Partial,Low,2428.69,51.6,10.81,4.6,Medium
P01651,Transmission,Tamil Nadu,South,1445,3388.99,33,5,Pending,High,4462.19,52.4,31.67,19.4,High
P01652,Hydro,Haryana,North,1012,5278.88,103,10,Complete,High,6161.8,114.9,16.73,11.9,High
P01653,Transmission,Andhra Pradesh,South,1504,3500.18,27,9,Partial,Medium,4252.28,41.7,21.49,14.7,High
P01654,Wind,Rajasthan,North,948,1807.27,16,7,Complete,Low,1829.97,16.2,1.26,0.2,Low
P01655,Wind,Andhra Pradesh,South,228,526.91,15,10,Complete,High,647.47,21.4,22.88,6.4,Medium
P01656,Thermal,Haryana,North,4824,27515.85,69,7,Pending,Medium,35394.09,89.8,28.63,20.8,High
P01657,Transmission,Tamil Nadu,South,1320,1673.98,39,8,Complete,High,1984.8,52.7,18.57,13.7,High
P01658,Wind,Maharashtra,West,952,1426.09,23,6,Complete,Low,1483.44,24.8,4.02,1.8,Low
P01659,Wind,Haryana,North,499,1091.73,12,4,Complete,Low,1092.07,13.3,0.03,1.3,Low
P01660,Transmission,Rajasthan,North,2784,6724.68,46,9,Partial,Medium,8412.07,61.8,25.09,15.8,High
P01661,Thermal,Gujarat,West,4976,25275.05,51,3,Complete,Low,25477.57,51.9,0.8,0.9,Low
P01662,Wind,Tamil Nadu,South,445,991.94,14,3,Complete,High,1113.75,26.2,12.28,12.2,High
P01663,Wind,Andhra Pradesh,South,436,531.63,15,8,Pending,Medium,724.64,28.5,36.31,13.5,High
P01664,Solar,Maharashtra,West,1043,1850.49,45,7,Complete,Medium,2028.89,49.3,9.64,4.3,Medium
P01665,Thermal,Tamil Nadu,South,1294,6145.65,45,2,Complete,Low,6366.56,46.0,3.59,1.0,Low
P01666,Solar,Punjab,North,104,225.25,42,8,Partial,Medium,268.29,58.6,19.11,16.6,High
P01667,Solar,Karnataka,South,243,464.76,22,7,Complete,Medium,503.31,27.7,8.29,5.7,Medium
P01668,Transmission,Tamil Nadu,South,2439,3032.2,14,8,Complete,Medium,3596.47,20.1,18.61,6.1,Medium
P01669,Thermal,Haryana,North,4795,20753.05,41,8,Complete,Medium,23554.11,50.3,13.5,9.3,High
P01670,Solar,Madhya Pradesh,Central,276,665.88,23,5,Complete,Medium,724.03,26.9,8.73,3.9,Medium
P01671,Transmission,Punjab,North,1448,3352.91,34,3,Partial,High,4117.75,48.4,22.81,14.4,High
P01672,Wind,Madhya Pradesh,Central,462,999.21,33,7,Complete,High,1238.43,37.6,23.94,4.6,Medium
P01673,Wind,Karnataka,South,869,2426.95,17,8,Complete,Medium,2600.43,23.0,7.15,6.0,Medium
P01674,Solar,Karnataka,South,1271,3272.2,27,4,Pending,High,4656.76,42.5,42.31,15.5,High
P01675,Hydro,Maharashtra,West,770,4728.91,71,7,Complete,Low,4825.65,72.4,2.05,1.4,Low
P01676,Solar,Punjab,North,1392,2828.96,29,8,Complete,Medium,3223.43,34.5,13.94,5.5,Medium
P01677,Transmission,Uttar Pradesh,North,1663,1965.89,29,4,Complete,Medium,2116.3,32.8,7.65,3.8,Medium
P01678,Transmission,Andhra Pradesh,South,981,1990.71,17,3,Pending,Medium,2521.09,32.1,26.64,15.1,High
P01679,Solar,Haryana,North,737,1842.04,28,1,Partial,Medium,2208.26,36.6,19.88,8.6,Medium
P01680,Wind,Karnataka,South,330,443.94,24,4,Complete,Medium,472.3,27.7,6.39,3.7,Medium
P01681,Thermal,Maharashtra,West,1201,4516.62,93,2,Pending,High,5663.55,114.2,25.39,21.2,High
P01682,Wind,Madhya Pradesh,Central,767,2285.13,35,2,Complete,Medium,2501.45,39.2,9.47,4.2,Medium
P01683,Hydro,Rajasthan,North,2681,15797.09,116,4,Pending,Medium,19427.62,131.5,22.98,15.5,High
P01684,Transmission,Maharashtra,West,424,553.09,38,5,Complete,High,632.27,44.2,14.32,6.2,Medium
P01685,Thermal,Gujarat,West,1404,3611.7,60,5,Complete,Low,3791.52,61.8,4.98,1.8,Low
P01686,Transmission,Andhra Pradesh,South,2358,2803.3,17,6,Partial,Medium,3320.48,25.5,18.45,8.5,Medium
P01687,Transmission,Tamil Nadu,South,560,757.18,14,9,Partial,High,981.09,29.6,29.57,15.6,High
P01688,Transmission,Rajasthan,North,584,1336.52,27,2,Complete,High,1544.1,32.0,15.53,5.0,Medium
P01689,Hydro,Madhya Pradesh,Central,190,829.65,116,9,Complete,High,1032.51,134.8,24.45,18.8,High
P01690,Transmission,Maharashtra,West,2573,5286.64,12,5,Complete,High,6336.14,21.5,19.85,9.5,High
P01691,Hydro,Rajasthan,North,1778,6868.66,101,4,Complete,Medium,7359.16,106.1,7.14,5.1,Medium
P01692,Solar,Uttar Pradesh,North,292,747.36,28,2,Partial,Medium,843.75,35.8,12.9,7.8,Medium
P01693,Solar,Madhya Pradesh,Central,1469,2569.28,39,3,Complete,Low,2586.04,39.1,0.65,0.1,Low
P01694,Wind,Gujarat,West,616,1113.68,23,3,Complete,Medium,1216.2,24.4,9.21,1.4,Low
P01695,Solar,Gujarat,West,945,3064.54,15,4,Complete,Medium,3254.97,19.2,6.21,4.2,Medium
P01696,Thermal,Tamil Nadu,South,1603,9834.9,62,5,Partial,Low,10932.49,69.9,11.16,7.9,Medium
P01697,Solar,Uttar Pradesh,North,475,1256.5,38,4,Pending,Medium,1542.71,55.8,22.78,17.8,High
P01698,Wind,Madhya Pradesh,Central,132,325.28,20,5,Partial,Medium,391.21,32.0,20.27,12.0,High
P01699,Thermal,Karnataka,South,3085,11022.97,43,5,Pending,Medium,14189.77,56.5,28.73,13.5,High
P01700,Wind,Tamil Nadu,South,637,941.59,20,10,Partial,Medium,1146.25,37.2,21.74,17.2,High
P01701,Hydro,Madhya Pradesh,Central,3076,23085.97,57,9,Complete,Medium,26234.83,63.2,13.64,6.2,Medium
P01702,Solar,Madhya Pradesh,Central,194,538.46,27,8,Complete,Medium,613.63,34.0,13.96,7.0,Medium
P01703,Wind,Rajasthan,North,916,2661.76,34,2,Complete,Medium,2832.1,35.8,6.4,1.8,Low
P01704,Solar,Punjab,North,1304,3285.76,13,9,Complete,Medium,3682.64,18.3,12.08,5.3,Medium
P01705,Wind,Uttar Pradesh,North,479,1011.43,26,2,Complete,Low,1056.48,26.6,4.45,0.6,Low
P01706,Transmission,Madhya Pradesh,Central,2735,5083.57,28,4,Partial,High,6758.12,36.8,32.94,8.8,High
P01707,Thermal,Gujarat,West,4673,19661.05,72,8,Partial,Medium,23967.64,82.9,21.9,10.9,High
P01708,Thermal,Haryana,North,852,5419.91,42,7,Complete,Medium,5715.4,44.1,5.45,2.1,Low
P01709,Thermal,Andhra Pradesh,South,4309,23316.71,63,6,Complete,Medium,25161.11,66.0,7.91,3.0,Medium
P01710,Hydro,Madhya Pradesh,Central,2261,12383.15,73,4,Complete,High,14366.8,85.7,16.02,12.7,High
P01711,Transmission,Punjab,North,481,987.4,41,4,Partial,Medium,1171.55,51.2,18.65,10.2,High
P01712,Transmission,Tamil Nadu,South,674,1376.96,38,1,Complete,Medium,1496.91,40.0,8.71,2.0,Low
P01713,Solar,Haryana,North,362,920.11,15,5,Pending,Medium,1275.34,32.1,38.61,17.1,High
P01714,Wind,Andhra Pradesh,South,296,476.96,12,3,Pending,Low,586.37,21.6,22.94,9.6,High
P01715,Hydro,Uttar Pradesh,North,952,6166.19,97,10,Pending,High,8528.71,119.2,38.31,22.2,High
P01716,Wind,Madhya Pradesh,Central,263,349.7,12,10,Complete,Low,380.75,14.0,8.88,2.0,Low
P01717,Wind,Uttar Pradesh,North,941,1832.97,31,2,Pending,Medium,2471.0,47.2,34.81,16.2,High
P01718,Transmission,Punjab,North,1578,3485.67,53,1,Pending,High,5009.57,77.4,43.72,24.4,High
P01719,Hydro,Maharashtra,West,1658,9977.01,69,7,Complete,Medium,10755.41,72.3,7.8,3.3,Medium
P01720,Thermal,Karnataka,South,943,2366.81,38,2,Complete,High,2598.29,49.7,9.78,11.7,High
P01721,Solar,Karnataka,South,784,2489.21,21,3,Complete,Medium,2788.65,24.4,12.03,3.4,Medium
P01722,Wind,Andhra Pradesh,South,71,170.8,13,5,Complete,Medium,181.22,18.1,6.1,5.1,Medium
P01723,Thermal,Uttar Pradesh,North,1383,5301.41,87,8,Partial,Low,6560.25,98.8,23.75,11.8,High
P01724,Wind,Haryana,North,740,1506.35,34,4,Partial,Medium,1669.01,45.0,10.8,11.0,High
P01725,Hydro,Karnataka,South,477,2957.15,86,1,Complete,High,3423.68,97.0,15.78,11.0,High
P01726,Thermal,Karnataka,South,4170,20531.51,37,4,Complete,Medium,22396.02,39.7,9.08,2.7,Low
P01727,Hydro,Karnataka,South,2497,15666.87,107,3,Partial,Medium,18592.08,113.9,18.67,6.9,Medium
P01728,Thermal,Maharashtra,West,4098,10304.08,89,1,Partial,Low,11842.72,94.5,14.93,5.5,Medium
P01729,Thermal,Maharashtra,West,1888,6878.13,67,4,Partial,Medium,8208.8,77.4,19.35,10.4,High
P01730,Solar,Karnataka,South,1262,3945.5,18,1,Pending,High,4979.1,41.8,26.2,23.8,High
P01731,Solar,Gujarat,West,943,1948.1,17,1,Partial,High,2461.09,34.3,26.33,17.3,High
P01732,Hydro,Karnataka,South,1957,13519.05,55,4,Partial,High,16593.96,65.2,22.75,10.2,High
P01733,Wind,Karnataka,South,235,464.7,34,4,Complete,Medium,493.19,37.2,6.13,3.2,Medium
P01734,Wind,Haryana,North,635,966.46,18,1,Complete,Medium,1033.95,20.5,6.98,2.5,Low
P01735,Thermal,Tamil Nadu,South,1542,7698.1,64,5,Complete,High,8848.45,76.1,14.94,12.1,High
P01736,Solar,Andhra Pradesh,South,564,1218.38,39,4,Partial,Medium,1463.64,50.2,20.13,11.2,High
P01737,Wind,Andhra Pradesh,South,829,2377.54,17,8,Partial,Low,2858.47,26.7,20.23,9.7,High
P01738,Solar,Andhra Pradesh,South,1029,2153.77,13,3,Complete,Low,2182.6,13.6,1.34,0.6,Low
P01739,Hydro,Gujarat,West,2695,10965.8,36,4,Partial,High,14275.06,52.6,30.18,16.6,High
P01740,Solar,Maharashtra,West,557,1193.56,13,2,Complete,Low,1252.02,13.2,4.9,0.2,Low
P01741,Transmission,Rajasthan,North,1619,3087.27,48,1,Complete,High,3776.61,57.5,22.33,9.5,High
P01742,Solar,Maharashtra,West,1496,2844.15,21,8,Partial,Low,3480.44,30.6,22.37,9.6,High
P01743,Thermal,Karnataka,South,1695,9866.42,91,9,Pending,Medium,12555.08,107.7,27.25,16.7,High
P01744,Wind,Gujarat,West,456,699.23,33,9,Complete,Medium,829.22,38.7,18.59,5.7,Medium
P01745,Solar,Maharashtra,West,348,947.89,22,9,Partial,High,1275.63,39.9,34.58,17.9,High
P01746,Thermal,Gujarat,West,4616,23798.06,68,8,Complete,Medium,28021.46,74.1,17.75,6.1,Medium
P01747,Hydro,Maharashtra,West,1627,12254.69,43,1,Complete,Low,12599.02,43.8,2.81,0.8,Low
P01748,Thermal,Tamil Nadu,South,1089,7029.25,58,10,Complete,Medium,7970.46,63.4,13.39,5.4,Medium
P01749,Thermal,Rajasthan,North,1204,5932.78,38,7,Partial,Low,6638.57,46.8,11.9,8.8,Medium
P01750,Transmission,Maharashtra,West,1557,2495.86,43,8,Complete,Medium,2875.96,47.4,15.23,4.4,Medium
P01751,Solar,Karnataka,South,417,774.48,38,9,Complete,High,945.66,54.3,22.1,16.3,High
P01752,Hydro,Punjab,North,1491,6353.94,113,5,Complete,Medium,6958.61,115.6,9.52,2.6,Low
P01753,Transmission,Tamil Nadu,South,456,631.75,42,7,Partial,Low,722.48,50.0,14.36,8.0,Medium
P01754,Solar,Punjab,North,373,1267.55,22,9,Partial,Low,1507.27,29.3,18.91,7.3,Medium
P01755,Thermal,Tamil Nadu,South,2253,8795.29,64,6,Complete,Low,9163.73,64.1,4.19,0.1,Low
P01756,Hydro,Haryana,North,2711,18787.82,70,6,Complete,Low,19484.19,71.5,3.71,1.5,Low
P01757,Solar,Haryana,North,205,357.9,36,3,Partial,High,472.11,48.3,31.91,12.3,High
P01758,Thermal,Andhra Pradesh,South,4798,28268.87,39,1,Complete,Low,28841.08,39.1,2.02,0.1,Low
P01759,Solar,Punjab,North,949,2690.02,42,5,Partial,Medium,3221.94,51.2,19.77,9.2,High
P01760,Thermal,Haryana,North,2801,17991.57,38,7,Pending,Medium,24116.97,59.9,34.05,21.9,High
P01761,Hydro,Uttar Pradesh,North,3916,20112.64,80,6,Partial,High,23412.53,94.3,16.41,14.3,High
P01762,Transmission,Tamil Nadu,South,2689,6551.63,50,5,Complete,High,8093.37,58.0,23.53,8.0,Medium
P01763,Transmission,Madhya Pradesh,Central,301,422.99,43,6,Complete,Medium,450.76,44.7,6.56,1.7,Low
P01764,Transmission,Uttar Pradesh,North,720,1544.78,26,3,Partial,High,1993.11,39.2,29.02,13.2,High
P01765,Solar,Rajasthan,North,406,1019.74,47,6,Complete,Low,1033.97,47.6,1.4,0.6,Low
P01766,Thermal,Andhra Pradesh,South,2919,12519.2,82,3,Complete,High,14556.65,91.9,16.27,9.9,High
P01767,Transmission,Andhra Pradesh,South,1623,4018.49,19,1,Complete,Medium,4461.68,22.0,11.03,3.0,Medium
P01768,Wind,Karnataka,South,154,405.17,30,3,Complete,High,463.93,37.4,14.5,7.4,Medium
P01769,Solar,Tamil Nadu,South,1175,3957.16,36,6,Partial,Medium,4485.4,43.0,13.35,7.0,Medium
P01770,Thermal,Rajasthan,North,4677,20632.74,73,6,Complete,Low,21017.53,73.6,1.86,0.6,Low
P01771,Wind,Karnataka,South,949,1957.07,35,5,Partial,Low,2105.35,42.1,7.58,7.1,Medium
P01772,Wind,Tamil Nadu,South,71,208.74,32,9,Partial,Low,242.34,42.4,16.1,10.4,High
P01773,Transmission,Karnataka,South,1625,2926.26,45,2,Complete,High,3565.21,57.4,21.84,12.4,High
P01774,Solar,Gujarat,West,561,1093.17,12,4,Complete,High,1282.56,20.0,17.32,8.0,Medium
P01775,Solar,Gujarat,West,861,1770.41,31,9,Partial,Low,2074.67,41.6,17.19,10.6,High
P01776,Wind,Madhya Pradesh,Central,437,993.08,13,3,Complete,High,1095.09,20.7,10.27,7.7,Medium
P01777,Solar,Tamil Nadu,South,552,872.43,32,4,Complete,High,1021.43,38.2,17.08,6.2,Medium
P01778,Thermal,Madhya Pradesh,Central,948,3295.78,79,6,Partial,High,3862.64,93.8,17.2,14.8,High
P01779,Solar,Punjab,North,504,1427.17,38,3,Pending,Medium,1840.69,55.9,28.98,17.9,High
P01780,Wind,Karnataka,South,55,76.24,25,4,Complete,Medium,81.18,28.9,6.48,3.9,Medium
P01781,Transmission,Haryana,North,2024,4041.1,46,2,Partial,High,5204.82,62.3,28.8,16.3,High
P01782,Transmission,Uttar Pradesh,North,870,1545.18,57,8,Partial,Medium,1992.72,68.4,28.96,11.4,High
P01783,Wind,Rajasthan,North,426,815.67,33,7,Pending,Low,1086.94,44.1,33.26,11.1,High
P01784,Wind,Madhya Pradesh,Central,104,270.61,33,8,Pending,Low,354.61,45.9,31.04,12.9,High
P01785,Transmission,Karnataka,South,1224,1345.65,39,9,Partial,High,1689.23,60.8,25.53,21.8,High
P01786,Thermal,Karnataka,South,1610,6507.52,95,5,Pending,Medium,7882.94,117.1,21.14,22.1,High
P01787,Transmission,Punjab,North,395,753.6,38,2,Complete,High,827.91,47.0,9.86,9.0,Medium
P01788,Thermal,Punjab,North,563,3532.95,41,6,Partial,Low,3999.01,48.2,13.19,7.2,Medium
P01789,Hydro,Haryana,North,3635,15765.51,56,10,Pending,Medium,22416.23,71.9,42.19,15.9,High
P01790,Hydro,Rajasthan,North,3154,25230.44,73,10,Complete,High,28554.05,88.4,13.17,15.4,High
P01791,Wind,Punjab,North,861,1705.83,31,7,Complete,Low,1789.02,32.4,4.88,1.4,Low
P01792,Wind,Haryana,North,942,1815.65,27,1,Complete,Medium,1886.01,28.7,3.87,1.7,Low
P01793,Thermal,Uttar Pradesh,North,2336,14952.07,48,9,Partial,Medium,18745.11,61.2,25.37,13.2,High
P01794,Transmission,Gujarat,West,1749,2129.44,25,3,Partial,Medium,2575.88,33.6,20.97,8.6,Medium
P01795,Wind,Andhra Pradesh,South,132,174.09,16,9,Complete,Medium,196.42,19.0,12.83,3.0,Medium
P01796,Thermal,Tamil Nadu,South,3214,15977.33,57,7,Complete,Low,16388.14,58.6,2.57,1.6,Low
P01797,Hydro,Andhra Pradesh,South,1406,6598.06,119,5,Pending,Low,8002.5,135.8,21.29,16.8,High
P01798,Wind,Tamil Nadu,South,521,733.06,30,10,Complete,Low,809.07,34.2,10.37,4.2,Medium
P01799,Thermal,Haryana,North,4330,21748.83,83,7,Complete,Medium,23301.75,85.9,7.14,2.9,Low
P01800,Solar,Uttar Pradesh,North,360,695.85,32,9,Partial,Medium,881.38,42.5,26.66,10.5,High
P01801,Thermal,Tamil Nadu,South,1013,5384.22,39,4,Complete,High,5918.06,44.0,9.91,5.0,Medium
P01802,Thermal,Maharashtra,West,3616,13393.31,62,8,Complete,Medium,15855.45,69.5,18.38,7.5,Medium
P01803,Thermal,Maharashtra,West,3342,8644.29,78,1,Pending,Medium,11144.28,93.9,28.92,15.9,High
P01804,Wind,Punjab,North,801,1501.35,29,9,Complete,High,1840.1,36.6,22.56,7.6,Medium
P01805,Solar,Haryana,North,990,1742.02,20,9,Complete,Low,1905.02,26.6,9.36,6.6,Medium
P01806,Wind,Gujarat,West,127,191.91,13,5,Partial,Medium,231.64,21.1,20.7,8.1,Medium
P01807,Wind,Tamil Nadu,South,495,895.15,22,5,Partial,Medium,1024.64,31.9,14.47,9.9,High
P01808,Thermal,Gujarat,West,621,3147.69,92,7,Complete,Medium,3443.9,95.3,9.41,3.3,Medium
P01809,Hydro,Karnataka,South,1592,5181.36,64,5,Pending,Low,5778.79,71.7,11.53,7.7,Medium
P01810,Transmission,Maharashtra,West,2056,4450.74,37,9,Complete,High,5109.97,46.0,14.81,9.0,Medium
P01811,Hydro,Punjab,North,3673,24780.4,67,3,Complete,Medium,27522.14,69.9,11.06,2.9,Medium
P01812,Hydro,Tamil Nadu,South,1568,5049.03,40,4,Complete,Medium,5634.02,44.1,11.59,4.1,Medium
P01813,Wind,Punjab,North,351,526.79,20,6,Complete,Low,535.08,20.7,1.57,0.7,Low
P01814,Transmission,Tamil Nadu,South,2944,5288.26,58,5,Pending,Medium,6634.04,70.1,25.45,12.1,High
P01815,Solar,Haryana,North,67,107.74,42,8,Partial,Medium,135.31,55.6,25.59,13.6,High
P01816,Thermal,Uttar Pradesh,North,1172,5752.6,58,5,Complete,Low,6004.26,59.1,4.37,1.1,Low
P01817,Transmission,Gujarat,West,1285,2282.67,41,10,Pending,Medium,2967.39,53.7,30.0,12.7,High
P01818,Hydro,Karnataka,South,3769,15291.08,50,8,Partial,High,19682.1,64.4,28.72,14.4,High
P01819,Transmission,Haryana,North,121,136.61,48,10,Complete,High,153.56,61.7,12.41,13.7,High
P01820,Transmission,Punjab,North,2349,2681.35,31,5,Pending,High,3498.67,59.3,30.48,28.3,High
P01821,Solar,Tamil Nadu,South,855,1899.91,42,4,Complete,Medium,2011.25,43.7,5.86,1.7,Low
P01822,Wind,Andhra Pradesh,South,110,286.15,26,9,Complete,High,372.99,40.0,30.35,14.0,High
P01823,Hydro,Tamil Nadu,South,3873,29319.92,51,7,Complete,Medium,31399.88,55.7,7.09,4.7,Medium
P01824,Transmission,Gujarat,West,2482,3348.23,41,2,Partial,Low,3665.67,45.2,9.48,4.2,Medium
P01825,Solar,Maharashtra,West,394,1179.36,16,2,Complete,High,1403.16,21.3,18.98,5.3,Medium
P01826,Thermal,Gujarat,West,1719,4468.26,44,8,Partial,High,5444.59,56.0,21.85,12.0,High
P01827,Transmission,Uttar Pradesh,North,978,1953.85,33,5,Partial,Low,2251.23,41.0,15.22,8.0,Medium
P01828,Hydro,Gujarat,West,2191,14561.96,71,8,Complete,High,17358.02,78.0,19.2,7.0,Medium
P01829,Wind,Rajasthan,North,949,2319.98,14,6,Partial,Low,2505.81,21.5,8.01,7.5,Medium
P01830,Solar,Punjab,North,392,684.63,32,5,Pending,Low,864.84,44.6,26.32,12.6,High
P01831,Wind,Uttar Pradesh,North,932,2153.57,21,5,Pending,Medium,2854.75,35.3,32.56,14.3,High
P01832,Solar,Gujarat,West,84,224.78,20,8,Pending,High,319.66,47.2,42.21,27.2,High
P01833,Wind,Tamil Nadu,South,789,2225.62,26,1,Partial,Low,2414.98,31.9,8.51,5.9,Medium
P01834,Solar,Karnataka,South,568,1192.99,29,6,Partial,Low,1367.21,34.8,14.6,5.8,Medium
P01835,Thermal,Punjab,North,2971,19286.15,60,9,Pending,High,25338.55,89.1,31.38,29.1,High
P01836,Solar,Gujarat,West,821,2701.87,27,8,Pending,Medium,3741.99,44.2,38.5,17.2,High
P01837,Thermal,Haryana,North,906,4162.66,56,7,Complete,Medium,4351.36,60.1,4.53,4.1,Medium
P01838,Wind,Maharashtra,West,152,208.54,33,10,Partial,Low,248.89,41.8,19.35,8.8,Medium
P01839,Hydro,Uttar Pradesh,North,3368,11878.83,81,1,Complete,Low,11972.86,82.8,0.79,1.8,Low
P01840,Wind,Rajasthan,North,784,2299.03,17,5,Partial,Low,2541.87,24.5,10.56,7.5,Medium
P01841,Thermal,Rajasthan,North,4609,27822.03,65,8,Complete,High,33947.29,71.1,22.02,6.1,Medium
P01842,Solar,Rajasthan,North,925,2639.26,41,9,Partial,Medium,3260.32,51.0,23.53,10.0,High
P01843,Transmission,Punjab,North,1163,2592.99,41,9,Complete,Medium,2796.28,51.5,7.84,10.5,High
P01844,Thermal,Karnataka,South,1794,6344.95,39,8,Pending,Medium,9313.12,64.9,46.78,25.9,High
P01845,Thermal,Punjab,North,2949,12013.83,81,9,Complete,Medium,13535.32,87.6,12.66,6.6,Medium
P01846,Transmission,Punjab,North,1660,2655.94,52,5,Partial,Low,3050.07,57.8,14.84,5.8,Medium
P01847,Solar,Uttar Pradesh,North,1212,2463.74,40,7,Partial,Low,2671.89,44.4,8.45,4.4,Medium
P01848,Transmission,Uttar Pradesh,North,2660,6586.4,47,2,Complete,Low,6672.23,47.1,1.3,0.1,Low
P01849,Solar,Maharashtra,West,950,1796.85,29,1,Complete,High,2054.75,40.7,14.35,11.7,High
P01850,Solar,Haryana,North,1138,2515.53,18,8,Complete,Medium,2867.94,24.1,14.01,6.1,Medium
P01851,Transmission,Karnataka,South,1228,2191.48,44,6,Partial,Medium,2666.91,50.6,21.69,6.6,Medium
P01852,Hydro,Andhra Pradesh,South,1785,12558.18,36,4,Complete,High,13813.15,48.4,9.99,12.4,High
P01853,Transmission,Rajasthan,North,2568,4223.49,39,2,Complete,Medium,4526.3,44.2,7.17,5.2,Medium
P01854,Wind,Tamil Nadu,South,280,503.69,16,4,Complete,Medium,537.44,18.0,6.7,2.0,Low
P01855,Transmission,Andhra Pradesh,South,1360,1963.81,42,3,Partial,Medium,2293.27,50.3,16.78,8.3,Medium
P01856,Hydro,Madhya Pradesh,Central,2566,8596.45,119,4,Partial,Low,9715.18,127.3,13.01,8.3,Medium
P01857,Transmission,Tamil Nadu,South,266,369.77,15,5,Complete,Medium,403.04,17.9,9.0,2.9,Low
P01858,Thermal,Gujarat,West,4360,22263.78,79,2,Partial,High,27775.12,88.3,24.75,9.3,High
P01859,Wind,Punjab,North,86,220.57,23,5,Complete,Medium,238.9,28.9,8.31,5.9,Medium
P01860,Solar,Uttar Pradesh,North,956,2519.13,43,1,Complete,Medium,2705.65,48.6,7.4,5.6,Medium
P01861,Wind,Madhya Pradesh,Central,984,2700.08,31,5,Complete,High,3305.39,38.6,22.42,7.6,Medium
P01862,Wind,Madhya Pradesh,Central,252,617.88,35,8,Complete,Low,669.8,38.9,8.4,3.9,Medium
P01863,Transmission,Maharashtra,West,1662,2635.27,28,1,Partial,High,3219.52,39.4,22.17,11.4,High
P01864,Solar,Rajasthan,North,580,926.71,25,7,Complete,Low,959.9,26.8,3.58,1.8,Low
P01865,Hydro,Uttar Pradesh,North,3634,16976.94,40,3,Complete,Medium,18003.67,42.5,6.05,2.5,Low
P01866,Transmission,Tamil Nadu,South,1396,3347.18,17,6,Pending,Medium,4286.85,34.0,28.07,17.0,High
P01867,Wind,Punjab,North,470,1397.72,29,4,Pending,Medium,1925.53,44.3,37.76,15.3,High
P01868,Solar,Madhya Pradesh,Central,414,1424.12,24,10,Pending,Low,1698.97,38.1,19.3,14.1,High
P01869,Thermal,Rajasthan,North,4750,21633.41,78,1,Complete,Medium,23872.49,83.2,10.35,5.2,Medium
P01870,Thermal,Maharashtra,West,4169,13446.15,89,10,Complete,Medium,15380.82,99.9,14.39,10.9,High
P01871,Thermal,Maharashtra,West,1999,9526.29,74,4,Pending,Medium,12130.99,89.2,27.34,15.2,High
P01872,Hydro,Rajasthan,North,1531,10292.66,42,9,Complete,High,12625.21,55.8,22.66,13.8,High
P01873,Thermal,Andhra Pradesh,South,4387,22922.58,84,1,Partial,Medium,27011.01,94.3,17.84,10.3,High
P01874,Wind,Karnataka,South,106,274.35,19,8,Partial,Medium,324.79,30.9,18.39,11.9,High
P01875,Solar,Karnataka,South,503,1217.19,28,7,Complete,Low,1273.2,28.9,4.6,0.9,Low
P01876,Transmission,Tamil Nadu,South,2067,2566.84,20,7,Pending,Medium,3032.35,41.0,18.14,21.0,High
P01877,Thermal,Maharashtra,West,1341,3912.31,79,9,Complete,Medium,4673.44,85.3,19.45,6.3,Medium
P01878,Solar,Uttar Pradesh,North,277,746.14,27,3,Partial,Medium,819.78,37.1,9.87,10.1,High
P01879,Hydro,Maharashtra,West,3099,18751.32,112,10,Complete,High,24434.15,128.0,30.31,16.0,High
P01880,Thermal,Rajasthan,North,1113,5387.66,43,6,Pending,Medium,6680.41,62.9,23.99,19.9,High
P01881,Wind,Uttar Pradesh,North,159,310.13,30,6,Complete,Medium,332.62,34.1,7.25,4.1,Medium
P01882,Hydro,Punjab,North,3939,14951.66,46,7,Pending,Medium,19902.41,61.8,33.11,15.8,High
P01883,Transmission,Haryana,North,836,1510.14,35,3,Complete,Low,1531.74,35.1,1.43,0.1,Low
P01884,Wind,Madhya Pradesh,Central,762,1584.97,23,6,Complete,High,1719.08,31.6,8.46,8.6,Medium
P01885,Transmission,Maharashtra,West,1348,2351.29,53,2,Complete,Low,2453.05,53.3,4.33,0.3,Low
P01886,Transmission,Andhra Pradesh,South,2674,4063.61,12,10,Pending,Medium,5630.71,31.0,38.56,19.0,High
P01887,Wind,Haryana,North,298,473.2,34,1,Complete,High,548.17,43.9,15.84,9.9,High
P01888,Solar,Maharashtra,West,589,1211.67,33,5,Complete,Medium,1296.62,37.6,7.01,4.6,Medium
P01889,Solar,Madhya Pradesh,Central,403,1173.33,24,4,Partial,Low,1359.25,31.9,15.85,7.9,Medium
P01890,Thermal,Gujarat,West,4939,22391.7,43,3,Complete,Medium,24103.15,44.9,7.64,1.9,Low
P01891,Solar,Tamil Nadu,South,926,2902.88,34,2,Pending,Medium,3857.63,51.1,32.89,17.1,High
P01892,Hydro,Rajasthan,North,1816,11027.83,80,8,Complete,Medium,12713.88,89.1,15.29,9.1,High
P01893,Transmission,Andhra Pradesh,South,1332,2431.18,27,1,Complete,Low,2545.44,28.1,4.7,1.1,Low
P01894,Wind,Haryana,North,218,378.38,20,4,Partial,Medium,468.43,29.2,23.8,9.2,High
P01895,Thermal,Gujarat,West,1549,9249.02,65,4,Complete,Low,9672.12,66.4,4.57,1.4,Low
P01896,Hydro,Maharashtra,West,2287,14880.06,91,2,Complete,High,16711.43,95.5,12.31,4.5,Medium
P01897,Hydro,Madhya Pradesh,Central,2078,6600.79,115,1,Partial,Medium,7753.08,121.3,17.46,6.3,Medium
P01898,Transmission,Madhya Pradesh,Central,821,1400.38,44,3,Partial,Medium,1685.33,50.8,20.35,6.8,Medium
P01899,Transmission,Andhra Pradesh,South,772,1352.63,35,4,Complete,Medium,1439.72,37.6,6.44,2.6,Low
P01900,Wind,Haryana,North,775,1014.53,22,10,Complete,Low,1085.01,29.3,6.95,7.3,Medium
P01901,Transmission,Rajasthan,North,2571,2835.53,33,2,Complete,Medium,3131.12,35.5,10.42,2.5,Medium
P01902,Solar,Uttar Pradesh,North,1345,2218.04,22,7,Complete,Medium,2419.76,24.3,9.09,2.3,Low
P01903,Thermal,Punjab,North,688,1888.98,54,1,Pending,Medium,2560.0,65.9,35.52,11.9,High
P01904,Solar,Maharashtra,West,845,1285.93,33,3,Complete,Medium,1444.52,35.9,12.33,2.9,Medium
P01905,Hydro,Haryana,North,2859,21667.84,40,5,Complete,Low,22465.44,41.4,3.68,1.4,Low
P01906,Wind,Haryana,North,440,1122.6,29,10,Pending,Medium,1528.51,45.2,36.16,16.2,High
P01907,Transmission,Haryana,North,2032,3889.44,49,7,Complete,Medium,4113.31,51.9,5.76,2.9,Low
P01908,Solar,Rajasthan,North,355,747.04,39,6,Partial,Medium,889.21,47.0,19.03,8.0,Medium
P01909,Wind,Maharashtra,West,148,253.41,34,10,Pending,Medium,305.64,47.4,20.61,13.4,High
P01910,Hydro,Tamil Nadu,South,3304,10274.47,56,3,Complete,Medium,11316.51,60.3,10.14,4.3,Medium
P01911,Solar,Maharashtra,West,714,1760.76,21,6,Partial,Medium,1989.95,32.2,13.02,11.2,High
P01912,Wind,Uttar Pradesh,North,632,1787.46,33,7,Complete,High,2134.15,44.7,19.4,11.7,High
P01913,Transmission,Tamil Nadu,South,2801,4167.86,29,7,Complete,Low,4351.75,29.7,4.41,0.7,Low
P01914,Hydro,Haryana,North,2412,9832.34,44,2,Complete,Medium,10717.14,48.4,9.0,4.4,Medium
P01915,Wind,Punjab,North,204,326.93,22,7,Complete,Low,331.4,22.8,1.37,0.8,Low
P01916,Hydro,Rajasthan,North,3961,26063.65,40,4,Partial,High,34040.53,58.2,30.61,18.2,High
P01917,Hydro,Uttar Pradesh,North,3086,19055.23,51,7,Complete,High,23480.96,59.8,23.23,8.8,Medium
P01918,Thermal,Karnataka,South,2762,11673.27,43,9,Partial,High,15555.66,63.5,33.26,20.5,High
P01919,Hydro,Rajasthan,North,3208,24441.93,56,6,Complete,Low,24976.68,56.5,2.19,0.5,Low
P01920,Thermal,Maharashtra,West,4440,16051.85,38,2,Pending,High,20747.01,61.4,29.25,23.4,High
P01921,Solar,Punjab,North,943,1623.11,31,5,Complete,High,1867.56,34.8,15.06,3.8,Medium
P01922,Wind,Punjab,North,652,1919.79,19,10,Pending,Low,2753.06,40.0,43.4,21.0,High
P01923,Thermal,Haryana,North,1045,4928.23,85,10,Partial,Medium,6057.7,94.8,22.92,9.8,High
P01924,Hydro,Punjab,North,1184,4639.56,111,9,Complete,Low,4958.57,117.3,6.88,6.3,Medium
P01925,Hydro,Madhya Pradesh,Central,1821,12255.01,83,7,Complete,Low,12533.74,84.1,2.27,1.1,Low
P01926,Transmission,Karnataka,South,1532,2704.94,58,1,Partial,Medium,3363.54,69.5,24.35,11.5,High
P01927,Thermal,Maharashtra,West,1862,5245.64,37,1,Complete,Low,5365.48,39.0,2.28,2.0,Low
P01928,Hydro,Maharashtra,West,837,4907.04,99,6,Partial,High,6123.86,114.5,24.8,15.5,High
P01929,Hydro,Maharashtra,West,3151,13720.62,49,1,Partial,High,17404.1,62.3,26.85,13.3,High
P01930,Hydro,Gujarat,West,1840,10496.57,93,1,Partial,Low,12148.74,96.1,15.74,3.1,Medium
P01931,Hydro,Haryana,North,1089,3679.37,67,9,Partial,High,4640.9,80.9,26.13,13.9,High
P01932,Hydro,Punjab,North,2873,9405.68,50,1,Complete,Low,9450.3,50.8,0.47,0.8,Low
P01933,Transmission,Uttar Pradesh,North,1415,1725.51,53,2,Complete,Low,1751.08,53.3,1.48,0.3,Low
P01934,Hydro,Madhya Pradesh,Central,3726,19800.8,103,10,Partial,Low,23569.45,111.4,19.03,8.4,Medium
P01935,Transmission,Karnataka,South,1452,2005.94,33,3,Pending,Low,2500.56,47.0,24.66,14.0,High
P01936,Solar,Karnataka,South,304,905.29,24,2,Complete,Medium,986.28,27.2,8.95,3.2,Medium
P01937,Hydro,Karnataka,South,2111,11095.89,49,5,Complete,Medium,12248.24,53.4,10.39,4.4,Medium
P01938,Hydro,Maharashtra,West,248,1882.02,39,6,Complete,Medium,2019.1,42.3,7.28,3.3,Medium
P01939,Transmission,Rajasthan,North,1206,1571.3,39,6,Partial,High,1890.79,53.0,20.33,14.0,High
P01940,Solar,Haryana,North,1252,3427.32,14,5,Complete,Low,3587.51,15.2,4.67,1.2,Low
P01941,Hydro,Karnataka,South,2635,14111.31,64,1,Complete,Medium,14754.93,67.9,4.56,3.9,Medium
P01942,Solar,Rajasthan,North,546,1497.1,44,7,Complete,Medium,1629.22,47.8,8.82,3.8,Medium
P01943,Transmission,Haryana,North,218,370.69,15,10,Complete,Low,390.11,20.5,5.24,5.5,Medium
P01944,Hydro,Punjab,North,217,862.35,82,6,Complete,Low,870.27,82.7,0.92,0.7,Low
P01945,Transmission,Rajasthan,North,2870,3342.1,24,7,Complete,Medium,3572.18,26.2,6.88,2.2,Low
P01946,Wind,Tamil Nadu,South,653,1681.19,35,6,Partial,Medium,2028.4,41.6,20.65,6.6,Medium
P01947,Solar,Rajasthan,North,686,2023.4,27,9,Pending,Low,2681.43,44.0,32.52,17.0,High
P01948,Wind,Madhya Pradesh,Central,870,2258.54,13,10,Pending,Medium,2947.86,30.1,30.52,17.1,High
P01949,Solar,Madhya Pradesh,Central,1229,3721.06,17,4,Partial,Medium,4391.08,25.8,18.01,8.8,Medium
P01950,Solar,Tamil Nadu,South,1295,2601.63,15,6,Partial,Low,2841.74,20.4,9.23,5.4,Medium
P01951,Transmission,Karnataka,South,2396,4779.59,21,10,Complete,High,6275.4,28.0,31.3,7.0,High
P01952,Thermal,Andhra Pradesh,South,1899,12288.06,59,8,Pending,Medium,17524.93,73.0,42.62,14.0,High
P01953,Solar,Rajasthan,North,760,1586.85,27,6,Complete,High,1748.87,32.4,10.21,5.4,Medium
P01954,Wind,Uttar Pradesh,North,478,1110.1,23,2,Partial,Low,1300.87,27.3,17.18,4.3,Medium
P01955,Thermal,Karnataka,South,1341,7158.68,58,4,Partial,Medium,8608.41,64.1,20.25,6.1,Medium
P01956,Solar,Haryana,North,211,713.42,16,10,Partial,Low,837.63,24.6,17.41,8.6,Medium
P01957,Thermal,Maharashtra,West,3865,11125.86,48,6,Complete,Medium,11910.1,51.1,7.05,3.1,Medium
P01958,Solar,Gujarat,West,128,392.93,42,9,Complete,Medium,444.35,48.7,13.09,6.7,Medium
P01959,Solar,Rajasthan,North,729,2547.67,15,10,Complete,Low,2632.6,20.6,3.33,5.6,Medium
P01960,Thermal,Karnataka,South,2042,11533.97,75,5,Complete,Medium,12551.99,78.5,8.83,3.5,Medium
P01961,Transmission,Maharashtra,West,2653,6353.31,41,2,Complete,Low,6396.59,42.0,0.68,1.0,Low
P01962,Hydro,Tamil Nadu,South,1798,10317.69,45,2,Partial,High,11972.55,58.5,16.04,13.5,High
P01963,Solar,Madhya Pradesh,Central,1079,3184.46,32,8,Partial,Low,3730.56,39.3,17.15,7.3,Medium
P01964,Wind,Andhra Pradesh,South,563,1522.03,19,2,Partial,Low,1667.62,23.0,9.57,4.0,Medium
P01965,Transmission,Punjab,North,1333,2329.2,13,8,Pending,Medium,3249.42,26.0,39.51,13.0,High
P01966,Hydro,Madhya Pradesh,Central,2434,18882.5,59,8,Partial,Medium,23083.18,68.8,22.25,9.8,High
P01967,Thermal,Tamil Nadu,South,554,1969.93,90,3,Complete,Low,1988.95,91.9,0.97,1.9,Low
P01968,Thermal,Madhya Pradesh,Central,4111,24102.73,55,2,Complete,Medium,26481.31,59.5,9.87,4.5,Medium
P01969,Solar,Rajasthan,North,361,1245.91,34,5,Complete,Medium,1364.39,35.8,9.51,1.8,Low
P01970,Transmission,Karnataka,South,1559,1973.14,49,5,Complete,High,2419.63,59.2,22.63,10.2,High
P01971,Wind,Maharashtra,West,607,1463.69,20,7,Complete,Medium,1587.47,24.7,8.46,4.7,Medium
P01972,Transmission,Gujarat,West,419,707.92,23,4,Partial,Medium,873.66,32.4,23.41,9.4,High
P01973,Wind,Karnataka,South,282,418.45,19,2,Complete,Medium,450.95,22.5,7.77,3.5,Medium
P01974,Wind,Maharashtra,West,251,466.26,32,3,Complete,Low,466.3,32.3,0.01,0.3,Low
P01975,Solar,Andhra Pradesh,South,1193,2961.46,22,8,Partial,Low,3307.22,35.0,11.68,13.0,High
P01976,Solar,Tamil Nadu,South,683,1153.1,30,5,Partial,Low,1337.56,33.9,16.0,3.9,Medium
P01977,Wind,Gujarat,West,983,2061.75,28,2,Partial,Medium,2431.49,38.4,17.93,10.4,High
P01978,Thermal,Karnataka,South,1871,7348.45,78,9,Complete,Medium,8935.94,83.2,21.6,5.2,Medium
P01979,Transmission,Andhra Pradesh,South,1053,2449.04,40,5,Complete,Medium,2698.81,41.8,10.2,1.8,Medium
P01980,Hydro,Maharashtra,West,758,3183.0,100,3,Partial,Low,3473.88,104.0,9.14,4.0,Medium
P01981,Solar,Madhya Pradesh,Central,699,1804.25,28,1,Pending,High,2477.31,51.1,37.3,23.1,High
P01982,Wind,Madhya Pradesh,Central,125,207.7,28,5,Partial,High,242.26,36.6,16.64,8.6,Medium
P01983,Hydro,Gujarat,West,3615,23277.06,103,2,Pending,High,31690.26,121.0,36.14,18.0,High
P01984,Transmission,Tamil Nadu,South,2473,5007.46,19,6,Partial,Low,5486.1,26.0,9.56,7.0,Medium
P01985,Transmission,Tamil Nadu,South,2121,4493.27,39,7,Partial,Medium,5492.03,49.3,22.23,10.3,High
P01986,Wind,Uttar Pradesh,North,715,1516.63,30,8,Pending,Medium,1980.69,45.7,30.6,15.7,High
P01987,Wind,Haryana,North,564,773.65,17,8,Complete,Low,829.34,23.5,7.2,6.5,Medium
P01988,Hydro,Karnataka,South,135,795.09,60,1,Complete,Medium,870.71,61.5,9.51,1.5,Low
P01989,Hydro,Rajasthan,North,3965,22602.35,77,6,Partial,Low,26774.48,85.6,18.46,8.6,Medium
P01990,Hydro,Andhra Pradesh,South,1007,3630.02,97,1,Complete,Medium,3938.86,101.8,8.51,4.8,Medium
P01991,Thermal,Rajasthan,North,798,3314.1,65,10,Complete,Medium,3761.49,72.9,13.5,7.9,Medium
P01992,Solar,Tamil Nadu,South,318,887.41,16,1,Partial,Low,968.92,23.9,9.19,7.9,Medium
P01993,Solar,Maharashtra,West,130,341.01,21,1,Complete,Medium,368.74,24.4,8.13,3.4,Medium
P01994,Wind,Karnataka,South,446,696.36,19,2,Complete,Medium,742.97,21.2,6.69,2.2,Low
P01995,Solar,Punjab,North,1183,3519.88,27,9,Pending,Medium,4353.51,48.8,23.68,21.8,High
P01996,Solar,Punjab,North,1284,1935.7,39,10,Partial,Medium,2328.65,51.0,20.3,12.0,High
P01997,Transmission,Punjab,North,2516,2734.06,19,2,Partial,High,3348.8,30.6,22.48,11.6,High
P01998,Wind,Maharashtra,West,481,1304.76,18,3,Pending,Low,1596.31,26.4,22.35,8.4,Medium
P01999,Solar,Uttar Pradesh,North,245,554.88,29,1,Complete,High,628.77,38.7,13.32,9.7,High
P02000,Thermal,Rajasthan,North,3993,25544.08,40,2,Complete,Low,26681.02,41.8,4.45,1.8,Low
P02001,Transmission,Punjab,North,423,903.94,16,8,Complete,High,1124.4,29.1,24.39,13.1,High
P02002,Thermal,Andhra Pradesh,South,924,5664.37,89,10,Partial,Low,6962.42,94.3,22.92,5.3,Medium
P02003,Solar,Uttar Pradesh,North,483,1564.62,19,6,Complete,High,1847.31,31.6,18.07,12.6,High
P02004,Thermal,Maharashtra,West,3793,22338.49,61,8,Partial,Medium,26042.93,72.5,16.58,11.5,High
P02005,Hydro,Uttar Pradesh,North,2121,12376.42,88,7,Complete,Medium,13283.87,92.3,7.33,4.3,Medium
P02006,Hydro,Haryana,North,3422,25910.76,73,8,Complete,Medium,30072.1,80.5,16.06,7.5,Medium
P02007,Transmission,Uttar Pradesh,North,2244,5609.24,58,6,Partial,Medium,6438.49,65.0,14.78,7.0,Medium
P02008,Wind,Haryana,North,597,1297.81,19,3,Complete,High,1557.6,28.6,20.02,9.6,High
P02009,Transmission,Haryana,North,1155,1189.53,30,3,Complete,Medium,1280.55,32.3,7.65,2.3,Low
P02010,Solar,Madhya Pradesh,Central,715,2158.26,33,7,Complete,Low,2217.51,34.2,2.75,1.2,Low
P02011,Transmission,Maharashtra,West,911,1647.8,18,1,Pending,Medium,2216.44,36.9,34.51,18.9,High
P02012,Transmission,Karnataka,South,2254,4246.83,43,5,Partial,Medium,4771.9,53.7,12.36,10.7,High
P02013,Hydro,Maharashtra,West,3540,25315.31,60,5,Complete,Medium,26759.2,65.5,5.7,5.5,Medium
P02014,Thermal,Uttar Pradesh,North,1421,7266.42,72,3,Partial,Medium,8690.33,80.4,19.6,8.4,Medium
P02015,Thermal,Andhra Pradesh,South,851,4939.36,40,10,Complete,Low,5073.17,45.5,2.71,5.5,Medium
P02016,Thermal,Tamil Nadu,South,1976,9883.71,68,2,Complete,High,11256.2,73.3,13.89,5.3,Medium
P02017,Wind,Maharashtra,West,286,827.63,29,5,Pending,Low,986.9,40.5,19.24,11.5,High
P02018,Transmission,Uttar Pradesh,North,529,965.75,39,7,Complete,Low,975.21,39.6,0.98,0.6,Low
P02019,Thermal,Uttar Pradesh,North,3264,10519.75,86,5,Pending,Medium,12555.76,100.8,19.35,14.8,High
P02020,Thermal,Tamil Nadu,South,3617,16996.17,58,3,Complete,Medium,18864.58,62.1,10.99,4.1,Medium
P02021,Transmission,Madhya Pradesh,Central,1990,2658.17,43,3,Pending,Medium,3616.2,60.9,36.04,17.9,High
P02022,Transmission,Punjab,North,107,129.68,18,6,Complete,Medium,135.68,22.5,4.63,4.5,Medium
P02023,Transmission,Uttar Pradesh,North,1850,4482.16,25,2,Complete,Low,4531.93,26.5,1.11,1.5,Low
P02024,Transmission,Punjab,North,2178,4444.02,49,6,Partial,Medium,5391.54,56.7,21.32,7.7,Medium
P02025,Thermal,Haryana,North,964,4973.46,48,6,Complete,Low,5050.48,48.4,1.55,0.4,Low
P02026,Transmission,Gujarat,West,2449,5972.06,40,5,Partial,High,7393.23,50.4,23.8,10.4,High
P02027,Wind,Haryana,North,518,757.46,14,6,Complete,Medium,806.54,19.3,6.48,5.3,Medium
P02028,Transmission,Madhya Pradesh,Central,1754,3774.77,32,8,Complete,Medium,4290.47,37.3,13.66,5.3,Medium
P02029,Wind,Uttar Pradesh,North,334,559.56,30,3,Partial,Medium,671.79,36.0,20.06,6.0,Medium
P02030,Hydro,Karnataka,South,3791,27136.99,117,9,Complete,Low,29391.35,119.4,8.31,2.4,Low
P02031,Solar,Madhya Pradesh,Central,562,1566.96,22,2,Partial,Low,1751.1,28.4,11.75,6.4,Medium
P02032,Thermal,Maharashtra,West,3016,12881.39,62,8,Complete,Medium,14225.01,65.4,10.43,3.4,Medium
P02033,Thermal,Karnataka,South,2661,9924.54,95,9,Partial,Medium,12554.07,111.2,26.5,16.2,High
P02034,Transmission,Madhya Pradesh,Central,642,645.34,47,5,Complete,Medium,719.6,48.7,11.51,1.7,Medium
P02035,Transmission,Andhra Pradesh,South,2203,3048.37,20,6,Partial,Medium,3610.62,27.2,18.44,7.2,Medium
P02036,Wind,Gujarat,West,742,1823.69,13,1,Complete,High,1935.27,23.6,6.12,10.6,High
P02037,Wind,Karnataka,South,63,140.61,23,7,Complete,Low,146.22,24.9,3.99,1.9,Low
P02038,Hydro,Uttar Pradesh,North,287,2149.62,38,6,Partial,Medium,2515.53,46.8,17.02,8.8,Medium
P02039,Solar,Uttar Pradesh,North,1013,2386.17,34,6,Partial,Medium,2852.23,43.9,19.53,9.9,High
P02040,Thermal,Andhra Pradesh,South,1031,5364.25,91,2,Partial,Medium,6590.67,97.3,22.86,6.3,Medium
P02041,Wind,Tamil Nadu,South,966,1285.81,22,8,Partial,Medium,1504.24,33.4,16.99,11.4,High
P02042,Thermal,Uttar Pradesh,North,2177,6787.9,70,9,Complete,Medium,7468.72,79.3,10.03,9.3,High
P02043,Wind,Madhya Pradesh,Central,824,1898.98,19,5,Complete,Low,1942.28,20.6,2.28,1.6,Low
P02044,Thermal,Gujarat,West,1098,5765.79,38,4,Complete,Medium,6121.27,40.6,6.17,2.6,Low
P02045,Wind,Karnataka,South,951,1836.12,32,8,Complete,High,2099.81,43.4,14.36,11.4,High
P02046,Wind,Haryana,North,977,2412.71,17,9,Complete,High,2840.08,26.8,17.71,9.8,High
P02047,Thermal,Gujarat,West,2463,12823.48,86,3,Complete,Low,13431.09,87.1,4.74,1.1,Low
P02048,Solar,Maharashtra,West,825,1710.5,19,9,Complete,Medium,1991.96,25.9,16.45,6.9,Medium
P02049,Hydro,Karnataka,South,653,4314.14,87,5,Complete,Medium,4516.37,90.6,4.69,3.6,Medium
P02050,Transmission,Haryana,North,1326,3283.42,34,1,Partial,High,3771.7,49.9,14.87,15.9,High
P02051,Thermal,Rajasthan,North,2316,11505.24,79,9,Complete,Medium,13475.5,86.3,17.12,7.3,Medium
P02052,Wind,Uttar Pradesh,North,100,234.55,14,10,Complete,Medium,270.71,22.0,15.41,8.0,Medium
P02053,Wind,Haryana,North,462,594.46,16,10,Partial,Medium,707.33,30.8,18.99,14.8,High
P02054,Hydro,Maharashtra,West,2927,10623.52,46,10,Pending,Medium,15279.74,64.8,43.83,18.8,High
P02055,Solar,Andhra Pradesh,South,68,119.55,19,7,Pending,Medium,146.1,31.6,22.21,12.6,High
P02056,Solar,Andhra Pradesh,South,1168,4082.17,16,9,Pending,High,5118.4,46.2,25.38,30.2,High
P02057,Solar,Gujarat,West,575,1593.22,38,4,Complete,Medium,1731.14,43.1,8.66,5.1,Medium
P02058,Solar,Rajasthan,North,1244,3599.31,15,5,Partial,Medium,4125.27,26.6,14.61,11.6,High
P02059,Hydro,Andhra Pradesh,South,3657,20179.47,59,3,Partial,Medium,25259.47,71.5,25.17,12.5,High
P02060,Hydro,Haryana,North,1613,10686.59,66,10,Complete,High,14176.3,76.7,32.66,10.7,High
P02061,Hydro,Uttar Pradesh,North,2940,18876.57,57,4,Complete,Low,19253.89,57.3,2.0,0.3,Low
P02062,Thermal,Gujarat,West,1976,6467.9,93,6,Pending,Low,8230.5,103.2,27.25,10.2,High
P02063,Hydro,Punjab,North,3065,17287.02,53,10,Complete,Medium,20118.98,62.8,16.38,9.8,High
P02064,Transmission,Maharashtra,West,2531,4367.22,54,7,Pending,Medium,5720.76,71.5,30.99,17.5,High
P02065,Wind,Tamil Nadu,South,664,826.07,16,6,Partial,Medium,953.4,21.7,15.41,5.7,Medium
P02066,Hydro,Andhra Pradesh,South,860,2783.12,116,1,Partial,Medium,3289.77,125.0,18.2,9.0,Medium
P02067,Transmission,Uttar Pradesh,North,2800,4804.92,26,5,Complete,Low,4939.32,26.2,2.8,0.2,Low
P02068,Wind,Gujarat,West,862,1941.21,15,2,Pending,Low,2508.71,32.0,29.23,17.0,High
P02069,Transmission,Gujarat,West,1620,3323.9,41,6,Partial,Medium,3945.78,51.2,18.71,10.2,High
P02070,Thermal,Andhra Pradesh,South,4127,20027.17,64,4,Partial,Medium,23826.18,73.6,18.97,9.6,High
P02071,Transmission,Punjab,North,441,732.18,15,5,Complete,High,838.67,20.9,14.54,5.9,Medium
P02072,Thermal,Maharashtra,West,974,3161.63,63,5,Partial,Low,3680.12,70.4,16.4,7.4,Medium
P02073,Hydro,Andhra Pradesh,South,940,5829.03,38,6,Partial,Low,6510.92,41.9,11.7,3.9,Medium
P02074,Solar,Haryana,North,614,1801.69,31,1,Complete,Low,1864.27,31.5,3.47,0.5,Low
P02075,Solar,Maharashtra,West,952,2285.63,41,9,Complete,Medium,2652.37,47.8,16.05,6.8,Medium
P02076,Transmission,Maharashtra,West,2304,3819.35,12,6,Complete,High,4306.78,22.5,12.76,10.5,High
P02077,Hydro,Haryana,North,3197,21949.96,50,3,Complete,Low,22782.31,50.6,3.79,0.6,Low
P02078,Hydro,Haryana,North,553,3784.9,115,2,Partial,Medium,4759.02,125.7,25.74,10.7,High
P02079,Solar,Madhya Pradesh,Central,141,455.81,28,1,Partial,Medium,519.36,34.4,13.94,6.4,Medium
P02080,Thermal,Rajasthan,North,3806,13644.01,73,8,Complete,Low,14521.36,76.3,6.43,3.3,Medium
P02081,Wind,Maharashtra,West,731,1968.33,20,9,Complete,Medium,2214.66,26.8,12.51,6.8,Medium
P02082,Wind,Madhya Pradesh,Central,312,902.64,21,9,Partial,High,1155.35,41.7,28.0,20.7,High
P02083,Transmission,Andhra Pradesh,South,1433,2988.7,32,6,Complete,High,3334.75,43.2,11.58,11.2,High
P02084,Transmission,Rajasthan,North,219,502.78,20,6,Partial,Low,538.21,26.9,7.05,6.9,Medium
P02085,Solar,Haryana,North,628,1385.78,23,3,Complete,Low,1433.53,24.9,3.45,1.9,Low
P02086,Wind,Punjab,North,525,721.27,15,10,Pending,Medium,932.27,32.6,29.25,17.6,High
P02087,Thermal,Punjab,North,3921,22538.62,65,2,Complete,Medium,24676.52,68.9,9.49,3.9,Medium
P02088,Wind,Andhra Pradesh,South,845,1405.68,27,4,Partial,Medium,1683.42,37.1,19.76,10.1,High
P02089,Hydro,Gujarat,West,3289,16480.69,106,9,Complete,Medium,18391.85,113.4,11.6,7.4,Medium
P02090,Transmission,Punjab,North,985,1693.71,21,2,Pending,Medium,2058.97,41.1,21.57,20.1,High
P02091,Wind,Punjab,North,68,135.58,29,7,Complete,High,153.24,32.6,13.03,3.6,Medium
P02092,Thermal,Andhra Pradesh,South,3996,13849.86,58,5,Complete,Low,14235.36,59.7,2.78,1.7,Low
P02093,Hydro,Punjab,North,2648,18399.56,83,4,Partial,Medium,21703.32,92.9,17.96,9.9,High
P02094,Transmission,Andhra Pradesh,South,2912,3599.59,41,6,Pending,Medium,4674.36,57.3,29.86,16.3,High
P02095,Hydro,Andhra Pradesh,South,2022,8641.44,117,1,Complete,High,9765.41,121.8,13.01,4.8,Medium
P02096,Transmission,Uttar Pradesh,North,1718,2781.32,38,5,Complete,Low,2823.44,39.0,1.51,1.0,Low
P02097,Transmission,Andhra Pradesh,South,611,1410.75,54,1,Complete,Low,1452.71,54.7,2.97,0.7,Low
P02098,Transmission,Rajasthan,North,546,628.27,22,9,Complete,Low,677.4,26.2,7.82,4.2,Medium
P02099,Wind,Haryana,North,826,1393.6,22,7,Partial,Medium,1615.3,33.5,15.91,11.5,High
P02100,Thermal,Uttar Pradesh,North,3597,14281.76,49,8,Complete,Medium,16111.48,56.9,12.81,7.9,Medium
P02101,Wind,Gujarat,West,705,2114.3,30,9,Complete,High,2631.02,40.7,24.44,10.7,High
P02102,Transmission,Haryana,North,2124,4251.29,36,5,Partial,Low,4992.2,44.5,17.43,8.5,Medium
P02103,Solar,Tamil Nadu,South,416,1231.78,29,8,Partial,Medium,1512.86,38.9,22.82,9.9,High
P02104,Transmission,Punjab,North,1490,2141.39,53,5,Complete,High,2526.23,66.0,17.97,13.0,High
P02105,Solar,Andhra Pradesh,South,1213,3030.52,29,9,Pending,Low,3662.61,46.0,20.86,17.0,High
P02106,Thermal,Madhya Pradesh,Central,2641,10685.07,80,5,Complete,Low,11177.8,81.5,4.61,1.5,Low
P02107,Wind,Maharashtra,West,129,195.63,15,9,Partial,Low,234.1,21.0,19.67,6.0,Medium
P02108,Transmission,Uttar Pradesh,North,2900,7099.76,23,5,Complete,Medium,7662.1,27.2,7.92,4.2,Medium
P02109,Hydro,Madhya Pradesh,Central,1894,12294.61,93,10,Complete,Medium,13803.38,99.6,12.27,6.6,Medium
P02110,Thermal,Rajasthan,North,1206,4092.65,78,5,Partial,Medium,4912.87,84.0,20.04,6.0,Medium
P02111,Hydro,Andhra Pradesh,South,3741,28705.08,45,9,Pending,Medium,38258.22,60.4,33.28,15.4,High
P02112,Hydro,Punjab,North,220,1599.2,105,4,Complete,Low,1642.63,105.6,2.72,0.6,Low
P02113,Wind,Rajasthan,North,426,538.16,25,8,Complete,Medium,593.37,33.1,10.26,8.1,Medium
P02114,Solar,Punjab,North,1451,4767.26,44,9,Pending,Medium,6649.97,58.4,39.49,14.4,High
P02115,Thermal,Tamil Nadu,South,4211,25521.84,59,8,Complete,Low,28565.24,60.8,11.92,1.8,Medium
P02116,Wind,Haryana,North,88,223.21,34,6,Complete,Low,232.74,35.4,4.27,1.4,Low
P02117,Transmission,Tamil Nadu,South,2670,3873.18,23,10,Complete,High,4229.32,35.2,9.19,12.2,High
P02118,Solar,Tamil Nadu,South,241,774.44,28,10,Partial,Low,896.02,38.2,15.7,10.2,High
P02119,Wind,Haryana,North,187,460.22,19,2,Complete,Low,471.22,19.9,2.39,0.9,Low
P02120,Solar,Madhya Pradesh,Central,1178,3373.81,35,6,Pending,Low,4180.29,48.4,23.9,13.4,High
P02121,Transmission,Andhra Pradesh,South,1536,3561.91,50,7,Pending,Medium,4116.29,67.1,15.56,17.1,High
P02122,Thermal,Madhya Pradesh,Central,3747,19868.43,56,9,Partial,Medium,25313.94,70.8,27.41,14.8,High
P02123,Solar,Andhra Pradesh,South,824,1534.54,22,4,Partial,Medium,1781.7,32.2,16.11,10.2,High
P02124,Solar,Tamil Nadu,South,1232,4030.57,34,3,Complete,Medium,4371.28,35.3,8.45,1.3,Low
P02125,Thermal,Madhya Pradesh,Central,2404,11423.85,86,4,Complete,Medium,12217.5,89.3,6.95,3.3,Medium
P02126,Transmission,Karnataka,South,2831,4299.49,37,3,Complete,High,4766.4,46.6,10.86,9.6,High
P02127,Transmission,Punjab,North,1883,3584.6,30,10,Complete,Medium,4205.75,39.0,17.33,9.0,Medium
P02128,Wind,Gujarat,West,81,229.13,34,2,Partial,Low,261.54,40.3,14.14,6.3,Medium
P02129,Transmission,Andhra Pradesh,South,1675,1865.58,56,5,Partial,High,2324.55,65.6,24.6,9.6,High
P02130,Hydro,Maharashtra,West,639,2288.22,56,7,Complete,Medium,2546.0,60.5,11.27,4.5,Medium
P02131,Thermal,Uttar Pradesh,North,1015,2759.83,95,8,Complete,Medium,3247.24,99.5,17.66,4.5,Medium
P02132,Wind,Punjab,North,591,1254.57,34,8,Complete,Medium,1438.1,41.9,14.63,7.9,Medium
P02133,Solar,Andhra Pradesh,South,635,1254.89,43,5,Complete,High,1410.08,51.1,12.37,8.1,Medium
P02134,Thermal,Maharashtra,West,1122,7186.23,42,4,Partial,Medium,8575.07,52.1,19.33,10.1,High
P02135,Transmission,Andhra Pradesh,South,759,1278.47,46,4,Partial,Low,1444.69,52.9,13.0,6.9,Medium
P02136,Thermal,Maharashtra,West,548,3332.84,89,2,Complete,Low,3410.56,90.1,2.33,1.1,Low
P02137,Wind,Rajasthan,North,225,524.15,18,9,Complete,Low,562.33,23.6,7.28,5.6,Medium
P02138,Transmission,Maharashtra,West,1471,3177.65,55,5,Complete,Low,3253.77,56.9,2.4,1.9,Low
P02139,Thermal,Rajasthan,North,3100,19545.68,40,10,Pending,Low,26152.52,49.3,33.8,9.3,High
P02140,Wind,Maharashtra,West,992,1819.93,21,5,Partial,High,2329.74,39.8,28.01,18.8,High
P02141,Solar,Gujarat,West,378,870.39,12,8,Pending,High,1195.23,41.6,37.32,29.6,High
P02142,Hydro,Andhra Pradesh,South,3742,13699.16,103,10,Partial,Low,17586.3,113.4,28.38,10.4,High
P02143,Solar,Tamil Nadu,South,858,2267.39,43,1,Complete,Low,2344.11,43.8,3.38,0.8,Low
P02144,Thermal,Haryana,North,1197,6810.58,44,1,Partial,Low,7396.79,52.2,8.61,8.2,Medium
P02145,Thermal,Tamil Nadu,South,4998,25256.96,63,10,Complete,Medium,28419.11,70.4,12.52,7.4,Medium
P02146,Wind,Uttar Pradesh,North,204,479.91,31,8,Partial,High,647.79,46.0,34.98,15.0,High
P02147,Solar,Tamil Nadu,South,1188,3257.96,34,10,Partial,Low,4094.26,42.9,25.67,8.9,High
P02148,Solar,Gujarat,West,446,1151.25,40,4,Complete,Medium,1272.26,42.1,10.51,2.1,Medium
P02149,Thermal,Tamil Nadu,South,2476,14139.71,75,7,Complete,Medium,14781.18,79.1,4.54,4.1,Medium
P02150,Solar,Haryana,North,224,412.37,40,1,Pending,High,590.03,63.1,43.08,23.1,High
P02151,Wind,Maharashtra,West,798,1688.37,32,6,Complete,Medium,1780.8,35.1,5.47,3.1,Medium
P02152,Transmission,Andhra Pradesh,South,487,653.31,23,1,Partial,Medium,810.3,31.9,24.03,8.9,Medium
P02153,Solar,Punjab,North,546,953.8,46,7,Complete,Low,983.57,46.6,3.12,0.6,Low
P02154,Thermal,Haryana,North,675,3564.09,70,2,Complete,Medium,3978.86,73.7,11.64,3.7,Medium
P02155,Wind,Haryana,North,980,1428.9,29,7,Partial,Medium,1558.27,36.9,9.05,7.9,Medium
P02156,Thermal,Rajasthan,North,1111,4939.08,65,1,Pending,Medium,6525.35,81.0,32.12,16.0,High
P02157,Transmission,Maharashtra,West,315,415.51,14,5,Partial,High,472.96,28.2,13.83,14.2,High
P02158,Transmission,Uttar Pradesh,North,1562,2654.44,19,5,Complete,High,3277.45,26.1,23.47,7.1,Medium
P02159,Wind,Uttar Pradesh,North,945,2119.77,35,7,Partial,High,2795.07,51.0,31.86,16.0,High
P02160,Transmission,Karnataka,South,761,1062.2,15,2,Complete,Medium,1165.09,18.0,9.69,3.0,Medium
P02161,Wind,Andhra Pradesh,South,361,1058.35,32,7,Pending,Medium,1450.09,49.7,37.01,17.7,High
P02162,Wind,Andhra Pradesh,South,123,196.24,33,7,Complete,Medium,216.06,35.4,10.1,2.4,Medium
P02163,Solar,Tamil Nadu,South,655,2193.21,15,3,Pending,High,2601.07,29.5,18.6,14.5,High
P02164,Wind,Maharashtra,West,519,1319.47,13,9,Complete,Medium,1484.02,18.7,12.47,5.7,Medium
P02165,Wind,Rajasthan,North,447,834.85,25,4,Complete,High,1030.53,34.8,23.44,9.8,High
P02166,Wind,Uttar Pradesh,North,398,503.02,13,8,Pending,Medium,693.19,31.3,37.81,18.3,High
P02167,Solar,Rajasthan,North,496,1523.9,26,2,Complete,Low,1575.34,26.6,3.38,0.6,Low
P02168,Thermal,Haryana,North,658,3224.58,39,8,Complete,Low,3359.17,46.1,4.17,7.1,Medium
P02169,Solar,Tamil Nadu,South,242,573.19,35,9,Complete,High,683.74,49.0,19.29,14.0,High
P02170,Hydro,Andhra Pradesh,South,692,2641.83,115,4,Complete,Medium,2779.93,119.5,5.23,4.5,Medium
P02171,Wind,Uttar Pradesh,North,664,1566.5,12,1,Complete,Medium,1654.52,14.8,5.62,2.8,Low
P02172,Wind,Madhya Pradesh,Central,697,1690.39,20,1,Pending,Low,2144.26,37.8,26.85,17.8,High
P02173,Thermal,Tamil Nadu,South,4347,22744.25,70,1,Complete,Medium,24174.22,71.7,6.29,1.7,Low
P02174,Hydro,Andhra Pradesh,South,2687,11557.11,84,2,Partial,Low,13230.71,88.5,14.48,4.5,Medium
P02175,Solar,Uttar Pradesh,North,76,163.24,30,4,Complete,High,182.21,42.6,11.62,12.6,High
P02176,Solar,Rajasthan,North,1098,3749.14,29,1,Complete,High,4507.58,39.9,20.23,10.9,High
P02177,Transmission,Rajasthan,North,1349,3368.72,31,7,Partial,Low,3954.09,35.0,17.38,4.0,Medium
P02178,Hydro,Uttar Pradesh,North,1642,8329.5,113,9,Partial,Medium,9855.53,126.1,18.32,13.1,High
P02179,Transmission,Haryana,North,2771,4034.63,30,2,Partial,Medium,4638.33,37.3,14.96,7.3,Medium
P02180,Transmission,Gujarat,West,2033,2418.08,23,10,Partial,High,3010.34,42.2,24.49,19.2,High
P02181,Hydro,Uttar Pradesh,North,3994,23651.0,66,10,Partial,High,28657.32,80.2,21.17,14.2,High
P02182,Hydro,Tamil Nadu,South,2430,18709.25,55,6,Complete,Medium,20378.51,59.6,8.92,4.6,Medium
P02183,Thermal,Andhra Pradesh,South,4729,24860.82,50,8,Complete,Low,28312.45,55.1,13.88,5.1,Medium
P02184,Transmission,Tamil Nadu,South,1420,2414.46,13,4,Partial,Low,2818.48,16.9,16.73,3.9,Medium
P02185,Hydro,Karnataka,South,1382,9005.35,108,2,Complete,Medium,9589.36,110.5,6.49,2.5,Low
P02186,Wind,Haryana,North,532,1562.28,34,6,Complete,Medium,1762.49,36.1,12.82,2.1,Medium
P02187,Transmission,Maharashtra,West,777,828.49,53,3,Pending,Low,1026.1,71.4,23.85,18.4,High
P02188,Wind,Maharashtra,West,109,144.26,24,8,Partial,Medium,167.19,31.7,15.89,7.7,Medium
P02189,Solar,Maharashtra,West,982,3038.67,35,1,Partial,Medium,3429.82,44.1,12.87,9.1,High
P02190,Transmission,Punjab,North,862,964.72,45,1,Complete,Medium,1083.78,48.0,12.34,3.0,Medium
P02191,Wind,Uttar Pradesh,North,831,2181.91,26,10,Pending,Medium,3089.51,44.6,41.6,18.6,High
P02192,Hydro,Gujarat,West,1531,9889.69,77,1,Complete,Medium,10915.94,79.7,10.38,2.7,Medium
P02193,Wind,Karnataka,South,629,1176.44,12,7,Partial,High,1371.03,26.4,16.54,14.4,High
P02194,Solar,Madhya Pradesh,Central,1164,2598.41,16,8,Partial,Medium,3216.93,25.5,23.8,9.5,High
P02195,Solar,Tamil Nadu,South,909,2794.84,15,7,Complete,Medium,2975.48,19.6,6.46,4.6,Medium
P02196,Transmission,Andhra Pradesh,South,2881,6147.35,46,4,Complete,Medium,6501.89,48.9,5.77,2.9,Low
P02197,Wind,Tamil Nadu,South,162,275.13,35,4,Partial,Medium,325.02,45.3,18.13,10.3,High
P02198,Thermal,Gujarat,West,2952,18522.12,81,7,Pending,Medium,23483.6,92.7,26.79,11.7,High
P02199,Wind,Andhra Pradesh,South,330,879.06,18,10,Pending,Medium,1095.95,34.2,24.67,16.2,High
P02200,Thermal,Uttar Pradesh,North,3879,17232.61,57,9,Partial,Low,20118.97,71.7,16.75,14.7,High
P02201,Thermal,Tamil Nadu,South,2088,10765.91,90,6,Complete,Low,10991.25,92.0,2.09,2.0,Low
P02202,Thermal,Andhra Pradesh,South,3551,15027.41,53,1,Pending,Medium,20234.74,69.0,34.65,16.0,High
P02203,Hydro,Karnataka,South,839,3067.86,106,5,Partial,Medium,3489.98,114.4,13.76,8.4,Medium
P02204,Hydro,Uttar Pradesh,North,1212,9686.21,87,6,Complete,High,11205.23,91.1,15.68,4.1,Medium
P02205,Hydro,Gujarat,West,435,2011.78,36,5,Complete,High,2444.66,41.4,21.52,5.4,Medium
P02206,Thermal,Gujarat,West,3046,9700.73,42,7,Complete,High,11890.97,53.1,22.58,11.1,High
P02207,Hydro,Maharashtra,West,2706,14288.58,83,4,Partial,Medium,17361.52,90.3,21.51,7.3,Medium
P02208,Thermal,Karnataka,South,4009,20772.28,55,2,Complete,High,24701.58,67.4,18.92,12.4,High
P02209,Hydro,Karnataka,South,1139,3980.26,48,1,Partial,Low,4373.07,52.6,9.87,4.6,Medium
P02210,Wind,Andhra Pradesh,South,322,942.46,24,8,Complete,Low,1071.5,26.9,13.69,2.9,Medium
P02211,Thermal,Tamil Nadu,South,4437,27989.03,66,10,Partial,Medium,32855.62,78.3,17.39,12.3,High
P02212,Thermal,Gujarat,West,3594,14854.52,82,10,Complete,Medium,17090.42,88.0,15.05,6.0,Medium
P02213,Wind,Madhya Pradesh,Central,509,1177.83,35,1,Complete,Medium,1282.84,40.1,8.92,5.1,Medium
P02214,Solar,Maharashtra,West,1230,3707.45,30,9,Partial,Medium,4346.08,40.0,17.23,10.0,High
P02215,Hydro,Tamil Nadu,South,931,5289.49,67,8,Partial,Low,5963.1,73.0,12.73,6.0,Medium
P02216,Solar,Karnataka,South,50,171.3,34,10,Partial,High,239.91,55.8,40.05,21.8,High
P02217,Solar,Rajasthan,North,1230,4135.19,40,1,Complete,Medium,4456.89,41.8,7.78,1.8,Low
P02218,Wind,Punjab,North,263,475.55,19,8,Partial,High,666.57,35.6,40.17,16.6,High
P02219,Solar,Karnataka,South,1017,1992.91,17,7,Complete,Medium,2145.13,21.2,7.64,4.2,Medium
P02220,Solar,Maharashtra,West,1398,4687.95,30,5,Partial,Low,5146.12,33.5,9.77,3.5,Medium
P02221,Transmission,Uttar Pradesh,North,1610,2956.05,56,1,Partial,High,3575.05,69.4,20.94,13.4,High
P02222,Solar,Karnataka,South,442,718.1,41,7,Partial,Medium,826.05,50.3,15.03,9.3,High
P02223,Transmission,Madhya Pradesh,Central,682,1288.22,19,9,Complete,Low,1383.08,23.6,7.36,4.6,Medium
P02224,Thermal,Madhya Pradesh,Central,2736,9323.67,71,3,Complete,Medium,9659.7,74.3,3.6,3.3,Medium
P02225,Transmission,Madhya Pradesh,Central,2280,3772.46,28,3,Complete,High,4615.7,38.9,22.35,10.9,High
P02226,Wind,Tamil Nadu,South,764,1014.82,18,3,Pending,Medium,1428.57,40.6,40.77,22.6,High
P02227,Wind,Haryana,North,427,1200.54,15,2,Complete,Low,1228.06,16.8,2.29,1.8,Low
P02228,Wind,Uttar Pradesh,North,349,928.4,30,10,Partial,Medium,1137.81,39.3,22.56,9.3,High
P02229,Thermal,Andhra Pradesh,South,2981,16266.45,91,8,Partial,High,20821.19,109.7,28.0,18.7,High
P02230,Solar,Andhra Pradesh,South,1130,3424.44,35,9,Partial,Low,3969.08,44.0,15.9,9.0,Medium
P02231,Thermal,Uttar Pradesh,North,4662,17672.4,43,3,Complete,High,20105.96,46.8,13.77,3.8,Medium
P02232,Wind,Haryana,North,162,390.79,22,2,Pending,High,534.77,43.0,36.84,21.0,High
P02233,Wind,Madhya Pradesh,Central,155,329.74,19,6,Partial,Medium,387.74,30.0,17.59,11.0,High
P02234,Wind,Maharashtra,West,758,2071.97,28,5,Complete,High,2426.98,38.6,17.13,10.6,High
P02235,Hydro,Gujarat,West,2971,19815.69,93,9,Complete,Low,20865.25,95.6,5.3,2.6,Low
P02236,Solar,Haryana,North,262,554.53,26,8,Complete,High,616.32,35.8,11.14,9.8,High
P02237,Thermal,Andhra Pradesh,South,3809,11324.9,86,7,Pending,Low,14270.67,97.7,26.01,11.7,High
P02238,Thermal,Madhya Pradesh,Central,715,3081.7,72,5,Partial,High,4182.53,83.9,35.72,11.9,High
P02239,Transmission,Karnataka,South,257,277.8,12,2,Complete,Low,280.01,12.0,0.8,0.0,Low
P02240,Wind,Haryana,North,229,606.28,26,5,Partial,Low,693.27,34.2,14.35,8.2,Medium
P02241,Solar,Madhya Pradesh,Central,69,157.4,46,10,Complete,Low,165.06,49.9,4.87,3.9,Medium
P02242,Thermal,Karnataka,South,3328,13452.91,72,6,Partial,Low,14444.05,77.6,7.37,5.6,Medium
P02243,Wind,Tamil Nadu,South,287,429.9,23,2,Complete,Medium,456.06,26.8,6.09,3.8,Medium
P02244,Hydro,Maharashtra,West,1556,6267.49,86,2,Complete,Low,6453.4,86.1,2.97,0.1,Low
P02245,Thermal,Haryana,North,1218,6316.62,85,8,Partial,Medium,7462.63,94.8,18.14,9.8,High
P02246,Transmission,Andhra Pradesh,South,330,648.29,50,2,Complete,Medium,691.27,52.2,6.63,2.2,Low
P02247,Transmission,Madhya Pradesh,Central,270,365.29,51,9,Partial,Medium,489.2,57.8,33.92,6.8,High
P02248,Transmission,Punjab,North,912,1781.81,43,4,Partial,Medium,1984.37,53.9,11.37,10.9,High
P02249,Transmission,Madhya Pradesh,Central,1225,2444.87,53,5,Complete,Medium,2594.87,55.2,6.14,2.2,Low
P02250,Wind,Punjab,North,502,835.71,33,4,Pending,Low,1043.51,45.2,24.87,12.2,High
P02251,Thermal,Andhra Pradesh,South,3804,10236.14,82,7,Complete,Medium,10705.48,86.0,4.59,4.0,Medium
P02252,Transmission,Punjab,North,2492,4716.47,17,5,Complete,Medium,5113.54,19.3,8.42,2.3,Low
P02253,Hydro,Uttar Pradesh,North,2456,15789.16,90,9,Complete,High,19998.0,102.7,26.66,12.7,High
P02254,Transmission,Tamil Nadu,South,2828,5581.51,26,4,Partial,Medium,6863.07,33.0,22.96,7.0,Medium
P02255,Wind,Rajasthan,North,830,1419.25,28,1,Complete,Medium,1487.82,31.6,4.83,3.6,Medium
P02256,Wind,Karnataka,South,544,1029.37,19,7,Complete,Medium,1105.84,22.1,7.43,3.1,Medium
P02257,Wind,Rajasthan,North,826,1466.61,26,2,Partial,High,1879.53,45.1,28.15,19.1,High
P02258,Thermal,Andhra Pradesh,South,2055,13226.33,88,6,Complete,Medium,14805.84,92.3,11.94,4.3,Medium
P02259,Solar,Karnataka,South,1434,3385.86,37,10,Complete,High,3876.26,46.8,14.48,9.8,High
P02260,Hydro,Uttar Pradesh,North,1554,12285.77,74,4,Pending,Medium,16326.88,84.1,32.89,10.1,High
P02261,Wind,Maharashtra,West,485,1160.2,31,4,Partial,Medium,1387.61,40.1,19.6,9.1,High
P02262,Wind,Maharashtra,West,500,923.77,33,4,Complete,High,1018.55,42.9,10.26,9.9,High
P02263,Thermal,Tamil Nadu,South,583,2911.65,66,6,Complete,Medium,3154.19,69.3,8.33,3.3,Medium
P02264,Hydro,Haryana,North,2312,13985.45,67,4,Partial,Low,15669.82,72.4,12.04,5.4,Medium
P02265,Wind,Haryana,North,56,78.14,32,3,Complete,Medium,86.8,36.9,11.08,4.9,Medium
P02266,Solar,Rajasthan,North,138,344.77,17,4,Pending,High,470.05,43.0,36.34,26.0,High
P02267,Hydro,Andhra Pradesh,South,348,2590.24,73,3,Complete,Medium,2792.83,78.7,7.82,5.7,Medium
P02268,Thermal,Rajasthan,North,531,2336.48,71,2,Partial,Medium,2656.86,82.7,13.71,11.7,High
P02269,Thermal,Haryana,North,4356,17527.68,71,10,Partial,Medium,21446.11,87.2,22.36,16.2,High
P02270,Solar,Haryana,North,979,1569.33,12,2,Partial,Medium,1813.01,19.3,15.53,7.3,Medium
P02271,Wind,Karnataka,South,651,1144.97,25,3,Partial,High,1437.23,42.7,25.53,17.7,High
P02272,Hydro,Haryana,North,768,4831.88,54,9,Pending,Low,6250.5,71.1,29.36,17.1,High
P02273,Wind,Madhya Pradesh,Central,110,143.3,25,8,Complete,Medium,164.41,31.7,14.73,6.7,Medium
P02274,Wind,Maharashtra,West,637,1336.6,16,1,Complete,Medium,1484.79,19.0,11.09,3.0,Medium
P02275,Thermal,Haryana,North,3025,15311.5,59,5,Partial,Medium,18567.68,68.4,21.27,9.4,High
P02276,Wind,Karnataka,South,952,1143.86,21,7,Complete,Medium,1240.88,25.0,8.48,4.0,Medium
P02277,Hydro,Karnataka,South,1310,6224.49,116,3,Partial,Medium,7395.09,121.8,18.81,5.8,Medium
P02278,Solar,Tamil Nadu,South,611,1494.24,23,8,Partial,Medium,1876.64,32.9,25.59,9.9,High
P02279,Wind,Andhra Pradesh,South,670,1958.79,32,6,Partial,Medium,2233.89,40.7,14.04,8.7,Medium
P02280,Thermal,Andhra Pradesh,South,4790,19978.52,77,1,Complete,Medium,21010.24,79.5,5.16,2.5,Low
P02281,Transmission,Karnataka,South,500,1172.57,56,9,Complete,Medium,1358.77,64.0,15.88,8.0,Medium
P02282,Hydro,Andhra Pradesh,South,643,4794.76,80,8,Pending,Low,5929.14,94.0,23.66,14.0,High
P02283,Wind,Madhya Pradesh,Central,674,1589.81,32,5,Partial,Medium,1829.52,42.4,15.08,10.4,High
P02284,Wind,Gujarat,West,325,870.3,34,1,Partial,Low,992.22,41.2,14.01,7.2,Medium
P02285,Transmission,Tamil Nadu,South,1690,2106.84,36,4,Complete,Medium,2303.15,39.1,9.32,3.1,Medium
P02286,Hydro,Madhya Pradesh,Central,1872,14946.75,89,8,Complete,High,17433.1,103.7,16.63,14.7,High
P02287,Wind,Tamil Nadu,South,541,882.39,34,6,Partial,Medium,1041.81,41.7,18.07,7.7,Medium
P02288,Hydro,Haryana,North,856,5930.32,76,1,Complete,High,6621.76,83.1,11.66,7.1,Medium
P02289,Thermal,Maharashtra,West,4839,16120.89,36,9,Partial,High,20015.24,59.3,24.16,23.3,High
P02290,Thermal,Rajasthan,North,2327,13820.59,64,1,Complete,Low,14371.71,64.5,3.99,0.5,Low
P02291,Hydro,Haryana,North,2136,7231.24,82,8,Complete,Low,7749.28,85.3,7.16,3.3,Medium
P02292,Transmission,Andhra Pradesh,South,2257,5017.76,31,6,Complete,Medium,5340.24,36.1,6.43,5.1,Medium
P02293,Wind,Tamil Nadu,South,130,291.76,27,8,Partial,Medium,373.7,41.8,28.08,14.8,High
P02294,Hydro,Punjab,North,2994,23055.57,56,8,Pending,Medium,32246.62,70.4,39.86,14.4,High
P02295,Hydro,Punjab,North,1454,6751.14,118,5,Pending,Low,7495.83,136.7,11.03,18.7,High
P02296,Transmission,Maharashtra,West,2997,7053.09,34,10,Partial,Low,8300.47,47.0,17.69,13.0,High
P02297,Solar,Gujarat,West,1231,3318.16,34,9,Partial,Low,3953.1,46.9,19.14,12.9,High
P02298,Hydro,Tamil Nadu,South,1718,5726.62,38,8,Complete,High,6376.34,49.4,11.35,11.4,High
P02299,Transmission,Gujarat,West,2113,5017.09,39,5,Complete,Medium,5407.71,42.4,7.79,3.4,Medium
P02300,Thermal,Madhya Pradesh,Central,3932,13785.61,59,3,Complete,Medium,14746.92,61.5,6.97,2.5,Low
P02301,Hydro,Karnataka,South,3614,24058.27,102,2,Partial,High,30002.03,114.9,24.71,12.9,High
P02302,Hydro,Tamil Nadu,South,3575,21429.44,78,4,Complete,Low,22266.69,79.8,3.91,1.8,Low
P02303,Transmission,Madhya Pradesh,Central,1815,2150.72,20,6,Partial,Medium,2450.81,31.1,13.95,11.1,High
P02304,Thermal,Madhya Pradesh,Central,4340,11896.77,76,9,Complete,High,14737.23,89.7,23.88,13.7,High
P02305,Wind,Punjab,North,544,669.9,12,7,Pending,Low,859.4,31.4,28.29,19.4,High
P02306,Solar,Uttar Pradesh,North,356,671.88,36,2,Complete,Low,702.34,37.4,4.53,1.4,Low
P02307,Wind,Punjab,North,318,738.2,25,1,Complete,Low,772.39,26.4,4.63,1.4,Low
P02308,Transmission,Haryana,North,2456,3317.79,15,2,Partial,Medium,3953.23,21.9,19.15,6.9,Medium
P02309,Thermal,Tamil Nadu,South,2572,14670.53,84,9,Complete,Low,15605.48,90.4,6.37,6.4,Medium
P02310,Solar,Maharashtra,West,956,2951.35,39,7,Complete,Medium,3102.17,43.2,5.11,4.2,Medium
P02311,Thermal,Gujarat,West,2890,12926.16,52,1,Complete,Medium,13804.35,56.2,6.79,4.2,Medium
P02312,Wind,Haryana,North,813,2314.65,20,6,Pending,Low,2684.14,34.8,15.96,14.8,High
P02313,Hydro,Maharashtra,West,467,2421.9,96,8,Complete,Low,2557.91,101.1,5.62,5.1,Medium
P02314,Transmission,Haryana,North,688,1222.6,55,5,Complete,Medium,1298.22,59.7,6.19,4.7,Medium
P02315,Solar,Rajasthan,North,1061,3697.73,37,2,Partial,Medium,4499.94,45.8,21.69,8.8,Medium
P02316,Transmission,Rajasthan,North,2661,6373.64,47,7,Pending,Medium,7386.57,68.2,15.89,21.2,High
P02317,Hydro,Uttar Pradesh,North,2780,15191.44,67,7,Partial,Medium,17396.62,78.2,14.52,11.2,High
P02318,Wind,Madhya Pradesh,Central,634,1155.86,30,1,Complete,Medium,1205.5,31.8,4.29,1.8,Low
P02319,Transmission,Madhya Pradesh,Central,2437,5813.8,34,7,Partial,Medium,6860.36,44.4,18.0,10.4,High
P02320,Hydro,Andhra Pradesh,South,100,705.63,108,1,Pending,Low,808.54,122.4,14.58,14.4,High
P02321,Hydro,Karnataka,South,1454,4837.48,94,10,Complete,Low,5312.54,98.6,9.82,4.6,Medium
P02322,Transmission,Gujarat,West,985,2064.1,36,7,Complete,Medium,2222.5,40.4,7.67,4.4,Medium
P02323,Solar,Tamil Nadu,South,92,208.65,12,9,Pending,Medium,284.48,25.8,36.34,13.8,High
P02324,Thermal,Karnataka,South,4615,19206.74,86,5,Complete,Medium,20885.54,89.3,8.74,3.3,Medium
P02325,Transmission,Haryana,North,1008,2212.09,17,9,Complete,Medium,2457.61,24.4,11.1,7.4,Medium
P02326,Hydro,Punjab,North,1202,6156.25,101,4,Complete,Medium,6566.12,104.0,6.66,3.0,Medium
P02327,Solar,Tamil Nadu,South,642,2086.19,45,8,Pending,Medium,2765.91,67.4,32.58,22.4,High
P02328,Hydro,Madhya Pradesh,Central,2034,6863.41,52,3,Partial,Medium,8364.04,57.9,21.86,5.9,Medium
P02329,Thermal,Karnataka,South,852,2949.01,38,4,Pending,High,4175.6,50.8,41.59,12.8,High
P02330,Thermal,Tamil Nadu,South,3576,16472.46,47,2,Complete,Low,16673.45,47.8,1.22,0.8,Low
P02331,Hydro,Punjab,North,1131,5294.79,80,8,Complete,Medium,5974.49,89.3,12.84,9.3,High
P02332,Transmission,Andhra Pradesh,South,714,1057.77,51,3,Partial,Low,1227.02,54.8,16.0,3.8,Medium
P02333,Hydro,Gujarat,West,2814,19725.53,105,10,Complete,Low,20705.98,112.6,4.97,7.6,Medium
P02334,Thermal,Karnataka,South,3179,20405.59,36,10,Complete,Medium,24259.97,45.8,18.89,9.8,High
P02335,Transmission,Karnataka,South,1175,1472.83,45,1,Partial,Medium,1686.5,52.4,14.51,7.4,Medium
P02336,Transmission,Maharashtra,West,2516,2937.87,43,2,Partial,Medium,3357.9,53.6,14.3,10.6,High
P02337,Hydro,Andhra Pradesh,South,2028,11430.41,64,4,Partial,Low,12081.8,68.6,5.7,4.6,Medium
P02338,Transmission,Rajasthan,North,2870,6313.39,28,8,Partial,Medium,7823.72,39.4,23.92,11.4,High
P02339,Thermal,Gujarat,West,4714,17983.15,56,9,Complete,Medium,20223.77,61.9,12.46,5.9,Medium
P02340,Transmission,Madhya Pradesh,Central,2468,4115.67,59,2,Complete,Medium,4367.2,63.7,6.11,4.7,Medium
P02341,Transmission,Gujarat,West,2727,5288.7,31,7,Complete,Low,5304.35,32.4,0.3,1.4,Low
P02342,Hydro,Maharashtra,West,2423,9071.43,99,6,Partial,Low,9748.62,105.9,7.47,6.9,Medium
P02343,Solar,Maharashtra,West,854,2224.57,38,6,Complete,High,2589.47,44.3,16.4,6.3,Medium
P02344,Wind,Uttar Pradesh,North,442,1145.85,15,2,Partial,Medium,1327.2,21.7,15.83,6.7,Medium
P02345,Solar,Andhra Pradesh,South,482,1127.98,21,8,Complete,Medium,1283.38,30.1,13.78,9.1,High
P02346,Thermal,Haryana,North,4945,31426.81,60,10,Complete,Medium,38227.47,67.0,21.64,7.0,Medium
P02347,Hydro,Madhya Pradesh,Central,2140,14263.6,114,4,Complete,Low,14947.28,114.9,4.79,0.9,Low
P02348,Hydro,Maharashtra,West,2246,14598.09,65,3,Complete,Medium,15959.67,68.7,9.33,3.7,Medium
P02349,Wind,Tamil Nadu,South,566,1485.79,12,4,Complete,Medium,1581.48,15.5,6.44,3.5,Medium
P02350,Solar,Madhya Pradesh,Central,860,2269.64,16,1,Complete,Medium,2354.94,17.9,3.76,1.9,Low
P02351,Thermal,Tamil Nadu,South,2301,8709.81,69,6,Complete,High,10010.44,79.6,14.93,10.6,High
P02352,Solar,Tamil Nadu,South,230,590.11,30,6,Partial,Medium,660.42,37.3,11.91,7.3,Medium
P02353,Wind,Andhra Pradesh,South,376,702.02,29,4,Pending,Medium,896.53,44.7,27.71,15.7,High
P02354,Thermal,Haryana,North,3484,11513.02,94,7,Partial,Medium,13111.56,101.0,13.88,7.0,Medium
P02355,Hydro,Haryana,North,2790,12405.56,74,2,Complete,Medium,13354.67,75.8,7.65,1.8,Low
P02356,Transmission,Haryana,North,1066,2006.3,55,7,Complete,Low,2034.08,55.4,1.38,0.4,Low
P02357,Wind,Andhra Pradesh,South,714,1809.32,13,8,Complete,Medium,2028.66,18.7,12.12,5.7,Medium
P02358,Thermal,Uttar Pradesh,North,4649,12133.63,54,8,Complete,Medium,13357.94,60.6,10.09,6.6,Medium
P02359,Wind,Maharashtra,West,372,683.02,14,2,Partial,Low,766.11,20.6,12.17,6.6,Medium
P02360,Wind,Haryana,North,443,1254.99,23,3,Complete,Medium,1366.83,26.8,8.91,3.8,Medium
P02361,Hydro,Madhya Pradesh,Central,3603,12685.77,87,3,Pending,Low,14038.79,103.6,10.67,16.6,High
P02362,Transmission,Madhya Pradesh,Central,1202,1943.91,36,6,Partial,Medium,2195.3,41.6,12.93,5.6,Medium
P02363,Transmission,Rajasthan,North,1108,1945.48,41,2,Pending,Medium,2462.02,55.8,26.55,14.8,High
P02364,Hydro,Tamil Nadu,South,1625,11069.83,53,10,Pending,Low,14842.58,75.8,34.08,22.8,High
P02365,Wind,Gujarat,West,404,581.27,16,10,Complete,Medium,625.31,21.9,7.58,5.9,Medium
P02366,Transmission,Punjab,North,466,1039.48,24,3,Partial,Low,1161.78,32.2,11.77,8.2,Medium
P02367,Solar,Maharashtra,West,305,977.93,26,3,Partial,Medium,1099.89,31.1,12.47,5.1,Medium
P02368,Wind,Maharashtra,West,800,1994.78,22,6,Pending,Medium,2466.96,35.8,23.67,13.8,High
P02369,Wind,Uttar Pradesh,North,625,852.74,34,8,Partial,Medium,1082.75,48.4,26.97,14.4,High
P02370,Thermal,Andhra Pradesh,South,4112,26620.51,56,6,Complete,High,28916.94,65.2,8.63,9.2,High
P02371,Thermal,Haryana,North,1800,7628.31,37,8,Complete,Medium,8620.26,44.1,13.0,7.1,Medium
P02372,Transmission,Karnataka,South,704,882.69,56,8,Partial,High,1248.31,77.1,41.42,21.1,High
P02373,Wind,Uttar Pradesh,North,939,2374.24,29,8,Complete,Low,2646.15,35.1,11.45,6.1,Medium
P02374,Thermal,Gujarat,West,586,2401.6,87,6,Partial,Medium,2827.28,97.2,17.72,10.2,High
P02375,Solar,Karnataka,South,997,2064.54,19,3,Complete,Medium,2298.68,23.3,11.34,4.3,Medium
P02376,Transmission,Uttar Pradesh,North,2609,5224.09,20,4,Partial,Medium,6290.81,29.0,20.42,9.0,Medium
P02377,Wind,Punjab,North,719,1018.34,26,8,Partial,High,1457.48,46.1,43.12,20.1,High
P02378,Hydro,Rajasthan,North,900,5332.69,99,4,Complete,Medium,5771.26,104.4,8.22,5.4,Medium
P02379,Transmission,Madhya Pradesh,Central,2670,6482.9,57,6,Partial,Medium,7573.93,68.5,16.83,11.5,High
P02380,Wind,Karnataka,South,267,673.11,33,4,Pending,Medium,930.23,44.1,38.2,11.1,High
P02381,Wind,Andhra Pradesh,South,888,1617.24,32,1,Complete,High,1812.66,41.4,12.08,9.4,High
P02382,Transmission,Punjab,North,1168,1422.97,23,3,Partial,High,1894.04,35.4,33.1,12.4,High
P02383,Wind,Madhya Pradesh,Central,833,1924.31,23,1,Partial,Low,2174.93,27.9,13.02,4.9,Medium
P02384,Solar,Gujarat,West,1054,3619.4,33,9,Complete,Low,3936.94,35.5,8.77,2.5,Low
P02385,Wind,Punjab,North,104,216.57,28,6,Complete,Low,224.71,29.0,3.76,1.0,Low
P02386,Thermal,Maharashtra,West,3943,18463.56,53,2,Complete,Low,18944.53,54.2,2.6,1.2,Low
P02387,Hydro,Maharashtra,West,3225,17910.69,103,5,Partial,High,22663.57,119.1,26.54,16.1,High
P02388,Solar,Maharashtra,West,924,1774.82,23,1,Partial,High,2220.76,33.5,25.13,10.5,High
P02389,Wind,Punjab,North,379,641.84,28,9,Partial,Low,749.56,38.6,16.78,10.6,High
P02390,Transmission,Andhra Pradesh,South,1678,2262.67,37,2,Partial,Low,2513.26,46.4,11.07,9.4,High
P02391,Solar,Madhya Pradesh,Central,99,283.55,21,4,Partial,Medium,333.9,25.6,17.76,4.6,Medium
P02392,Hydro,Maharashtra,West,2195,10339.43,119,5,Pending,Medium,12292.37,128.6,18.89,9.6,High
P02393,Solar,Madhya Pradesh,Central,371,1138.24,12,10,Pending,Medium,1447.94,36.9,27.21,24.9,High
P02394,Thermal,Punjab,North,3867,20145.97,46,7,Complete,Medium,21655.41,47.8,7.49,1.8,Low
P02395,Solar,Andhra Pradesh,South,233,415.85,29,1,Complete,Medium,449.73,30.5,8.15,1.5,Low
P02396,Transmission,Madhya Pradesh,Central,2290,4628.22,49,10,Complete,Medium,5479.2,54.8,18.39,5.8,Medium
P02397,Solar,Madhya Pradesh,Central,53,174.11,21,1,Partial,Medium,199.95,31.2,14.84,10.2,High
P02398,Transmission,Karnataka,South,114,133.44,49,9,Partial,Medium,168.33,63.3,26.15,14.3,High
P02399,Hydro,Tamil Nadu,South,3759,22514.85,116,10,Complete,Medium,24859.9,122.5,10.42,6.5,Medium
P02400,Thermal,Punjab,North,2900,12598.36,41,6,Complete,Medium,13421.29,43.6,6.53,2.6,Low
P02401,Thermal,Uttar Pradesh,North,3556,13661.35,73,6,Complete,Medium,14551.59,77.3,6.52,4.3,Medium
P02402,Transmission,Tamil Nadu,South,969,1829.06,48,6,Complete,Medium,1942.32,50.9,6.19,2.9,Low
P02403,Wind,Karnataka,South,333,699.38,19,5,Complete,High,820.48,30.5,17.32,11.5,High
P02404,Wind,Madhya Pradesh,Central,531,1233.81,34,6,Partial,Medium,1389.2,43.9,12.59,9.9,High
P02405,Solar,Uttar Pradesh,North,63,151.15,32,3,Complete,Medium,163.24,36.1,8.0,4.1,Medium
P02406,Thermal,Gujarat,West,4432,17867.39,76,2,Partial,Medium,22134.98,81.3,23.88,5.3,Medium
P02407,Wind,Punjab,North,451,1018.84,26,10,Complete,Medium,1213.51,35.9,19.11,9.9,High
P02408,Thermal,Andhra Pradesh,South,4446,28685.08,58,5,Pending,Low,36837.49,74.8,28.42,16.8,High
P02409,Wind,Haryana,North,659,1040.15,21,2,Partial,Medium,1227.94,27.1,18.05,6.1,Medium
P02410,Solar,Punjab,North,328,616.25,26,9,Pending,Medium,843.26,42.2,36.84,16.2,High
P02411,Thermal,Maharashtra,West,3391,17869.63,47,4,Partial,Medium,20720.4,53.3,15.95,6.3,Medium
P02412,Wind,Haryana,North,976,1791.58,21,3,Pending,Medium,2325.82,37.2,29.82,16.2,High
P02413,Wind,Uttar Pradesh,North,894,1403.89,31,5,Complete,Low,1404.22,32.8,0.02,1.8,Low
P02414,Thermal,Maharashtra,West,4180,26419.77,54,9,Complete,Low,27082.14,59.7,2.51,5.7,Medium
P02415,Thermal,Punjab,North,3491,15893.94,76,8,Partial,High,20269.87,89.7,27.53,13.7,High
P02416,Wind,Tamil Nadu,South,456,845.58,27,5,Partial,Low,894.15,32.0,5.74,5.0,Medium
P02417,Transmission,Karnataka,South,1117,2212.6,37,3,Partial,High,2807.49,54.1,26.89,17.1,High
P02418,Wind,Madhya Pradesh,Central,603,982.38,14,4,Complete,Medium,1069.46,17.9,8.86,3.9,Medium
P02419,Transmission,Andhra Pradesh,South,1986,3753.84,43,9,Complete,Medium,4261.35,49.6,13.52,6.6,Medium
P02420,Transmission,Rajasthan,North,1519,1533.06,59,10,Partial,Low,1842.53,68.9,20.19,9.9,High
P02421,Transmission,Uttar Pradesh,North,2535,2803.16,21,9,Pending,Low,3515.27,34.6,25.4,13.6,High
P02422,Solar,Punjab,North,1295,2989.85,12,4,Complete,Medium,3278.48,13.9,9.65,1.9,Low
P02423,Wind,Punjab,North,893,2156.61,14,10,Pending,Low,2639.13,25.0,22.37,11.0,High
P02424,Transmission,Andhra Pradesh,South,2515,6015.96,50,9,Complete,Low,6839.79,57.3,13.69,7.3,Medium
P02425,Wind,Rajasthan,North,128,173.17,24,4,Complete,Medium,187.65,27.1,8.36,3.1,Medium
P02426,Thermal,Madhya Pradesh,Central,1959,8025.47,72,10,Complete,Low,8606.38,74.5,7.24,2.5,Low
P02427,Thermal,Tamil Nadu,South,2927,18416.47,76,5,Complete,High,22437.87,86.9,21.84,10.9,High
P02428,Hydro,Tamil Nadu,South,2200,13224.18,64,5,Complete,High,15039.32,69.0,13.73,5.0,Medium
P02429,Hydro,Punjab,North,617,4372.44,50,10,Complete,Medium,4943.81,55.6,13.07,5.6,Medium
P02430,Transmission,Haryana,North,2556,4759.99,33,5,Complete,Medium,5143.01,36.7,8.05,3.7,Medium
P02431,Thermal,Punjab,North,999,5077.16,92,5,Pending,Medium,6582.76,103.8,29.65,11.8,High
P02432,Solar,Punjab,North,919,2779.23,42,10,Partial,High,3454.63,57.7,24.3,15.7,High
P02433,Hydro,Punjab,North,3221,24150.69,105,3,Partial,Low,28297.97,109.8,17.17,4.8,Medium
P02434,Hydro,Rajasthan,North,1965,9655.73,104,1,Partial,Medium,11475.83,114.5,18.85,10.5,High
P02435,Solar,Punjab,North,1409,3764.83,45,8,Partial,Medium,4730.86,57.7,25.66,12.7,High
P02436,Thermal,Maharashtra,West,3445,17186.4,60,3,Complete,High,19528.32,67.7,13.63,7.7,Medium
P02437,Wind,Rajasthan,North,930,2337.77,33,2,Complete,Low,2378.98,34.4,1.76,1.4,Low
P02438,Wind,Punjab,North,529,1126.65,35,8,Complete,Medium,1299.16,42.0,15.31,7.0,Medium
P02439,Solar,Haryana,North,1141,2810.5,17,3,Partial,Low,3306.84,26.0,17.66,9.0,Medium
P02440,Wind,Andhra Pradesh,South,349,766.94,34,4,Partial,Low,895.22,42.5,16.73,8.5,Medium
P02441,Hydro,Karnataka,South,300,1925.01,60,4,Complete,Medium,2085.36,61.5,8.33,1.5,Low
P02442,Thermal,Rajasthan,North,4083,17945.39,84,1,Partial,Medium,22054.9,92.4,22.9,8.4,Medium
P02443,Wind,Gujarat,West,979,2157.72,34,5,Partial,Medium,2488.04,41.6,15.31,7.6,Medium
P02444,Wind,Punjab,North,724,2168.65,28,3,Complete,Medium,2313.57,32.3,6.68,4.3,Medium
P02445,Transmission,Andhra Pradesh,South,1493,3265.21,39,8,Complete,Low,3396.93,45.7,4.03,6.7,Medium
P02446,Thermal,Andhra Pradesh,South,1260,6279.78,82,8,Partial,Medium,7801.05,93.2,24.22,11.2,High
P02447,Wind,Haryana,North,271,418.82,18,1,Partial,Medium,496.14,23.3,18.46,5.3,Medium
P02448,Thermal,Uttar Pradesh,North,4678,18886.02,80,6,Complete,Low,19419.7,80.4,2.83,0.4,Low
P02449,Solar,Gujarat,West,1361,4746.75,44,10,Partial,Low,5590.0,56.3,17.76,12.3,High
P02450,Transmission,Andhra Pradesh,South,1155,1525.01,56,5,Pending,Low,1766.15,63.7,15.81,7.7,Medium
P02451,Transmission,Madhya Pradesh,Central,1054,1849.75,50,3,Complete,Low,1924.61,51.0,4.05,1.0,Low
P02452,Solar,Andhra Pradesh,South,298,646.83,23,9,Partial,Medium,792.66,34.7,22.54,11.7,High
P02453,Transmission,Andhra Pradesh,South,556,1099.23,53,7,Complete,Medium,1162.53,55.1,5.76,2.1,Low
P02454,Solar,Rajasthan,North,640,1466.5,17,2,Pending,High,1901.72,40.4,29.68,23.4,High
P02455,Thermal,Tamil Nadu,South,3191,14664.04,76,10,Partial,Medium,17494.91,88.6,19.3,12.6,High
P02456,Transmission,Haryana,North,1568,3164.12,29,7,Partial,Medium,3967.5,42.1,25.39,13.1,High
P02457,Hydro,Rajasthan,North,1172,9172.73,82,9,Complete,Medium,10374.1,87.2,13.1,5.2,Medium
P02458,Hydro,Gujarat,West,380,1774.92,104,8,Complete,Medium,1994.43,113.4,12.37,9.4,High
P02459,Solar,Gujarat,West,647,1625.91,12,4,Complete,Medium,1711.39,15.3,5.26,3.3,Medium
P02460,Solar,Madhya Pradesh,Central,1020,2695.9,16,9,Pending,Medium,3675.36,35.3,36.33,19.3,High
P02461,Solar,Maharashtra,West,1402,4279.89,18,4,Partial,High,5244.68,36.8,22.54,18.8,High
P02462,Solar,Gujarat,West,263,874.72,23,2,Partial,Medium,1024.31,32.7,17.1,9.7,High
P02463,Wind,Maharashtra,West,219,494.5,15,5,Partial,Medium,615.69,20.7,24.51,5.7,Medium
P02464,Thermal,Maharashtra,West,3716,12082.07,41,4,Partial,High,15654.68,57.6,29.57,16.6,High
P02465,Hydro,Karnataka,South,3620,21321.59,91,10,Complete,Low,22973.4,96.3,7.75,5.3,Medium
P02466,Thermal,Uttar Pradesh,North,1091,4162.76,93,8,Complete,Medium,4834.09,100.4,16.13,7.4,Medium
P02467,Transmission,Rajasthan,North,575,1317.39,14,2,Partial,High,1653.64,20.5,25.52,6.5,High
P02468,Transmission,Rajasthan,North,560,593.22,37,8,Complete,Medium,655.69,43.8,10.53,6.8,Medium
P02469,Solar,Punjab,North,886,2310.92,39,1,Complete,Medium,2544.88,42.4,10.12,3.4,Medium
P02470,Thermal,Tamil Nadu,South,1838,9455.89,58,6,Complete,Medium,10118.08,61.4,7.0,3.4,Medium
P02471,Solar,Karnataka,South,1163,3006.87,16,4,Complete,Low,3150.08,16.8,4.76,0.8,Low
P02472,Solar,Madhya Pradesh,Central,988,3334.92,37,9,Pending,Low,4231.41,52.0,26.88,15.0,High
P02473,Transmission,Haryana,North,2479,4375.55,20,7,Partial,Medium,5047.17,25.7,15.35,5.7,Medium
P02474,Transmission,Andhra Pradesh,South,418,580.21,13,4,Complete,Low,607.63,13.8,4.73,0.8,Low
P02475,Transmission,Karnataka,South,2939,3882.9,57,2,Complete,Medium,4252.47,59.5,9.52,2.5,Low
P02476,Hydro,Maharashtra,West,916,4524.64,59,3,Partial,High,6156.83,71.1,36.07,12.1,High
P02477,Wind,Tamil Nadu,South,188,329.05,18,10,Complete,Medium,376.68,27.7,14.47,9.7,High
P02478,Thermal,Tamil Nadu,South,2215,13928.58,86,2,Partial,Medium,16786.56,96.1,20.52,10.1,High
P02479,Transmission,Punjab,North,2728,6176.18,47,7,Complete,High,6635.39,54.9,7.44,7.9,Medium
P02480,Transmission,Uttar Pradesh,North,577,1132.03,24,1,Partial,Medium,1335.98,30.1,18.02,6.1,Medium
P02481,Hydro,Uttar Pradesh,North,3260,22826.52,44,7,Partial,Low,24890.38,48.6,9.04,4.6,Medium
P02482,Wind,Tamil Nadu,South,604,938.98,28,10,Complete,Medium,1067.42,31.5,13.68,3.5,Medium
P02483,Solar,Madhya Pradesh,Central,772,1700.29,20,10,Partial,Low,2032.2,30.1,19.52,10.1,High
P02484,Solar,Tamil Nadu,South,1064,1994.9,14,4,Complete,High,2387.55,18.8,19.68,4.8,Medium
P02485,Thermal,Haryana,North,801,4028.15,71,1,Pending,Low,5216.17,79.2,29.49,8.2,High
P02486,Solar,Madhya Pradesh,Central,90,153.15,12,6,Pending,Low,191.06,29.6,24.75,17.6,High
P02487,Thermal,Madhya Pradesh,Central,1043,4398.11,71,4,Partial,Medium,5028.37,82.6,14.33,11.6,High
P02488,Transmission,Rajasthan,North,2162,2204.4,18,4,Complete,Medium,2363.51,23.0,7.22,5.0,Medium
P02489,Hydro,Gujarat,West,688,2189.53,109,4,Complete,Low,2249.16,109.7,2.72,0.7,Low
P02490,Solar,Punjab,North,436,1423.37,32,1,Pending,Low,1829.64,47.8,28.54,15.8,High
P02491,Thermal,Andhra Pradesh,South,2098,8217.14,74,7,Partial,Low,9513.92,81.2,15.78,7.2,Medium
P02492,Hydro,Haryana,North,860,5043.46,105,3,Partial,Medium,5897.82,112.4,16.94,7.4,Medium
P02493,Transmission,Tamil Nadu,South,1632,4031.66,15,2,Pending,Low,5206.38,24.2,29.14,9.2,High
P02494,Hydro,Andhra Pradesh,South,1389,8947.7,51,10,Partial,Medium,10505.89,66.3,17.41,15.3,High
P02495,Solar,Punjab,North,845,1549.18,27,5,Complete,Low,1606.86,28.8,3.72,1.8,Low
P02496,Transmission,Haryana,North,209,222.27,19,3,Complete,Medium,237.77,23.9,6.98,4.9,Medium
P02497,Thermal,Haryana,North,1240,5836.2,90,5,Complete,Medium,6237.97,93.8,6.88,3.8,Medium
P02498,Solar,Maharashtra,West,985,3022.65,32,3,Partial,Medium,3592.75,41.1,18.86,9.1,High
P02499,Solar,Haryana,North,111,267.04,27,3,Complete,Low,276.97,28.1,3.72,1.1,Low
P02500,Transmission,Madhya Pradesh,Central,2191,4869.16,34,4,Complete,Medium,5368.01,37.1,10.25,3.1,Medium
P02501,Thermal,Andhra Pradesh,South,2693,6964.45,55,1,Pending,Low,9283.69,69.3,33.3,14.3,High
P02502,Wind,Madhya Pradesh,Central,145,176.57,18,2,Complete,High,198.43,26.8,12.38,8.8,Medium
P02503,Thermal,Gujarat,West,4672,12161.28,85,10,Complete,Medium,14313.06,91.1,17.69,6.1,Medium
P02504,Wind,Madhya Pradesh,Central,826,2025.0,25,10,Complete,Medium,2252.79,32.7,11.25,7.7,Medium
P02505,Thermal,Gujarat,West,4344,22130.71,70,3,Partial,Medium,25400.25,77.4,14.77,7.4,Medium
P02506,Transmission,Madhya Pradesh,Central,1172,1438.5,25,1,Complete,Medium,1512.76,28.1,5.16,3.1,Medium
P02507,Hydro,Uttar Pradesh,North,3070,17124.94,109,10,Complete,Medium,18895.45,111.8,10.34,2.8,Medium
P02508,Thermal,Madhya Pradesh,Central,2492,11592.83,71,9,Complete,High,13654.92,85.1,17.79,14.1,High
P02509,Hydro,Rajasthan,North,3208,20426.43,44,6,Complete,Medium,22285.97,46.5,9.1,2.5,Low
P02510,Wind,Uttar Pradesh,North,980,2585.0,23,9,Complete,Medium,2905.89,29.8,12.41,6.8,Medium
P02511,Solar,Madhya Pradesh,Central,1014,3335.74,46,3,Partial,Low,3928.66,51.0,17.77,5.0,Medium
P02512,Hydro,Karnataka,South,2821,18529.64,96,4,Complete,Medium,20218.34,101.3,9.11,5.3,Medium
P02513,Hydro,Rajasthan,North,1850,8919.99,95,7,Complete,High,10249.96,105.2,14.91,10.2,High
P02514,Solar,Tamil Nadu,South,1144,2394.16,15,3,Pending,Medium,3004.35,32.7,25.49,17.7,High
P02515,Solar,Gujarat,West,425,927.82,33,3,Pending,Medium,1207.31,42.6,30.12,9.6,High
P02516,Hydro,Andhra Pradesh,South,3260,23744.9,93,5,Pending,Medium,30881.31,111.3,30.05,18.3,High
P02517,Thermal,Gujarat,West,3023,12133.71,43,5,Pending,High,18382.4,64.2,51.5,21.2,High
P02518,Hydro,Gujarat,West,2704,16908.37,115,7,Partial,Medium,19858.55,120.8,17.45,5.8,Medium
P02519,Wind,Andhra Pradesh,South,764,1478.81,32,8,Complete,High,1761.86,43.7,19.14,11.7,High
P02520,Thermal,Rajasthan,North,1613,9734.13,41,10,Complete,Medium,10897.17,48.2,11.95,7.2,Medium
P02521,Hydro,Punjab,North,1634,12429.17,74,6,Partial,Low,13894.22,81.5,11.79,7.5,Medium
P02522,Hydro,Punjab,North,1057,6581.44,94,6,Complete,Low,6793.22,95.6,3.22,1.6,Low
P02523,Hydro,Haryana,North,653,4213.09,116,10,Partial,Medium,5375.71,127.9,27.6,11.9,High
P02524,Solar,Karnataka,South,803,2792.61,38,3,Partial,High,3381.02,58.0,21.07,20.0,High
P02525,Transmission,Uttar Pradesh,North,176,376.59,39,7,Complete,High,409.97,45.3,8.86,6.3,Medium
P02526,Hydro,Tamil Nadu,South,3269,10585.69,98,7,Pending,Medium,13625.39,114.4,28.72,16.4,High
P02527,Hydro,Punjab,North,823,4725.94,41,8,Partial,Medium,6128.49,48.6,29.68,7.6,High
P02528,Hydro,Punjab,North,680,4231.75,60,7,Partial,Medium,4933.94,66.5,16.59,6.5,Medium
P02529,Hydro,Tamil Nadu,South,3722,14626.12,42,5,Complete,Medium,16129.71,45.2,10.28,3.2,Medium
P02530,Thermal,Punjab,North,2564,13832.54,53,8,Complete,Medium,15319.49,57.7,10.75,4.7,Medium
P02531,Thermal,Punjab,North,4222,15116.68,83,3,Partial,High,19049.42,93.9,26.02,10.9,High
P02532,Thermal,Rajasthan,North,2330,13765.98,84,7,Complete,High,15024.14,95.6,9.14,11.6,High
P02533,Wind,Madhya Pradesh,Central,285,832.93,12,2,Complete,Medium,904.02,14.4,8.54,2.4,Low
P02534,Transmission,Rajasthan,North,205,409.08,57,5,Complete,High,458.37,63.0,12.05,6.0,Medium
P02535,Transmission,Karnataka,South,1868,2197.89,33,6,Complete,Medium,2329.56,35.6,5.99,2.6,Low
P02536,Solar,Madhya Pradesh,Central,1367,2969.24,40,8,Partial,Medium,3864.03,48.6,30.14,8.6,High
P02537,Solar,Uttar Pradesh,North,1119,2199.29,47,6,Partial,Medium,2602.97,52.7,18.36,5.7,Medium
P02538,Hydro,Rajasthan,North,2526,19910.96,75,4,Pending,Medium,26931.03,92.0,35.26,17.0,High
P02539,Solar,Madhya Pradesh,Central,1263,3270.74,31,5,Complete,Medium,3506.63,35.3,7.21,4.3,Medium
P02540,Wind,Tamil Nadu,South,923,1410.43,22,10,Partial,Medium,1693.84,31.5,20.09,9.5,High
P02541,Hydro,Karnataka,South,404,2766.86,97,7,Complete,Medium,2950.06,98.5,6.62,1.5,Low
P02542,Hydro,Uttar Pradesh,North,3937,20417.68,59,2,Complete,High,22410.67,66.9,9.76,7.9,Medium
P02543,Transmission,Karnataka,South,1453,2323.02,25,6,Partial,High,2707.41,41.1,16.55,16.1,High
P02544,Transmission,Punjab,North,1037,1537.14,22,3,Partial,Medium,1901.43,26.5,23.7,4.5,Medium
P02545,Transmission,Maharashtra,West,683,1362.52,44,10,Partial,Low,1627.04,53.7,19.41,9.7,High
P02546,Wind,Madhya Pradesh,Central,206,292.48,20,9,Complete,Medium,336.6,25.8,15.09,5.8,Medium
P02547,Solar,Uttar Pradesh,North,555,1751.48,16,3,Complete,Low,1775.07,17.9,1.35,1.9,Low
P02548,Hydro,Madhya Pradesh,Central,600,3003.01,118,6,Partial,Medium,3379.53,124.8,12.54,6.8,Medium
P02549,Solar,Madhya Pradesh,Central,946,3216.23,29,1,Complete,Medium,3504.78,31.5,8.97,2.5,Low
P02550,Solar,Madhya Pradesh,Central,634,1807.87,27,2,Complete,Low,1877.77,27.6,3.87,0.6,Low
P02551,Hydro,Tamil Nadu,South,746,5861.15,46,2,Complete,High,6225.86,53.3,6.22,7.3,Medium
P02552,Wind,Haryana,North,879,2269.21,21,8,Partial,Medium,2899.26,35.0,27.77,14.0,High
P02553,Transmission,Gujarat,West,826,891.88,34,3,Partial,Medium,973.4,43.7,9.14,9.7,High
P02554,Hydro,Madhya Pradesh,Central,982,5818.97,87,2,Partial,Medium,6823.58,95.4,17.26,8.4,Medium
P02555,Thermal,Gujarat,West,1923,8184.93,58,4,Partial,Medium,9939.67,67.5,21.44,9.5,High
P02556,Solar,Haryana,North,1363,4006.2,35,8,Partial,Low,4706.48,43.5,17.48,8.5,Medium
P02557,Thermal,Maharashtra,West,2269,7389.0,89,1,Complete,Medium,7809.98,90.7,5.7,1.7,Low
P02558,Solar,Andhra Pradesh,South,559,1783.35,15,8,Complete,High,2089.8,28.6,17.18,13.6,High
P02559,Transmission,Karnataka,South,760,1111.13,30,2,Pending,High,1575.66,55.2,41.81,25.2,High
P02560,Solar,Gujarat,West,440,1411.68,45,10,Partial,Low,1740.93,53.6,23.32,8.6,Medium
P02561,Solar,Tamil Nadu,South,290,574.46,21,7,Partial,High,764.88,39.7,33.15,18.7,High
P02562,Wind,Uttar Pradesh,North,548,1586.14,24,3,Complete,Medium,1709.28,27.1,7.76,3.1,Medium
P02563,Thermal,Tamil Nadu,South,2230,12683.29,84,5,Complete,Medium,13542.08,87.4,6.77,3.4,Medium
P02564,Thermal,Gujarat,West,3433,18956.62,77,3,Partial,High,23778.63,94.4,25.44,17.4,High
P02565,Wind,Rajasthan,North,73,201.92,18,1,Complete,Medium,214.17,20.8,6.07,2.8,Low
P02566,Solar,Uttar Pradesh,North,1114,1890.84,19,8,Complete,Low,2114.39,21.5,11.82,2.5,Medium
P02567,Thermal,Madhya Pradesh,Central,2021,10774.27,52,10,Complete,Medium,11921.73,60.6,10.65,8.6,Medium
P02568,Thermal,Gujarat,West,2543,7033.3,85,7,Pending,High,9838.55,105.0,39.89,20.0,High
P02569,Thermal,Haryana,North,2536,13212.98,75,10,Pending,Medium,17581.76,98.8,33.06,23.8,High
P02570,Wind,Gujarat,West,890,1442.32,22,10,Pending,Medium,1776.06,48.7,23.14,26.7,High
P02571,Thermal,Tamil Nadu,South,891,3402.79,51,2,Complete,Medium,3696.67,55.0,8.64,4.0,Medium
P02572,Thermal,Tamil Nadu,South,868,3470.18,81,9,Complete,High,4193.37,96.6,20.84,15.6,High
P02573,Transmission,Haryana,North,1372,2019.71,32,7,Complete,Low,2075.19,33.0,2.75,1.0,Low
P02574,Solar,Andhra Pradesh,South,349,719.04,46,1,Complete,Medium,787.1,48.7,9.47,2.7,Low
P02575,Thermal,Rajasthan,North,4685,11845.7,68,8,Pending,Medium,15520.68,84.6,31.02,16.6,High
P02576,Solar,Gujarat,West,852,2937.18,33,3,Partial,Medium,3483.04,39.5,18.58,6.5,Medium
P02577,Transmission,Punjab,North,497,664.36,59,1,Partial,Medium,787.7,65.3,18.56,6.3,Medium
P02578,Transmission,Andhra Pradesh,South,1036,1122.28,23,6,Complete,Low,1165.19,24.5,3.82,1.5,Low
P02579,Thermal,Madhya Pradesh,Central,4553,21302.68,86,9,Complete,High,24398.33,100.0,14.53,14.0,High
P02580,Transmission,Rajasthan,North,2646,3014.63,21,2,Complete,High,3498.67,33.9,16.06,12.9,High
P02581,Transmission,Punjab,North,2921,5635.16,46,10,Partial,Medium,7289.84,56.6,29.36,10.6,High
P02582,Transmission,Gujarat,West,1156,2196.81,24,1,Complete,Low,2280.79,25.9,3.82,1.9,Low
P02583,Thermal,Madhya Pradesh,Central,3919,19864.06,87,5,Partial,Medium,23364.39,95.9,17.62,8.9,Medium
P02584,Wind,Karnataka,South,267,553.76,14,1,Partial,Medium,677.89,27.6,22.42,13.6,High
P02585,Wind,Karnataka,South,220,510.97,25,3,Complete,Low,536.49,26.3,4.99,1.3,Low
P02586,Hydro,Karnataka,South,1173,8115.75,38,2,Partial,Low,9304.76,43.9,14.65,5.9,Medium
P02587,Hydro,Rajasthan,North,2137,8150.63,113,5,Partial,Medium,9430.36,122.7,15.7,9.7,High
P02588,Thermal,Uttar Pradesh,North,4380,19240.88,61,6,Pending,Medium,25633.2,72.7,33.22,11.7,High
P02589,Transmission,Haryana,North,1575,3260.43,51,8,Complete,Low,3591.12,56.7,10.14,5.7,Medium
P02590,Thermal,Rajasthan,North,3655,15603.92,75,4,Complete,High,17167.79,81.1,10.02,6.1,Medium
P02591,Wind,Tamil Nadu,South,901,1528.57,18,4,Complete,Low,1572.99,19.4,2.91,1.4,Low
P02592,Hydro,Haryana,North,2824,15509.38,47,6,Partial,Medium,18088.96,53.5,16.63,6.5,Medium
P02593,Transmission,Punjab,North,2456,4302.25,35,8,Complete,Low,4557.79,41.9,5.94,6.9,Medium
P02594,Wind,Madhya Pradesh,Central,397,950.57,13,10,Complete,Low,1084.61,16.5,14.1,3.5,Medium
P02595,Thermal,Rajasthan,North,528,2302.63,41,2,Partial,Low,2625.82,43.4,14.04,2.4,Medium
P02596,Wind,Gujarat,West,774,2053.24,28,2,Complete,High,2388.13,39.0,16.31,11.0,High
P02597,Solar,Punjab,North,1219,1972.37,18,9,Complete,Low,2164.21,22.7,9.73,4.7,Medium
P02598,Solar,Madhya Pradesh,Central,780,2312.22,23,1,Complete,High,2788.49,27.7,20.6,4.7,Medium
P02599,Transmission,Gujarat,West,135,235.31,34,3,Partial,Medium,280.54,42.9,19.22,8.9,Medium
P02600,Solar,Punjab,North,978,2767.64,13,6,Partial,Medium,3109.19,22.8,12.34,9.8,High
P02601,Hydro,Andhra Pradesh,South,1601,9481.37,116,9,Pending,Medium,12538.11,143.0,32.24,27.0,High
P02602,Thermal,Punjab,North,2304,14041.54,52,3,Complete,Low,14248.37,54.0,1.47,2.0,Low
P02603,Thermal,Uttar Pradesh,North,3187,15416.2,85,6,Complete,Low,15748.14,85.2,2.15,0.2,Low
P02604,Wind,Uttar Pradesh,North,490,671.11,21,2,Complete,Low,691.08,21.7,2.98,0.7,Low
P02605,Solar,Uttar Pradesh,North,1394,2341.42,20,10,Pending,Low,2865.5,31.4,22.38,11.4,High
P02606,Hydro,Karnataka,South,3855,17521.3,111,10,Partial,High,24588.38,126.4,40.33,15.4,High
P02607,Solar,Madhya Pradesh,Central,565,1226.68,22,8,Pending,Medium,1593.24,41.0,29.88,19.0,High
P02608,Wind,Haryana,North,259,766.81,33,10,Partial,Low,957.35,42.2,24.85,9.2,High
P02609,Wind,Gujarat,West,476,908.23,21,2,Partial,Medium,1072.38,31.8,18.07,10.8,High
P02610,Thermal,Uttar Pradesh,North,1762,7337.15,53,7,Partial,Medium,8848.3,61.0,20.6,8.0,Medium
P02611,Hydro,Karnataka,South,2458,14057.34,53,4,Partial,High,16790.02,62.0,19.44,9.0,Medium
P02612,Thermal,Tamil Nadu,South,1627,7369.01,72,3,Complete,Medium,8079.66,74.9,9.64,2.9,Low
P02613,Solar,Gujarat,West,1118,2815.42,45,1,Complete,Medium,2975.79,48.3,5.7,3.3,Medium
P02614,Transmission,Haryana,North,2873,5676.11,12,5,Complete,High,6748.85,16.4,18.9,4.4,Medium
P02615,Thermal,Rajasthan,North,4889,27700.91,78,10,Partial,High,36291.91,94.9,31.01,16.9,High
P02616,Hydro,Rajasthan,North,1206,4695.69,109,5,Pending,Medium,6289.59,126.0,33.94,17.0,High
P02617,Solar,Andhra Pradesh,South,1284,4483.17,41,9,Complete,Low,4735.94,48.1,5.64,7.1,Medium
P02618,Wind,Karnataka,South,289,611.11,34,6,Partial,High,774.4,48.0,26.72,14.0,High
P02619,Thermal,Gujarat,West,3749,10857.94,43,10,Complete,Medium,11917.9,52.2,9.76,9.2,High
P02620,Hydro,Uttar Pradesh,North,2631,14494.51,57,10,Partial,Low,16264.93,62.8,12.21,5.8,Medium
P02621,Thermal,Rajasthan,North,1763,9200.47,36,6,Complete,Low,9465.2,36.7,2.88,0.7,Low
P02622,Transmission,Uttar Pradesh,North,1837,2597.71,24,1,Pending,Medium,3295.91,38.5,26.88,14.5,High
P02623,Thermal,Andhra Pradesh,South,2380,10788.14,92,9,Partial,Medium,13817.66,106.6,28.08,14.6,High
P02624,Thermal,Punjab,North,2801,8161.55,36,2,Complete,Low,8526.36,38.0,4.47,2.0,Low
P02625,Transmission,Tamil Nadu,South,2793,5349.61,38,10,Partial,Low,6336.9,51.3,18.46,13.3,High
P02626,Hydro,Uttar Pradesh,North,3444,23282.69,100,2,Partial,Medium,27250.43,110.1,17.04,10.1,High
P02627,Transmission,Uttar Pradesh,North,512,1034.5,47,5,Partial,Low,1202.22,55.3,16.21,8.3,Medium
P02628,Hydro,Haryana,North,2973,12117.22,106,1,Complete,High,14155.04,119.0,16.82,13.0,High
P02629,Hydro,Haryana,North,3046,19080.94,63,10,Pending,Low,23081.24,82.9,20.96,19.9,High
P02630,Thermal,Andhra Pradesh,South,4753,16860.98,65,10,Partial,Medium,20185.28,78.1,19.72,13.1,High
P02631,Thermal,Punjab,North,508,1614.82,42,2,Complete,High,1907.59,54.9,18.13,12.9,High
P02632,Hydro,Maharashtra,West,2741,9816.64,60,4,Complete,Medium,10708.31,63.0,9.08,3.0,Medium
P02633,Hydro,Karnataka,South,2444,14923.45,98,5,Pending,Low,17119.78,107.0,14.72,9.0,Medium
P02634,Solar,Punjab,North,196,403.45,16,4,Partial,Medium,470.21,26.2,16.55,10.2,High
P02635,Thermal,Tamil Nadu,South,3800,23216.96,54,1,Pending,Medium,29370.17,70.8,26.5,16.8,High
P02636,Solar,Madhya Pradesh,Central,1179,2313.28,28,2,Partial,Low,2530.41,33.5,9.39,5.5,Medium
P02637,Hydro,Tamil Nadu,South,3255,11566.47,44,7,Complete,Low,11951.23,46.0,3.33,2.0,Low
P02638,Transmission,Andhra Pradesh,South,1929,3225.42,15,5,Partial,Medium,3837.68,21.9,18.98,6.9,Medium
P02639,Transmission,Haryana,North,1144,1787.58,46,7,Partial,Medium,2069.35,56.3,15.76,10.3,High
P02640,Wind,Andhra Pradesh,South,379,828.31,23,8,Pending,Medium,1099.0,42.5,32.68,19.5,High
P02641,Wind,Gujarat,West,774,1957.36,20,10,Complete,Medium,2160.04,26.8,10.35,6.8,Medium
P02642,Wind,Gujarat,West,467,1262.23,35,8,Partial,Medium,1507.59,48.3,19.44,13.3,High
P02643,Transmission,Karnataka,South,1617,2501.02,22,2,Partial,Medium,3053.45,28.8,22.09,6.8,Medium
P02644,Wind,Uttar Pradesh,North,442,1084.71,35,1,Complete,Medium,1188.38,39.5,9.56,4.5,Medium
P02645,Transmission,Rajasthan,North,2946,7038.89,23,7,Pending,High,9468.2,38.9,34.51,15.9,High
P02646,Solar,Uttar Pradesh,North,1057,2894.34,17,7,Complete,Medium,3229.53,20.5,11.58,3.5,Medium
P02647,Transmission,Madhya Pradesh,Central,808,1629.33,21,4,Pending,Low,2099.92,32.0,28.88,11.0,High
P02648,Wind,Maharashtra,West,784,1638.91,15,9,Partial,Low,1920.09,26.8,17.16,11.8,High
P02649,Wind,Tamil Nadu,South,113,257.04,22,7,Partial,Medium,294.97,32.1,14.76,10.1,High
P02650,Hydro,Gujarat,West,3582,13620.61,68,5,Complete,Medium,14371.58,70.4,5.51,2.4,Low
P02651,Thermal,Haryana,North,3180,16103.42,61,9,Complete,High,18167.6,74.2,12.82,13.2,High
P02652,Wind,Haryana,North,141,229.02,24,7,Partial,Medium,274.68,32.6,19.94,8.6,Medium
P02653,Hydro,Andhra Pradesh,South,3840,25263.06,83,4,Partial,Low,29112.05,89.1,15.24,6.1,Medium
P02654,Thermal,Madhya Pradesh,Central,4567,12691.42,82,2,Complete,Low,13113.92,83.4,3.33,1.4,Low
P02655,Transmission,Gujarat,West,1545,2969.01,55,8,Complete,Low,3234.23,57.7,8.93,2.7,Low
P02656,Thermal,Uttar Pradesh,North,2877,14415.13,70,8,Partial,High,18624.9,89.4,29.2,19.4,High
P02657,Hydro,Rajasthan,North,426,1385.87,83,2,Complete,Low,1392.88,83.8,0.51,0.8,Low
P02658,Wind,Madhya Pradesh,Central,412,1157.06,21,5,Partial,Medium,1352.61,30.8,16.9,9.8,High
P02659,Thermal,Maharashtra,West,860,2974.73,73,2,Partial,Medium,3365.63,78.3,13.14,5.3,Medium
P02660,Thermal,Andhra Pradesh,South,4917,21953.4,78,10,Partial,Low,26882.11,85.0,22.45,7.0,Medium
P02661,Solar,Haryana,North,892,1812.82,26,7,Complete,High,2163.82,37.0,19.36,11.0,High
P02662,Thermal,Haryana,North,4100,12965.77,64,7,Partial,Low,14412.85,68.1,11.16,4.1,Medium
P02663,Solar,Uttar Pradesh,North,1132,3762.81,32,7,Partial,Medium,4545.49,39.2,20.8,7.2,Medium
P02664,Wind,Rajasthan,North,217,478.14,32,6,Partial,High,618.02,49.4,29.26,17.4,High
P02665,Transmission,Punjab,North,713,1766.18,59,2,Partial,Medium,2100.44,69.0,18.93,10.0,High
P02666,Thermal,Andhra Pradesh,South,779,5009.45,60,10,Partial,High,6940.21,76.2,38.54,16.2,High
P02667,Hydro,Uttar Pradesh,North,802,3799.78,76,5,Partial,Medium,4361.01,82.3,14.77,6.3,Medium
P02668,Transmission,Andhra Pradesh,South,986,1168.28,29,6,Complete,Low,1197.1,29.1,2.47,0.1,Low
P02669,Solar,Haryana,North,1487,2258.31,27,3,Complete,Medium,2421.56,31.2,7.23,4.2,Medium
P02670,Solar,Maharashtra,West,119,366.93,27,1,Partial,High,498.45,36.8,35.84,9.8,High
P02671,Thermal,Uttar Pradesh,North,1268,6788.89,40,8,Complete,Low,7673.66,44.8,13.03,4.8,Medium
P02672,Thermal,Gujarat,West,1234,3423.71,86,10,Partial,Medium,4338.16,96.7,26.71,10.7,High
P02673,Solar,Punjab,North,618,1885.51,18,10,Complete,Medium,2155.02,24.0,14.29,6.0,Medium
P02674,Thermal,Uttar Pradesh,North,1168,7416.92,54,10,Complete,Medium,8541.87,61.3,15.17,7.3,Medium
P02675,Solar,Andhra Pradesh,South,748,1199.66,39,10,Partial,Medium,1436.51,48.7,19.74,9.7,High
P02676,Thermal,Uttar Pradesh,North,4119,22416.4,78,10,Partial,High,28318.68,95.8,26.33,17.8,High
P02677,Solar,Uttar Pradesh,North,555,1738.36,36,2,Partial,Medium,1894.33,45.4,8.97,9.4,High
P02678,Thermal,Punjab,North,2174,12953.59,93,7,Pending,Low,15310.53,106.7,18.2,13.7,High
P02679,Hydro,Tamil Nadu,South,3649,11136.2,70,6,Complete,High,12351.4,82.5,10.91,12.5,High
P02680,Thermal,Maharashtra,West,2897,8309.16,86,2,Complete,Low,8526.79,87.4,2.62,1.4,Low
P02681,Transmission,Haryana,North,2922,6089.28,25,1,Complete,Low,6247.39,25.6,2.6,0.6,Low
P02682,Solar,Punjab,North,575,1886.96,32,9,Complete,Medium,2179.02,40.4,15.48,8.4,Medium
P02683,Hydro,Andhra Pradesh,South,3834,28321.78,80,3,Pending,Low,32510.8,87.9,14.79,7.9,Medium
P02684,Thermal,Rajasthan,North,2482,6691.43,43,7,Complete,Medium,7316.62,46.8,9.34,3.8,Medium
P02685,Hydro,Punjab,North,2122,12847.06,103,4,Complete,Medium,14194.97,104.2,10.49,1.2,Medium
P02686,Transmission,Karnataka,South,1127,1669.46,49,10,Partial,Medium,2065.32,56.6,23.71,7.6,Medium
P02687,Thermal,Tamil Nadu,South,1905,8848.31,71,5,Partial,Medium,9905.37,76.3,11.95,5.3,Medium
P02688,Transmission,Tamil Nadu,South,2937,2938.09,22,4,Complete,Medium,3312.49,24.5,12.74,2.5,Medium
P02689,Thermal,Tamil Nadu,South,2903,7521.26,50,4,Pending,Medium,9973.65,61.9,32.61,11.9,High
P02690,Thermal,Karnataka,South,2440,7523.33,43,5,Complete,Low,7894.5,43.5,4.93,0.5,Low
P02691,Hydro,Gujarat,West,1919,6727.66,56,10,Complete,Medium,7582.29,60.0,12.7,4.0,Medium
P02692,Hydro,Haryana,North,3312,10504.46,58,6,Complete,Medium,11641.78,63.2,10.83,5.2,Medium
P02693,Hydro,Maharashtra,West,3994,20372.39,70,9,Complete,Low,22827.3,72.7,12.05,2.7,Medium
P02694,Transmission,Punjab,North,501,630.05,24,1,Complete,Medium,696.86,28.3,10.6,4.3,Medium
P02695,Hydro,Madhya Pradesh,Central,1654,8742.29,99,7,Partial,Medium,10705.14,105.2,22.45,6.2,Medium
P02696,Hydro,Maharashtra,West,3746,29398.99,78,2,Complete,Medium,32278.13,82.5,9.79,4.5,Medium
P02697,Thermal,Tamil Nadu,South,3236,19380.83,39,2,Pending,Low,22800.94,53.8,17.65,14.8,High
P02698,Hydro,Haryana,North,1815,7682.25,98,10,Complete,Medium,9277.57,108.1,20.77,10.1,High
P02699,Wind,Haryana,North,264,575.17,30,9,Partial,Low,698.71,37.4,21.48,7.4,Medium
P02700,Transmission,Karnataka,South,1320,3156.81,48,5,Complete,Medium,3400.54,50.5,7.72,2.5,Low
P02701,Transmission,Karnataka,South,2609,5072.92,56,2,Complete,Medium,5632.42,60.0,11.03,4.0,Medium
P02702,Transmission,Uttar Pradesh,North,2545,5944.71,20,3,Complete,Medium,6582.87,24.0,10.73,4.0,Medium
P02703,Transmission,Gujarat,West,1266,2246.19,40,9,Pending,Medium,3001.18,51.9,33.61,11.9,High
P02704,Hydro,Maharashtra,West,2356,10627.2,108,9,Complete,Low,11767.37,113.7,10.73,5.7,Medium
P02705,Thermal,Haryana,North,2252,7789.68,72,10,Complete,Low,8244.82,73.6,5.84,1.6,Low
P02706,Hydro,Haryana,North,1103,6295.24,45,6,Complete,Low,6547.78,46.0,4.01,1.0,Low
P02707,Wind,Karnataka,South,677,817.7,13,9,Partial,Low,912.18,24.0,11.55,11.0,High
P02708,Thermal,Tamil Nadu,South,4823,18324.22,47,3,Complete,Medium,20130.96,51.6,9.86,4.6,Medium
P02709,Solar,Uttar Pradesh,North,1289,3735.95,19,10,Pending,Medium,4978.42,38.6,33.26,19.6,High
P02710,Thermal,Uttar Pradesh,North,2199,7088.33,39,10,Complete,Low,7797.04,40.9,10.0,1.9,Medium
P02711,Solar,Tamil Nadu,South,550,1675.41,15,8,Partial,Low,1967.08,26.2,17.41,11.2,High
P02712,Wind,Tamil Nadu,South,104,132.84,14,7,Complete,Low,136.96,15.6,3.1,1.6,Low
P02713,Hydro,Punjab,North,3086,9455.71,68,8,Complete,Medium,11174.86,75.4,18.18,7.4,Medium
P02714,Solar,Madhya Pradesh,Central,1138,3422.3,15,8,Complete,High,4089.59,24.8,19.5,9.8,High
P02715,Hydro,Gujarat,West,2657,17246.95,105,4,Partial,High,21841.1,119.0,26.64,14.0,High
P02716,Hydro,Punjab,North,3438,27322.07,86,7,Partial,Medium,32744.93,93.9,19.85,7.9,Medium
P02717,Wind,Madhya Pradesh,Central,987,2273.59,26,5,Partial,Low,2559.51,30.0,12.58,4.0,Medium
P02718,Wind,Maharashtra,West,820,2390.53,13,9,Complete,Low,2580.09,16.8,7.93,3.8,Medium
P02719,Thermal,Maharashtra,West,2878,13752.95,65,5,Complete,Medium,14219.37,69.8,3.39,4.8,Medium
P02720,Transmission,Karnataka,South,2971,5217.43,41,3,Complete,Medium,5724.14,43.8,9.71,2.8,Low
P02721,Hydro,Andhra Pradesh,South,1008,3361.5,48,4,Partial,Medium,4161.12,58.8,23.79,10.8,High
P02722,Thermal,Maharashtra,West,824,2908.89,64,7,Partial,Medium,3506.47,73.5,20.54,9.5,High
P02723,Solar,Tamil Nadu,South,256,649.75,30,6,Complete,Low,667.15,31.9,2.68,1.9,Low
P02724,Transmission,Rajasthan,North,2607,4306.65,59,8,Partial,High,5823.53,76.6,35.22,17.6,High
P02725,Wind,Rajasthan,North,145,342.22,15,5,Partial,Low,366.9,21.4,7.21,6.4,Medium
P02726,Thermal,Andhra Pradesh,South,1228,5977.67,86,9,Complete,High,7463.28,93.8,24.85,7.8,Medium
P02727,Thermal,Maharashtra,West,1840,5355.58,93,2,Complete,Medium,5846.41,95.5,9.16,2.5,Low
P02728,Wind,Tamil Nadu,South,767,2049.84,22,3,Partial,Low,2205.04,27.0,7.57,5.0,Medium
P02729,Thermal,Madhya Pradesh,Central,3086,13487.56,74,8,Partial,Low,16623.69,84.9,23.25,10.9,High
P02730,Thermal,Madhya Pradesh,Central,740,4158.86,84,4,Complete,Low,4229.17,84.1,1.69,0.1,Low
P02731,Thermal,Maharashtra,West,2110,9612.5,71,10,Complete,Medium,10945.8,79.3,13.87,8.3,Medium
P02732,Transmission,Gujarat,West,1135,1211.54,42,1,Complete,Medium,1313.62,46.3,8.43,4.3,Medium
P02733,Solar,Gujarat,West,917,2697.61,25,10,Partial,Low,3179.48,37.4,17.86,12.4,High
P02734,Transmission,Punjab,North,1592,3036.35,30,10,Partial,Low,3789.17,38.1,24.79,8.1,Medium
P02735,Wind,Karnataka,South,57,161.07,15,9,Complete,Low,172.97,19.8,7.39,4.8,Medium
P02736,Transmission,Tamil Nadu,South,1243,1411.61,41,7,Partial,High,1686.35,51.6,19.46,10.6,High
P02737,Solar,Rajasthan,North,1434,2915.09,17,1,Complete,Medium,3044.92,18.7,4.45,1.7,Low
P02738,Hydro,Madhya Pradesh,Central,3460,26291.57,40,5,Complete,Low,27552.26,40.3,4.8,0.3,Low
P02739,Thermal,Punjab,North,1807,7936.39,39,7,Complete,Medium,8422.09,43.9,6.12,4.9,Medium
P02740,Hydro,Karnataka,South,495,2345.38,50,3,Complete,Low,2355.62,51.6,0.44,1.6,Low
P02741,Thermal,Madhya Pradesh,Central,4872,28373.03,65,7,Complete,Medium,29814.24,69.4,5.08,4.4,Medium
P02742,Hydro,Madhya Pradesh,Central,2002,9494.65,77,9,Complete,Low,10360.94,79.9,9.12,2.9,Low
P02743,Hydro,Karnataka,South,3998,26456.83,52,2,Partial,Medium,31018.33,60.9,17.24,8.9,Medium
P02744,Wind,Karnataka,South,305,704.52,23,1,Partial,Medium,875.32,30.8,24.24,7.8,Medium
P02745,Wind,Punjab,North,512,1445.93,19,4,Complete,Low,1478.75,20.0,2.27,1.0,Low
P02746,Transmission,Uttar Pradesh,North,2681,4659.01,50,1,Partial,High,5627.65,60.8,20.79,10.8,High
P02747,Transmission,Tamil Nadu,South,741,1684.01,20,8,Partial,Low,1860.69,25.2,10.49,5.2,Medium
P02748,Wind,Madhya Pradesh,Central,797,1073.29,21,4,Partial,Medium,1272.3,28.3,18.54,7.3,Medium
P02749,Transmission,Maharashtra,West,393,612.27,23,5,Partial,Medium,697.88,34.2,13.98,11.2,High
P02750,Wind,Rajasthan,North,956,2214.05,31,6,Complete,Medium,2396.06,34.8,8.22,3.8,Medium
P02751,Thermal,Karnataka,South,2698,16599.76,60,8,Partial,Medium,20119.29,78.3,21.2,18.3,High
P02752,Transmission,Madhya Pradesh,Central,2005,4478.26,49,6,Complete,Low,4585.58,50.5,2.4,1.5,Low
P02753,Transmission,Punjab,North,1204,2980.92,12,6,Complete,Medium,3308.48,15.1,10.99,3.1,Medium
P02754,Solar,Rajasthan,North,1150,2499.7,43,2,Partial,Low,2700.23,51.3,8.02,8.3,Medium
P02755,Transmission,Karnataka,South,2870,5322.92,32,7,Complete,High,6194.41,37.2,16.37,5.2,Medium
P02756,Wind,Punjab,North,606,1383.8,18,10,Complete,Medium,1539.42,24.9,11.25,6.9,Medium
P02757,Thermal,Maharashtra,West,3705,14270.18,59,9,Complete,Low,15989.9,62.1,12.05,3.1,Medium
P02758,Transmission,Andhra Pradesh,South,297,344.04,29,4,Partial,Low,386.07,35.3,12.22,6.3,Medium
P02759,Solar,Andhra Pradesh,South,633,1255.11,22,5,Complete,High,1491.74,27.5,18.85,5.5,Medium
P02760,Transmission,Andhra Pradesh,South,324,698.7,41,9,Partial,Low,837.97,49.0,19.93,8.0,Medium
P02761,Thermal,Gujarat,West,733,4280.97,94,7,Complete,Medium,4660.32,96.0,8.86,2.0,Low
P02762,Wind,Uttar Pradesh,North,494,707.47,32,1,Complete,Low,730.91,32.7,3.31,0.7,Low
P02763,Hydro,Haryana,North,2202,8624.07,41,8,Pending,Medium,12030.44,56.3,39.5,15.3,High
P02764,Transmission,Maharashtra,West,2901,3291.54,28,1,Complete,High,3908.55,39.5,18.75,11.5,High
P02765,Hydro,Maharashtra,West,2704,13832.26,38,8,Pending,Medium,19192.08,54.5,38.75,16.5,High
P02766,Thermal,Tamil Nadu,South,3406,14816.73,92,2,Complete,High,18419.98,97.4,24.32,5.4,Medium
P02767,Transmission,Uttar Pradesh,North,1349,3316.3,48,10,Pending,Medium,4117.29,63.7,24.15,15.7,High
P02768,Thermal,Punjab,North,872,5338.64,63,2,Partial,High,7154.9,70.8,34.02,7.8,High
P02769,Thermal,Uttar Pradesh,North,2296,13290.32,87,2,Complete,Medium,14445.59,89.5,8.69,2.5,Low
P02770,Solar,Maharashtra,West,929,2382.86,27,7,Partial,Low,2717.65,34.6,14.05,7.6,Medium
P02771,Hydro,Tamil Nadu,South,3255,11924.43,86,2,Partial,Low,13132.37,94.5,10.13,8.5,Medium
P02772,Transmission,Uttar Pradesh,North,2816,5063.25,20,6,Complete,Medium,5402.96,22.6,6.71,2.6,Low
P02773,Transmission,Punjab,North,2868,6593.3,26,1,Pending,Low,8285.44,36.0,25.66,10.0,High
P02774,Hydro,Karnataka,South,1458,6161.41,45,6,Complete,Medium,6835.51,48.2,10.94,3.2,Medium
P02775,Hydro,Andhra Pradesh,South,416,3252.55,113,7,Complete,Medium,3515.28,115.4,8.08,2.4,Low
P02776,Transmission,Tamil Nadu,South,2763,3182.07,36,6,Complete,Medium,3478.27,40.1,9.31,4.1,Medium
P02777,Transmission,Gujarat,West,138,309.16,27,3,Partial,Medium,358.0,36.1,15.8,9.1,High
P02778,Transmission,Punjab,North,757,1643.51,52,5,Complete,Low,1690.61,52.7,2.87,0.7,Low
P02779,Thermal,Punjab,North,4126,15254.15,92,2,Partial,High,19145.64,103.0,25.51,11.0,High
P02780,Transmission,Maharashtra,West,1504,2430.61,23,2,Complete,High,2610.18,34.0,7.39,11.0,High
P02781,Wind,Karnataka,South,94,231.25,31,2,Complete,Low,233.98,32.4,1.18,1.4,Low
P02782,Wind,Karnataka,South,947,2526.15,29,6,Complete,Medium,2624.54,31.3,3.89,2.3,Low
P02783,Wind,Andhra Pradesh,South,877,2456.38,19,3,Pending,High,3197.05,30.1,30.15,11.1,High
P02784,Wind,Karnataka,South,997,2854.73,34,4,Complete,Medium,3103.07,38.0,8.7,4.0,Medium
P02785,Hydro,Rajasthan,North,3724,12581.85,74,9,Complete,Medium,13953.15,83.7,10.9,9.7,High
P02786,Transmission,Madhya Pradesh,Central,2735,4639.1,17,8,Partial,Medium,5647.55,26.5,21.74,9.5,High
P02787,Hydro,Haryana,North,1439,4675.4,67,5,Complete,Medium,5047.69,69.5,7.96,2.5,Low
P02788,Wind,Tamil Nadu,South,318,426.31,30,5,Complete,Medium,444.37,33.4,4.24,3.4,Medium
P02789,Thermal,Gujarat,West,4761,17337.24,94,1,Pending,Medium,22009.13,105.5,26.95,11.5,High
P02790,Transmission,Gujarat,West,1142,1580.64,47,4,Partial,Low,1770.58,55.3,12.02,8.3,Medium
P02791,Wind,Haryana,North,904,2686.37,27,4,Partial,Low,3079.71,30.8,14.64,3.8,Medium
P02792,Thermal,Tamil Nadu,South,3787,12952.23,78,1,Complete,High,16061.2,86.8,24.0,8.8,Medium
P02793,Transmission,Gujarat,West,1758,2028.89,39,8,Complete,Medium,2411.19,43.7,18.84,4.7,Medium
P02794,Thermal,Karnataka,South,992,5267.3,86,8,Partial,High,6273.75,102.7,19.11,16.7,High
P02795,Transmission,Maharashtra,West,2358,2722.76,27,2,Complete,Medium,2948.89,30.3,8.31,3.3,Medium
P02796,Solar,Andhra Pradesh,South,399,724.39,21,9,Partial,Low,860.5,31.6,18.79,10.6,High
P02797,Transmission,Uttar Pradesh,North,1114,2284.05,57,7,Complete,Medium,2499.22,59.4,9.42,2.4,Low
P02798,Transmission,Punjab,North,1266,1927.0,18,5,Partial,Medium,2251.08,25.5,16.82,7.5,Medium
P02799,Transmission,Madhya Pradesh,Central,1958,3372.62,45,2,Partial,High,4228.86,60.7,25.39,15.7,High
P02800,Transmission,Gujarat,West,1035,1485.57,24,1,Complete,Medium,1654.99,29.4,11.4,5.4,Medium
P02801,Wind,Karnataka,South,245,712.09,32,10,Complete,Medium,815.99,42.3,14.59,10.3,High
P02802,Thermal,Madhya Pradesh,Central,4294,23974.04,84,3,Partial,Medium,27817.16,93.3,16.03,9.3,High
P02803,Hydro,Tamil Nadu,South,2240,15379.22,62,2,Complete,Low,16057.75,62.6,4.41,0.6,Low
P02804,Solar,Madhya Pradesh,Central,1082,2046.95,12,8,Complete,Low,2167.2,15.7,5.87,3.7,Medium
P02805,Transmission,Gujarat,West,1828,3275.69,24,8,Partial,Low,4003.59,33.8,22.22,9.8,High
P02806,Solar,Maharashtra,West,788,1681.16,25,2,Partial,High,2144.74,36.1,27.58,11.1,High
P02807,Thermal,Uttar Pradesh,North,4143,16130.07,71,4,Complete,Low,16653.03,72.5,3.24,1.5,Low
P02808,Solar,Andhra Pradesh,South,88,155.9,44,9,Partial,Medium,185.97,53.6,19.29,9.6,High
P02809,Solar,Punjab,North,281,732.49,26,1,Complete,Medium,777.12,28.8,6.09,2.8,Low
P02810,Thermal,Madhya Pradesh,Central,853,3823.94,58,3,Complete,Medium,4216.49,62.8,10.27,4.8,Medium
P02811,Thermal,Maharashtra,West,1437,8629.39,66,3,Partial,High,10714.04,85.5,24.16,19.5,High
P02812,Transmission,Tamil Nadu,South,752,1482.39,20,3,Pending,Low,1797.16,33.6,21.23,13.6,High
P02813,Solar,Rajasthan,North,244,424.22,31,8,Complete,Low,471.23,34.2,11.08,3.2,Medium
P02814,Wind,Uttar Pradesh,North,870,1545.69,21,10,Pending,Medium,2169.29,33.5,40.34,12.5,High
P02815,Solar,Karnataka,South,304,609.9,47,2,Complete,Medium,659.52,51.5,8.14,4.5,Medium
P02816,Thermal,Haryana,North,2498,14958.56,44,5,Partial,Low,17404.49,48.9,16.35,4.9,Medium
P02817,Solar,Gujarat,West,271,825.58,42,4,Partial,Medium,924.16,51.9,11.94,9.9,High
P02818,Solar,Andhra Pradesh,South,1378,2448.99,14,5,Partial,High,3206.43,25.2,30.93,11.2,High
P02819,Transmission,Punjab,North,1051,2618.0,17,1,Complete,Low,2747.5,17.7,4.95,0.7,Low
P02820,Transmission,Andhra Pradesh,South,271,392.42,22,8,Complete,Medium,421.23,27.1,7.34,5.1,Medium
P02821,Wind,Gujarat,West,427,1275.84,18,5,Partial,High,1692.92,33.8,32.69,15.8,High
P02822,Solar,Tamil Nadu,South,789,1185.9,38,2,Pending,Medium,1570.76,48.6,32.45,10.6,High
P02823,Wind,Maharashtra,West,266,793.96,24,8,Partial,Medium,1018.47,33.9,28.28,9.9,High
P02824,Wind,Uttar Pradesh,North,572,696.76,22,3,Partial,Medium,815.31,27.6,17.01,5.6,Medium
P02825,Transmission,Rajasthan,North,2187,3214.37,45,8,Complete,Low,3434.31,47.8,6.84,2.8,Low
P02826,Transmission,Maharashtra,West,304,474.82,20,10,Complete,Low,523.92,24.3,10.34,4.3,Medium
P02827,Transmission,Haryana,North,1301,3230.14,51,5,Partial,Medium,3640.52,61.4,12.7,10.4,High
P02828,Solar,Maharashtra,West,1468,4418.39,15,9,Partial,Low,5026.55,23.2,13.76,8.2,Medium
P02829,Thermal,Uttar Pradesh,North,2645,7831.87,54,7,Pending,Medium,10119.91,71.0,29.21,17.0,High
P02830,Wind,Gujarat,West,340,981.22,17,2,Complete,Low,1029.98,17.7,4.97,0.7,Low
P02831,Hydro,Gujarat,West,3710,20223.24,106,6,Partial,Medium,24702.19,111.8,22.15,5.8,Medium
P02832,Hydro,Karnataka,South,2299,11366.76,81,8,Complete,Medium,12936.33,86.8,13.81,5.8,Medium
P02833,Thermal,Karnataka,South,2692,12577.07,66,10,Partial,Medium,16308.42,73.5,29.67,7.5,High
P02834,Wind,Maharashtra,West,372,505.23,21,6,Complete,Medium,542.27,26.2,7.33,5.2,Medium
P02835,Wind,Karnataka,South,473,1141.42,27,6,Partial,Low,1313.66,33.8,15.09,6.8,Medium
P02836,Hydro,Andhra Pradesh,South,1754,13446.27,38,2,Pending,High,18436.6,64.1,37.11,26.1,High
P02837,Hydro,Andhra Pradesh,South,1661,7982.99,94,10,Complete,Low,8760.81,98.1,9.74,4.1,Medium
P02838,Wind,Rajasthan,North,407,782.36,33,8,Partial,Medium,998.0,45.0,27.56,12.0,High
P02839,Wind,Rajasthan,North,59,114.95,35,8,Complete,High,128.62,53.0,11.9,18.0,High
P02840,Solar,Uttar Pradesh,North,700,1503.59,32,10,Pending,Medium,1975.18,56.5,31.36,24.5,High
P02841,Transmission,Maharashtra,West,2431,2871.16,43,7,Partial,Medium,3435.82,50.0,19.67,7.0,Medium
P02842,Thermal,Maharashtra,West,1917,5504.39,77,5,Complete,Low,5537.48,78.2,0.6,1.2,Low
P02843,Wind,Haryana,North,607,1808.22,19,3,Pending,Low,2136.45,26.7,18.15,7.7,Medium
P02844,Solar,Uttar Pradesh,North,326,853.78,34,4,Partial,High,988.38,45.4,15.76,11.4,High
P02845,Solar,Andhra Pradesh,South,579,2004.77,13,1,Complete,Low,2012.25,13.6,0.37,0.6,Low
P02846,Wind,Uttar Pradesh,North,843,1678.81,12,9,Complete,Medium,1874.08,16.9,11.63,4.9,Medium
P02847,Solar,Andhra Pradesh,South,928,2030.33,15,3,Pending,Low,2678.3,31.3,31.91,16.3,High
P02848,Thermal,Madhya Pradesh,Central,2867,9589.69,91,3,Partial,Medium,11566.17,103.0,20.61,12.0,High
P02849,Solar,Uttar Pradesh,North,144,431.94,19,9,Complete,Medium,509.44,28.3,17.94,9.3,High
P02850,Thermal,Karnataka,South,1190,4500.23,52,9,Pending,Medium,5786.68,74.4,28.59,22.4,High
P02851,Transmission,Maharashtra,West,869,960.96,53,3,Partial,Medium,1147.2,59.2,19.38,6.2,Medium
P02852,Wind,Uttar Pradesh,North,265,474.07,31,2,Pending,Medium,624.54,48.1,31.74,17.1,High
P02853,Wind,Madhya Pradesh,Central,986,1598.78,28,4,Partial,Low,1891.78,33.2,18.33,5.2,Medium
P02854,Hydro,Punjab,North,2912,13744.23,64,3,Complete,Low,14249.02,65.8,3.67,1.8,Low
P02855,Hydro,Tamil Nadu,South,1868,11372.66,44,10,Pending,Medium,15039.35,59.8,32.24,15.8,High
P02856,Thermal,Madhya Pradesh,Central,797,4834.03,93,5,Complete,Low,4939.71,93.7,2.19,0.7,Low
P02857,Solar,Maharashtra,West,1144,3662.35,22,6,Complete,Low,3802.69,22.8,3.83,0.8,Low
P02858,Transmission,Uttar Pradesh,North,1820,3246.77,46,6,Partial,High,4029.88,61.6,24.12,15.6,High
P02859,Wind,Karnataka,South,798,1139.51,23,7,Complete,High,1356.4,31.2,19.03,8.2,Medium
P02860,Transmission,Punjab,North,2637,5853.53,50,4,Complete,Low,6059.17,51.4,3.51,1.4,Low
P02861,Wind,Andhra Pradesh,South,522,1227.34,15,3,Complete,Medium,1316.53,18.9,7.27,3.9,Medium
P02862,Thermal,Andhra Pradesh,South,2677,13783.49,67,6,Partial,Medium,16299.0,73.9,18.25,6.9,Medium
P02863,Hydro,Madhya Pradesh,Central,1765,13526.47,83,3,Complete,Medium,14202.39,86.5,5.0,3.5,Medium
P02864,Wind,Andhra Pradesh,South,456,978.8,20,2,Partial,Medium,1205.39,29.4,23.15,9.4,High
P02865,Wind,Haryana,North,550,1175.26,26,4,Partial,Medium,1435.44,32.0,22.14,6.0,Medium
P02866,Hydro,Andhra Pradesh,South,2643,17884.97,58,4,Partial,Medium,21945.52,67.5,22.7,9.5,High
P02867,Thermal,Maharashtra,West,3455,10818.87,83,1,Partial,Medium,12086.35,90.0,11.72,7.0,Medium
P02868,Hydro,Maharashtra,West,1390,6147.6,65,5,Partial,Medium,6790.58,76.4,10.46,11.4,High
P02869,Hydro,Karnataka,South,2111,9480.59,44,7,Partial,High,12394.91,53.5,30.74,9.5,High
P02870,Thermal,Haryana,North,4731,19828.08,65,4,Complete,Medium,21173.23,69.5,6.78,4.5,Medium
P02871,Transmission,Rajasthan,North,2401,3648.0,19,1,Partial,Low,4020.3,23.6,10.21,4.6,Medium
P02872,Transmission,Maharashtra,West,416,990.87,58,10,Partial,Low,1241.2,67.9,25.26,9.9,High
P02873,Wind,Uttar Pradesh,North,230,383.09,18,1,Complete,Medium,407.41,21.3,6.35,3.3,Medium
P02874,Wind,Andhra Pradesh,South,782,955.69,12,5,Partial,Low,1092.86,15.9,14.35,3.9,Medium
P02875,Wind,Punjab,North,756,1900.04,13,1,Partial,Medium,2187.52,22.3,15.13,9.3,High
P02876,Wind,Madhya Pradesh,Central,834,1164.85,15,3,Partial,Medium,1353.94,22.4,16.23,7.4,Medium
P02877,Transmission,Punjab,North,1195,2457.68,36,7,Partial,High,3054.75,46.6,24.29,10.6,High
P02878,Solar,Haryana,North,627,1753.3,32,8,Complete,High,2123.33,42.9,21.1,10.9,High
P02879,Hydro,Karnataka,South,3216,10082.63,101,7,Complete,Medium,10709.52,104.2,6.22,3.2,Medium
P02880,Thermal,Uttar Pradesh,North,4305,14756.91,80,10,Complete,Medium,17722.39,91.0,20.1,11.0,High
P02881,Thermal,Haryana,North,840,2636.73,66,9,Complete,Low,2820.38,72.0,6.97,6.0,Medium
P02882,Wind,Punjab,North,783,1769.3,13,2,Partial,High,2290.97,27.9,29.48,14.9,High
P02883,Hydro,Gujarat,West,592,3593.46,80,5,Complete,Medium,4007.36,82.6,11.52,2.6,Medium
P02884,Solar,Haryana,North,379,1000.2,15,7,Complete,Medium,1116.93,18.1,11.67,3.1,Medium
P02885,Wind,Andhra Pradesh,South,52,115.31,33,7,Partial,Low,129.91,41.1,12.66,8.1,Medium
P02886,Solar,Gujarat,West,539,1144.14,12,6,Complete,Low,1154.81,12.7,0.93,0.7,Low
P02887,Hydro,Rajasthan,North,2783,18260.98,57,3,Complete,Low,18632.86,58.1,2.04,1.1,Low
P02888,Transmission,Maharashtra,West,2746,4296.29,17,2,Complete,Medium,4594.45,19.8,6.94,2.8,Low
P02889,Thermal,Uttar Pradesh,North,2825,8854.52,64,1,Complete,High,9845.88,73.7,11.2,9.7,High
P02890,Hydro,Rajasthan,North,108,487.94,72,4,Complete,Low,490.6,73.2,0.55,1.2,Low
P02891,Solar,Tamil Nadu,South,91,205.21,34,4,Partial,Medium,250.34,44.0,21.99,10.0,High
P02892,Thermal,Gujarat,West,4807,14350.09,67,8,Pending,Medium,19742.85,86.7,37.58,19.7,High
P02893,Hydro,Madhya Pradesh,Central,3270,15246.81,88,4,Complete,Medium,16491.41,91.5,8.16,3.5,Medium
P02894,Hydro,Andhra Pradesh,South,2472,9252.73,88,5,Partial,Low,10034.27,97.0,8.45,9.0,Medium
P02895,Thermal,Madhya Pradesh,Central,3499,10934.22,57,3,Partial,Medium,12741.17,68.0,16.53,11.0,High
P02896,Thermal,Andhra Pradesh,South,3297,10211.94,62,5,Partial,Low,11224.86,68.2,9.92,6.2,Medium
P02897,Thermal,Rajasthan,North,3911,16876.16,61,4,Pending,Medium,22788.26,71.9,35.03,10.9,High
P02898,Hydro,Tamil Nadu,South,1005,7759.62,111,2,Partial,High,9439.09,123.9,21.64,12.9,High
P02899,Thermal,Uttar Pradesh,North,959,3135.95,82,7,Complete,Low,3148.8,83.0,0.41,1.0,Low
P02900,Wind,Rajasthan,North,231,627.99,22,2,Partial,Low,725.01,27.0,15.45,5.0,Medium
P02901,Wind,Andhra Pradesh,South,276,447.35,24,1,Partial,Medium,540.03,30.6,20.72,6.6,Medium
P02902,Solar,Andhra Pradesh,South,867,2369.02,25,8,Partial,Low,2955.57,36.5,24.76,11.5,High
P02903,Thermal,Andhra Pradesh,South,912,4300.88,46,9,Partial,High,5825.16,61.3,35.44,15.3,High
P02904,Wind,Haryana,North,159,254.34,26,4,Complete,Medium,270.83,29.4,6.48,3.4,Medium
P02905,Solar,Uttar Pradesh,North,155,409.92,41,10,Complete,Medium,453.32,49.0,10.59,8.0,Medium
P02906,Solar,Tamil Nadu,South,298,899.62,19,1,Partial,Low,1000.67,25.4,11.23,6.4,Medium
P02907,Wind,Maharashtra,West,726,2111.87,15,2,Partial,Low,2388.85,19.1,13.12,4.1,Medium
P02908,Wind,Andhra Pradesh,South,766,1093.44,22,7,Partial,High,1371.23,35.5,25.4,13.5,High
P02909,Transmission,Haryana,North,2539,3322.72,56,3,Partial,Medium,4008.32,64.8,20.63,8.8,Medium
P02910,Transmission,Maharashtra,West,2157,5026.5,30,5,Complete,Low,5097.34,31.6,1.41,1.6,Low
P02911,Wind,Rajasthan,North,434,836.88,16,4,Complete,Medium,895.17,18.3,6.96,2.3,Low
P02912,Solar,Rajasthan,North,1305,2703.97,37,10,Complete,Medium,3164.48,43.1,17.03,6.1,Medium
P02913,Transmission,Madhya Pradesh,Central,2846,4304.61,15,10,Complete,Medium,4831.04,19.3,12.23,4.3,Medium
P02914,Wind,Maharashtra,West,831,1348.34,32,7,Complete,Low,1378.51,34.0,2.24,2.0,Low
P02915,Transmission,Haryana,North,591,605.95,21,6,Partial,Medium,690.95,29.6,14.03,8.6,Medium
P02916,Wind,Rajasthan,North,517,1410.0,30,7,Complete,Medium,1561.87,33.2,10.77,3.2,Medium
P02917,Thermal,Uttar Pradesh,North,3102,13372.35,50,6,Complete,Low,13960.59,51.7,4.4,1.7,Low
P02918,Wind,Gujarat,West,519,1330.48,17,9,Partial,Medium,1542.07,26.3,15.9,9.3,High
P02919,Solar,Rajasthan,North,484,727.21,27,7,Complete,Medium,792.09,31.4,8.92,4.4,Medium
P02920,Hydro,Gujarat,West,1737,10639.98,79,9,Pending,Medium,14519.69,95.2,36.46,16.2,High
P02921,Wind,Maharashtra,West,549,1273.94,33,3,Complete,Low,1279.41,33.6,0.43,0.6,Low
P02922,Hydro,Karnataka,South,3069,21784.67,49,4,Complete,Medium,23391.82,52.9,7.38,3.9,Medium
P02923,Solar,Uttar Pradesh,North,187,598.86,19,9,Complete,Medium,644.37,23.2,7.6,4.2,Medium
P02924,Wind,Haryana,North,463,565.03,29,1,Pending,Medium,780.65,45.5,38.16,16.5,High
P02925,Thermal,Maharashtra,West,811,2367.66,79,9,Complete,Medium,2610.49,83.8,10.26,4.8,Medium
P02926,Transmission,Punjab,North,129,187.86,21,6,Complete,Medium,200.71,24.0,6.84,3.0,Medium
P02927,Hydro,Gujarat,West,3378,25971.33,84,2,Partial,High,33562.36,99.9,29.23,15.9,High
P02928,Hydro,Tamil Nadu,South,3320,13632.95,119,8,Complete,High,16353.01,134.6,19.95,15.6,High
P02929,Hydro,Uttar Pradesh,North,641,3822.69,61,4,Partial,Medium,4573.23,69.2,19.63,8.2,Medium
P02930,Transmission,Punjab,North,972,1011.36,34,5,Partial,Low,1109.12,39.6,9.67,5.6,Medium
P02931,Wind,Karnataka,South,171,432.4,35,7,Complete,High,530.57,44.5,22.7,9.5,High
P02932,Wind,Tamil Nadu,South,812,1976.85,32,10,Complete,Medium,2270.91,39.4,14.88,7.4,Medium
P02933,Wind,Uttar Pradesh,North,403,900.22,22,2,Complete,Medium,953.48,26.1,5.92,4.1,Medium
P02934,Wind,Andhra Pradesh,South,196,284.18,24,6,Complete,Medium,298.12,27.8,4.9,3.8,Medium
P02935,Transmission,Andhra Pradesh,South,2340,5152.48,24,4,Partial,Low,5688.54,31.1,10.4,7.1,Medium
P02936,Thermal,Tamil Nadu,South,2411,10430.03,89,7,Partial,Medium,12485.2,97.4,19.7,8.4,Medium
P02937,Hydro,Punjab,North,1006,3891.08,63,2,Complete,Medium,4317.77,66.6,10.97,3.6,Medium
P02938,Wind,Madhya Pradesh,Central,228,677.38,23,4,Pending,Medium,826.98,33.4,22.08,10.4,High
P02939,Hydro,Karnataka,South,2359,10244.11,115,3,Partial,Medium,12032.16,123.8,17.45,8.8,Medium
P02940,Hydro,Andhra Pradesh,South,2618,20411.29,41,7,Pending,Low,25839.11,59.9,26.59,18.9,High
P02941,Hydro,Punjab,North,3622,20932.19,75,3,Complete,Medium,22488.05,77.3,7.43,2.3,Low
P02942,Transmission,Tamil Nadu,South,1053,1259.39,47,7,Partial,Medium,1529.04,60.3,21.41,13.3,High
P02943,Wind,Gujarat,West,590,1745.1,22,10,Complete,Medium,2018.91,30.1,15.69,8.1,Medium
P02944,Thermal,Punjab,North,3768,21970.6,79,4,Pending,Medium,29213.5,88.0,32.97,9.0,High
P02945,Solar,Gujarat,West,1154,1816.37,23,4,Pending,Medium,2419.26,34.1,33.19,11.1,High
P02946,Thermal,Uttar Pradesh,North,3071,17366.38,88,5,Complete,Medium,18207.09,91.3,4.84,3.3,Medium
P02947,Solar,Madhya Pradesh,Central,342,1165.75,46,8,Complete,Low,1283.2,48.5,10.07,2.5,Medium
P02948,Transmission,Maharashtra,West,1411,3520.47,52,9,Complete,Low,3906.83,55.5,10.97,3.5,Medium
P02949,Thermal,Maharashtra,West,2898,15052.15,67,1,Complete,Low,15432.25,67.3,2.53,0.3,Low
P02950,Transmission,Gujarat,West,659,755.77,53,10,Complete,High,936.31,71.3,23.89,18.3,High
P02951,Thermal,Tamil Nadu,South,4383,20437.44,39,4,Pending,Medium,25880.54,53.8,26.63,14.8,High
P02952,Transmission,Andhra Pradesh,South,2345,4952.39,18,1,Complete,Medium,5263.94,21.1,6.29,3.1,Medium
P02953,Wind,Rajasthan,North,865,1294.88,20,1,Pending,Medium,1578.3,38.1,21.89,18.1,High
P02954,Wind,Maharashtra,West,849,1891.91,34,9,Complete,Low,2039.55,40.6,7.8,6.6,Medium
P02955,Wind,Karnataka,South,646,918.7,23,8,Complete,Medium,1035.63,31.8,12.73,8.8,Medium
P02956,Thermal,Gujarat,West,971,5822.5,89,10,Partial,Low,6582.75,92.9,13.06,3.9,Medium
P02957,Wind,Punjab,North,80,204.36,15,10,Complete,High,238.59,24.7,16.75,9.7,High
P02958,Transmission,Rajasthan,North,339,543.12,39,3,Complete,Low,559.11,39.9,2.94,0.9,Low
P02959,Wind,Uttar Pradesh,North,785,1110.9,34,4,Partial,Low,1216.29,38.8,9.49,4.8,Medium
P02960,Transmission,Uttar Pradesh,North,2247,2673.67,43,8,Partial,Medium,3375.32,56.1,26.24,13.1,High
P02961,Hydro,Maharashtra,West,837,5076.31,106,8,Partial,Medium,6414.24,118.1,26.36,12.1,High
P02962,Transmission,Karnataka,South,1967,4777.83,21,10,Partial,High,6667.0,39.6,39.54,18.6,High
P02963,Solar,Maharashtra,West,70,124.91,38,3,Partial,Medium,142.36,46.8,13.97,8.8,Medium
P02964,Transmission,Karnataka,South,579,696.71,22,1,Partial,Medium,849.88,32.7,21.98,10.7,High
P02965,Hydro,Karnataka,South,1986,8338.09,70,1,Complete,Medium,9118.5,74.0,9.36,4.0,Medium
P02966,Wind,Haryana,North,798,1039.45,23,4,Complete,High,1256.48,32.9,20.88,9.9,High
P02967,Transmission,Maharashtra,West,1742,3055.76,58,7,Complete,Low,3193.21,59.5,4.5,1.5,Low
P02968,Transmission,Punjab,North,2514,2535.95,58,1,Complete,Medium,2745.53,62.9,8.26,4.9,Medium
P02969,Transmission,Gujarat,West,212,359.6,35,4,Pending,High,497.9,52.4,38.46,17.4,High
P02970,Transmission,Karnataka,South,2966,5145.35,58,8,Complete,Medium,5766.75,65.1,12.08,7.1,Medium
P02971,Solar,Punjab,North,1481,4621.71,26,1,Partial,Medium,5438.84,36.6,17.68,10.6,High
P02972,Wind,Tamil Nadu,South,61,148.99,22,5,Complete,Medium,161.3,24.7,8.26,2.7,Low
P02973,Thermal,Maharashtra,West,2493,7585.43,85,10,Complete,Low,7942.96,89.9,4.71,4.9,Medium
P02974,Hydro,Andhra Pradesh,South,2570,13554.37,38,4,Partial,Medium,15860.84,48.1,17.02,10.1,High
P02975,Wind,Maharashtra,West,505,936.31,26,8,Complete,Low,1018.45,28.8,8.77,2.8,Low
P02976,Transmission,Maharashtra,West,508,917.1,35,5,Complete,Medium,970.61,38.0,5.83,3.0,Medium
P02977,Hydro,Tamil Nadu,South,175,618.2,101,9,Complete,Medium,694.72,111.4,12.38,10.4,High
P02978,Transmission,Rajasthan,North,264,446.38,46,3,Complete,High,529.43,51.3,18.61,5.3,Medium
P02979,Hydro,Punjab,North,662,4208.65,73,2,Complete,Medium,4420.48,76.8,5.03,3.8,Medium
P02980,Wind,Punjab,North,262,350.24,17,3,Complete,High,394.42,21.8,12.61,4.8,Medium
P02981,Thermal,Rajasthan,North,3178,13709.94,80,6,Pending,Medium,16948.23,90.8,23.62,10.8,High
P02982,Thermal,Madhya Pradesh,Central,830,2772.45,93,10,Complete,Low,2998.79,98.7,8.16,5.7,Medium
P02983,Hydro,Madhya Pradesh,Central,3852,24434.4,98,10,Complete,High,26842.69,110.9,9.86,12.9,High
P02984,Solar,Karnataka,South,1483,3500.61,24,6,Partial,Low,3842.41,31.5,9.76,7.5,Medium
P02985,Thermal,Gujarat,West,2228,11428.51,52,7,Partial,Medium,13301.64,58.1,16.39,6.1,Medium
P02986,Wind,Karnataka,South,466,693.83,33,9,Complete,Medium,797.6,44.0,14.96,11.0,High
P02987,Thermal,Karnataka,South,4082,23046.68,80,8,Complete,Medium,25844.4,88.3,12.14,8.3,Medium
P02988,Solar,Uttar Pradesh,North,262,538.99,26,8,Partial,Medium,679.15,41.0,26.0,15.0,High
P02989,Transmission,Andhra Pradesh,South,729,1439.78,57,8,Complete,High,1812.95,71.8,25.92,14.8,High
P02990,Transmission,Uttar Pradesh,North,2542,5731.84,26,7,Complete,High,6673.13,35.2,16.42,9.2,High
P02991,Transmission,Andhra Pradesh,South,2362,3181.43,25,6,Partial,High,3741.54,38.3,17.61,13.3,High
P02992,Solar,Madhya Pradesh,Central,1055,2177.07,18,6,Partial,High,2790.95,33.0,28.2,15.0,High
P02993,Solar,Haryana,North,1043,3240.16,45,7,Complete,Medium,3415.07,47.1,5.4,2.1,Low
P02994,Wind,Rajasthan,North,489,1285.57,28,3,Pending,Medium,1694.02,39.1,31.77,11.1,High
P02995,Solar,Punjab,North,215,358.14,30,5,Complete,High,424.86,39.7,18.63,9.7,High
P02996,Hydro,Rajasthan,North,2723,21405.2,36,2,Partial,High,26364.68,50.4,23.17,14.4,High
P02997,Wind,Uttar Pradesh,North,419,991.19,35,4,Complete,Low,1032.62,36.2,4.18,1.2,Low
P02998,Transmission,Haryana,North,1952,2693.47,16,10,Complete,Low,2912.08,20.7,8.12,4.7,Medium
P02999,Transmission,Andhra Pradesh,South,2068,2161.18,26,6,Partial,Low,2491.4,32.5,15.28,6.5,Medium
P03000,Wind,Maharashtra,West,510,1009.53,14,4,Pending,Medium,1285.39,26.9,27.33,12.9,High
P03001,Transmission,Rajasthan,North,1292,2118.52,23,2,Pending,Low,2701.25,41.6,27.51,18.6,High
P03002,Solar,Madhya Pradesh,Central,1129,2146.29,33,9,Complete,Low,2236.95,40.2,4.22,7.2,Medium
P03003,Hydro,Madhya Pradesh,Central,2848,12581.74,65,1,Partial,Medium,14482.03,73.0,15.1,8.0,Medium
P03004,Wind,Tamil Nadu,South,418,636.91,19,4,Complete,Low,662.03,19.7,3.94,0.7,Low
P03005,Thermal,Gujarat,West,3877,15492.3,51,1,Partial,High,17999.72,67.3,16.18,16.3,High
P03006,Thermal,Rajasthan,North,4631,25383.12,58,8,Complete,High,30296.15,74.0,19.36,16.0,High
P03007,Wind,Maharashtra,West,708,1177.36,15,3,Partial,Medium,1344.21,19.4,14.17,4.4,Medium
P03008,Wind,Punjab,North,140,393.05,20,6,Pending,Medium,469.92,30.4,19.56,10.4,High
P03009,Thermal,Uttar Pradesh,North,995,5428.15,66,8,Complete,Low,5996.85,73.0,10.48,7.0,Medium
P03010,Hydro,Rajasthan,North,3481,14492.63,57,1,Complete,Medium,15903.77,60.7,9.74,3.7,Medium
P03011,Solar,Punjab,North,1296,2027.27,21,9,Partial,Medium,2629.55,34.1,29.71,13.1,High
P03012,Transmission,Uttar Pradesh,North,1131,1210.31,21,9,Partial,Medium,1474.08,34.7,21.79,13.7,High
P03013,Wind,Tamil Nadu,South,306,868.2,24,2,Complete,Low,871.28,24.3,0.36,0.3,Low
P03014,Hydro,Madhya Pradesh,Central,107,645.0,42,8,Partial,Medium,786.64,51.4,21.96,9.4,High
P03015,Thermal,Rajasthan,North,2409,14985.39,74,10,Complete,Medium,17278.75,83.5,15.3,9.5,High
P03016,Transmission,Tamil Nadu,South,1610,3025.75,26,9,Partial,Medium,3905.0,41.1,29.06,15.1,High
P03017,Wind,Punjab,North,134,237.21,22,7,Complete,High,261.98,27.7,10.44,5.7,Medium
P03018,Transmission,Uttar Pradesh,North,1661,4113.55,38,8,Partial,Medium,5345.96,50.1,29.96,12.1,High
P03019,Wind,Gujarat,West,130,157.01,22,1,Pending,Medium,190.76,40.8,21.49,18.8,High
P03020,Hydro,Andhra Pradesh,South,1753,5262.6,96,6,Partial,Medium,6336.18,100.9,20.4,4.9,Medium
P03021,Hydro,Haryana,North,1869,6613.08,92,5,Partial,Medium,7632.44,103.7,15.41,11.7,High
P03022,Solar,Madhya Pradesh,Central,687,1953.24,28,9,Pending,Medium,2706.11,49.5,38.54,21.5,High
P03023,Solar,Gujarat,West,1089,2822.86,33,10,Complete,Medium,3265.36,38.3,15.68,5.3,Medium
P03024,Hydro,Gujarat,West,3167,15190.11,93,1,Partial,High,17700.71,105.4,16.53,12.4,High
P03025,Hydro,Maharashtra,West,674,4174.29,89,4,Complete,High,5035.05,97.7,20.62,8.7,Medium
P03026,Hydro,Madhya Pradesh,Central,430,1506.53,40,7,Complete,Medium,1612.31,43.4,7.02,3.4,Medium
P03027,Wind,Gujarat,West,440,600.09,24,6,Partial,High,726.77,38.7,21.11,14.7,High
P03028,Wind,Uttar Pradesh,North,445,940.64,28,4,Complete,Medium,996.16,31.0,5.9,3.0,Medium
P03029,Wind,Uttar Pradesh,North,773,1927.18,17,1,Complete,Medium,2107.12,20.4,9.34,3.4,Medium
P03030,Wind,Karnataka,South,322,439.68,29,6,Complete,Low,447.08,30.0,1.68,1.0,Low
P03031,Hydro,Tamil Nadu,South,868,3825.65,109,2,Complete,Low,3903.39,110.1,2.03,1.1,Low
P03032,Wind,Rajasthan,North,470,640.31,33,7,Complete,High,783.85,37.8,22.42,4.8,Medium
P03033,Solar,Andhra Pradesh,South,123,203.87,28,9,Complete,Medium,239.18,36.8,17.32,8.8,Medium
P03034,Hydro,Punjab,North,1946,9226.35,66,3,Complete,Low,9599.21,67.1,4.04,1.1,Low
P03035,Wind,Andhra Pradesh,South,123,311.4,29,2,Complete,Medium,332.87,32.8,6.9,3.8,Medium
P03036,Solar,Maharashtra,West,562,1363.05,34,3,Partial,High,1589.4,44.5,16.61,10.5,High
P03037,Wind,Karnataka,South,617,1731.45,18,10,Complete,High,2009.65,33.9,16.07,15.9,High
P03038,Transmission,Maharashtra,West,178,263.3,52,8,Complete,Medium,308.1,57.7,17.02,5.7,Medium
P03039,Thermal,Karnataka,South,3510,13657.9,51,2,Partial,Medium,15916.72,58.3,16.54,7.3,Medium
P03040,Thermal,Rajasthan,North,586,2641.14,44,8,Complete,Medium,3058.77,52.2,15.81,8.2,Medium
P03041,Hydro,Tamil Nadu,South,3676,19357.77,59,3,Complete,Medium,20813.86,62.8,7.52,3.8,Medium
P03042,Wind,Maharashtra,West,130,285.19,16,10,Partial,Medium,356.06,29.1,24.85,13.1,High
P03043,Wind,Punjab,North,285,406.91,34,1,Complete,Medium,447.91,38.4,10.07,4.4,Medium
P03044,Wind,Gujarat,West,315,412.74,19,7,Partial,Low,487.5,24.3,18.11,5.3,Medium
P03045,Transmission,Haryana,North,1917,3543.4,42,10,Complete,Medium,4211.37,51.6,18.85,9.6,High
P03046,Transmission,Tamil Nadu,South,1675,3816.77,28,3,Pending,High,5082.61,50.8,33.17,22.8,High
P03047,Solar,Tamil Nadu,South,895,2791.76,32,8,Pending,Medium,3938.41,47.5,41.07,15.5,High
P03048,Thermal,Gujarat,West,3946,21427.15,42,9,Complete,Medium,25483.59,52.8,18.93,10.8,High
P03049,Transmission,Karnataka,South,1003,2147.95,44,10,Complete,Low,2313.1,50.0,7.69,6.0,Medium
P03050,Wind,Gujarat,West,691,1650.19,20,7,Complete,High,1876.8,29.5,13.73,9.5,High
P03051,Solar,Haryana,North,98,324.83,26,5,Partial,Medium,389.83,35.0,20.01,9.0,Medium
P03052,Wind,Maharashtra,West,926,2180.14,14,4,Partial,Low,2355.87,21.7,8.06,7.7,Medium
P03053,Wind,Haryana,North,232,557.05,30,1,Pending,Low,721.41,47.5,29.51,17.5,High
P03054,Thermal,Maharashtra,West,889,4232.52,43,3,Complete,Medium,4539.1,46.6,7.24,3.6,Medium
P03055,Solar,Madhya Pradesh,Central,1196,2355.35,21,8,Complete,Medium,2715.67,26.2,15.3,5.2,Medium
P03056,Wind,Gujarat,West,426,934.65,14,3,Partial,Medium,1050.78,24.6,12.42,10.6,High
P03057,Solar,Andhra Pradesh,South,706,2084.07,43,10,Partial,High,2757.77,62.3,32.33,19.3,High
P03058,Solar,Haryana,North,1079,3765.62,40,9,Partial,High,4828.54,57.1,28.23,17.1,High
P03059,Thermal,Madhya Pradesh,Central,4276,18327.38,95,9,Complete,High,22298.6,110.6,21.67,15.6,High
P03060,Solar,Punjab,North,73,211.75,40,9,Pending,High,277.87,63.6,31.23,23.6,High
P03061,Hydro,Punjab,North,847,4655.02,65,10,Partial,High,6323.76,82.4,35.85,17.4,High
P03062,Wind,Haryana,North,992,2234.25,15,5,Complete,High,2471.73,27.7,10.63,12.7,High
P03063,Hydro,Tamil Nadu,South,998,7412.39,92,5,Partial,High,9056.66,104.2,22.18,12.2,High
P03064,Wind,Uttar Pradesh,North,125,309.94,25,2,Pending,Medium,400.23,34.4,29.13,9.4,High
P03065,Thermal,Gujarat,West,914,4233.09,92,3,Partial,Medium,4870.16,103.2,15.05,11.2,High
P03066,Thermal,Gujarat,West,525,3384.48,86,5,Partial,High,4221.64,98.6,24.74,12.6,High
P03067,Wind,Haryana,North,82,154.89,15,9,Complete,Medium,171.25,19.4,10.56,4.4,Medium
P03068,Solar,Gujarat,West,768,1996.27,35,5,Partial,High,2302.54,50.0,15.34,15.0,High
P03069,Thermal,Gujarat,West,3805,17662.09,70,6,Pending,Medium,21372.04,83.2,21.01,13.2,High
P03070,Hydro,Uttar Pradesh,North,2984,17372.0,97,5,Partial,Medium,21094.63,105.4,21.43,8.4,Medium
P03071,Transmission,Maharashtra,West,2432,5897.69,50,4,Complete,Medium,6374.91,53.8,8.09,3.8,Medium
P03072,Thermal,Punjab,North,3955,18566.95,81,4,Pending,Medium,23091.45,96.8,24.37,15.8,High
P03073,Wind,Karnataka,South,51,116.9,29,6,Pending,Medium,138.22,50.8,18.24,21.8,High
P03074,Hydro,Tamil Nadu,South,1150,7438.14,56,10,Pending,Medium,10145.96,68.7,36.4,12.7,High
P03075,Thermal,Maharashtra,West,3685,18691.5,73,6,Partial,High,24567.08,90.2,31.43,17.2,High
P03076,Hydro,Haryana,North,1292,4504.98,73,5,Pending,High,6014.19,96.4,33.5,23.4,High
P03077,Hydro,Madhya Pradesh,Central,1962,8112.76,73,4,Partial,Medium,9956.12,79.6,22.72,6.6,Medium
P03078,Transmission,Rajasthan,North,420,644.08,47,6,Complete,Low,662.49,48.6,2.86,1.6,Low
P03079,Solar,Punjab,North,1397,2170.46,34,4,Complete,High,2575.94,39.1,18.68,5.1,Medium
P03080,Transmission,Karnataka,South,2532,2960.0,34,7,Complete,Medium,3194.22,38.4,7.91,4.4,Medium
P03081,Transmission,Andhra Pradesh,South,722,1436.72,54,6,Complete,Medium,1587.35,59.4,10.48,5.4,Medium
P03082,Thermal,Haryana,North,4172,14130.96,93,1,Complete,High,15818.46,105.5,11.94,12.5,High
P03083,Thermal,Rajasthan,North,3808,12320.48,38,4,Partial,Medium,14574.76,48.7,18.3,10.7,High
P03084,Thermal,Maharashtra,West,4106,12909.97,68,9,Complete,Low,13918.61,71.1,7.81,3.1,Medium
P03085,Transmission,Andhra Pradesh,South,1605,2452.59,53,8,Complete,Medium,2849.2,60.2,16.17,7.2,Medium
P03086,Solar,Karnataka,South,1106,3196.36,33,4,Complete,Low,3231.77,33.2,1.11,0.2,Low
P03087,Thermal,Andhra Pradesh,South,3726,23096.08,42,1,Complete,Medium,24619.02,45.8,6.59,3.8,Medium
P03088,Thermal,Maharashtra,West,4223,26414.03,91,1,Partial,Low,29911.83,95.8,13.24,4.8,Medium
P03089,Hydro,Haryana,North,1185,5055.55,115,4,Complete,Medium,5305.12,118.6,4.94,3.6,Medium
P03090,Transmission,Karnataka,South,2286,4312.33,40,7,Pending,Low,5187.05,50.4,20.28,10.4,High
P03091,Thermal,Maharashtra,West,3930,13489.4,49,7,Complete,Medium,14458.29,53.7,7.18,4.7,Medium
P03092,Transmission,Rajasthan,North,1416,2671.19,55,2,Complete,Low,2727.87,57.0,2.12,2.0,Low
P03093,Transmission,Tamil Nadu,South,578,1218.97,59,8,Complete,Medium,1387.24,66.2,13.8,7.2,Medium
P03094,Wind,Andhra Pradesh,South,878,1585.09,26,4,Partial,Low,1859.89,33.2,17.34,7.2,Medium
P03095,Hydro,Madhya Pradesh,Central,3894,29390.69,97,10,Complete,Medium,33013.65,106.1,12.33,9.1,High
P03096,Hydro,Andhra Pradesh,South,1185,4420.53,84,10,Complete,High,5512.26,95.5,24.7,11.5,High
P03097,Wind,Karnataka,South,88,218.63,33,3,Partial,Medium,272.23,40.4,24.51,7.4,Medium
P03098,Wind,Tamil Nadu,South,539,1070.17,26,7,Complete,Medium,1151.97,30.4,7.64,4.4,Medium
P03099,Wind,Punjab,North,50,102.75,19,6,Complete,Medium,114.64,22.7,11.57,3.7,Medium
P03100,Hydro,Gujarat,West,3321,17862.17,117,2,Complete,Low,18078.73,117.5,1.21,0.5,Low
P03101,Hydro,Punjab,North,768,3459.95,50,8,Pending,Medium,4298.45,72.9,24.23,22.9,High
P03102,Thermal,Tamil Nadu,South,2663,12412.63,94,4,Partial,Low,14008.53,98.2,12.86,4.2,Medium
P03103,Thermal,Haryana,North,1066,3941.27,65,2,Partial,Low,4477.93,73.6,13.62,8.6,Medium
P03104,Hydro,Rajasthan,North,798,6347.51,85,10,Complete,Low,6834.55,92.0,7.67,7.0,Medium
P03105,Wind,Rajasthan,North,549,984.76,32,8,Complete,High,1093.06,48.9,11.0,16.9,High
P03106,Solar,Uttar Pradesh,North,1325,2962.74,33,4,Partial,High,3860.17,52.6,30.29,19.6,High
P03107,Solar,Punjab,North,495,823.14,28,8,Pending,Medium,1119.73,44.8,36.03,16.8,High
P03108,Hydro,Punjab,North,3554,19218.02,62,10,Complete,High,22227.6,74.3,15.66,12.3,High
P03109,Transmission,Uttar Pradesh,North,2686,5121.88,41,10,Pending,Medium,6941.67,63.9,35.53,22.9,High
P03110,Wind,Maharashtra,West,258,709.09,18,7,Partial,Medium,825.37,28.2,16.4,10.2,High
P03111,Thermal,Gujarat,West,2386,10099.76,83,2,Partial,Medium,12193.64,91.8,20.73,8.8,Medium
P03112,Hydro,Gujarat,West,1736,10929.04,47,3,Complete,Medium,11817.85,50.4,8.13,3.4,Medium
P03113,Thermal,Punjab,North,1951,7395.66,90,5,Pending,Medium,10050.68,105.9,35.9,15.9,High
P03114,Thermal,Gujarat,West,4602,25896.98,94,4,Partial,Medium,31060.29,102.9,19.94,8.9,Medium
P03115,Transmission,Karnataka,South,127,281.75,16,1,Partial,Low,320.56,21.4,13.78,5.4,Medium
P03116,Solar,Andhra Pradesh,South,470,752.61,27,1,Complete,Low,777.11,27.8,3.25,0.8,Low
P03117,Thermal,Tamil Nadu,South,3704,16825.28,89,6,Partial,Low,19611.08,96.4,16.56,7.4,Medium
P03118,Thermal,Punjab,North,2956,12929.48,45,9,Complete,Low,14369.34,48.3,11.14,3.3,Medium
P03119,Transmission,Tamil Nadu,South,1795,3007.5,32,8,Complete,Medium,3458.95,38.8,15.01,6.8,Medium
P03120,Solar,Rajasthan,North,1412,3295.34,28,8,Partial,Medium,3903.26,40.9,18.45,12.9,High
P03121,Thermal,Rajasthan,North,2424,9616.77,59,10,Partial,Medium,11856.87,74.2,23.29,15.2,High
P03122,Transmission,Tamil Nadu,South,1935,2642.53,25,10,Partial,High,3446.6,41.3,30.43,16.3,High
P03123,Wind,Madhya Pradesh,Central,388,684.73,18,9,Complete,Low,747.4,24.5,9.15,6.5,Medium
P03124,Thermal,Andhra Pradesh,South,3408,19324.64,53,1,Complete,High,21792.06,65.4,12.77,12.4,High
P03125,Wind,Uttar Pradesh,North,387,767.5,23,6,Complete,Low,801.91,23.1,4.48,0.1,Low
P03126,Thermal,Gujarat,West,1749,5667.16,38,8,Complete,Low,6301.1,43.8,11.19,5.8,Medium
P03127,Transmission,Tamil Nadu,South,2600,4591.85,31,4,Complete,Low,4688.41,32.8,2.1,1.8,Low
P03128,Thermal,Andhra Pradesh,South,1660,5306.32,63,3,Complete,High,6500.99,67.1,22.51,4.1,Medium
P03129,Wind,Madhya Pradesh,Central,612,1504.41,24,7,Partial,Low,1679.74,27.2,11.65,3.2,Medium
P03130,Hydro,Andhra Pradesh,South,2426,9700.6,97,6,Complete,Medium,10107.54,100.2,4.2,3.2,Medium
P03131,Wind,Karnataka,South,421,1009.69,32,4,Partial,Medium,1161.9,40.0,15.07,8.0,Medium
P03132,Hydro,Rajasthan,North,3356,22948.05,98,9,Pending,Medium,31791.97,110.5,38.54,12.5,High
P03133,Wind,Andhra Pradesh,South,610,989.11,13,6,Complete,High,1075.29,24.4,8.71,11.4,High
P03134,Hydro,Rajasthan,North,317,1025.34,96,7,Complete,High,1205.59,100.9,17.58,4.9,Medium
P03135,Hydro,Punjab,North,2121,6684.16,45,6,Complete,Low,6950.95,46.9,3.99,1.9,Low
P03136,Thermal,Haryana,North,4958,21223.19,59,9,Pending,Medium,25696.26,83.9,21.08,24.9,High
P03137,Solar,Madhya Pradesh,Central,1240,2866.39,14,5,Pending,High,3998.05,37.8,39.48,23.8,High
P03138,Transmission,Maharashtra,West,1114,2015.05,50,2,Partial,Medium,2420.35,58.4,20.11,8.4,Medium
P03139,Thermal,Karnataka,South,4903,17314.5,92,9,Partial,Medium,22336.9,102.4,29.01,10.4,High
P03140,Wind,Gujarat,West,944,1219.86,34,1,Pending,Medium,1463.0,46.6,19.93,12.6,High
P03141,Thermal,Tamil Nadu,South,3208,17657.17,72,8,Partial,Low,20477.52,81.3,15.97,9.3,High
P03142,Wind,Punjab,North,270,674.19,24,5,Pending,Medium,876.41,36.7,30.0,12.7,High
P03143,Transmission,Gujarat,West,1132,2127.56,31,1,Partial,Medium,2573.11,41.5,20.94,10.5,High
P03144,Wind,Uttar Pradesh,North,481,685.67,34,9,Pending,Low,846.11,45.4,23.4,11.4,High
P03145,Hydro,Tamil Nadu,South,3617,22766.88,97,1,Pending,Medium,31512.2,109.8,38.41,12.8,High
P03146,Wind,Uttar Pradesh,North,411,722.61,22,8,Complete,Low,768.73,26.5,6.38,4.5,Medium
P03147,Hydro,Rajasthan,North,2981,16528.19,100,10,Complete,Low,17681.46,105.6,6.98,5.6,Medium
P03148,Solar,Andhra Pradesh,South,532,1697.1,16,2,Pending,High,2410.72,31.9,42.05,15.9,High
P03149,Wind,Gujarat,West,267,339.73,32,1,Pending,Low,432.66,43.5,27.36,11.5,High
P03150,Hydro,Punjab,North,3709,13044.83,64,10,Complete,Low,14594.96,67.1,11.88,3.1,Medium
P03151,Hydro,Uttar Pradesh,North,3586,22399.83,63,4,Partial,Low,25837.93,70.9,15.35,7.9,Medium
P03152,Transmission,Karnataka,South,640,850.89,32,6,Partial,Medium,941.36,35.9,10.63,3.9,Medium
P03153,Wind,Madhya Pradesh,Central,587,1174.53,19,8,Partial,Medium,1502.87,29.5,27.96,10.5,High
P03154,Wind,Madhya Pradesh,Central,659,1148.4,34,3,Pending,Low,1364.48,48.9,18.82,14.9,High
P03155,Hydro,Karnataka,South,2517,8777.49,46,3,Partial,High,11160.59,65.0,27.15,19.0,High
P03156,Transmission,Gujarat,West,540,947.97,51,9,Complete,Medium,1122.29,59.2,18.39,8.2,Medium
P03157,Transmission,Karnataka,South,286,588.73,34,2,Pending,High,789.78,56.6,34.15,22.6,High
P03158,Wind,Madhya Pradesh,Central,849,2180.21,35,1,Pending,Low,2698.09,51.6,23.75,16.6,High
P03159,Wind,Gujarat,West,725,1572.98,33,5,Partial,Low,1673.38,38.8,6.38,5.8,Medium
P03160,Transmission,Rajasthan,North,2686,4071.16,59,9,Complete,Medium,4562.09,67.9,12.06,8.9,Medium
P03161,Thermal,Haryana,North,3391,11832.33,81,6,Complete,Low,12176.67,82.6,2.91,1.6,Low
P03162,Hydro,Karnataka,South,1917,12136.07,56,9,Complete,Medium,13837.07,66.3,14.02,10.3,High
P03163,Wind,Gujarat,West,78,196.26,20,10,Partial,Low,232.91,28.1,18.67,8.1,Medium
P03164,Thermal,Rajasthan,North,840,3637.17,60,8,Partial,Medium,4629.84,70.4,27.29,10.4,High
P03165,Hydro,Uttar Pradesh,North,3462,13096.05,39,4,Complete,Low,13369.82,39.9,2.09,0.9,Low
P03166,Thermal,Madhya Pradesh,Central,3871,23906.32,61,2,Pending,Medium,33122.55,71.9,38.55,10.9,High
P03167,Solar,Karnataka,South,1300,2777.93,43,4,Complete,Low,2869.66,43.2,3.3,0.2,Low
P03168,Solar,Haryana,North,390,1258.42,21,2,Complete,Medium,1391.61,23.8,10.58,2.8,Medium
P03169,Solar,Punjab,North,1158,2414.85,16,7,Pending,Medium,3034.31,25.7,25.65,9.7,High
P03170,Hydro,Haryana,North,2829,10488.85,36,4,Partial,High,14165.55,50.3,35.05,14.3,High
P03171,Thermal,Karnataka,South,1766,9616.89,55,3,Partial,Medium,11031.86,62.8,14.71,7.8,Medium
P03172,Thermal,Gujarat,West,1563,5432.11,36,10,Partial,Medium,7128.17,49.4,31.22,13.4,High
P03173,Solar,Tamil Nadu,South,367,749.74,46,7,Pending,Low,939.21,63.4,25.27,17.4,High
P03174,Hydro,Madhya Pradesh,Central,1493,8643.75,59,4,Complete,Medium,9506.4,63.7,9.98,4.7,Medium
P03175,Hydro,Punjab,North,3146,22075.39,80,8,Complete,High,26318.61,91.3,19.22,11.3,High
P03176,Wind,Rajasthan,North,554,904.83,33,6,Complete,Medium,944.95,35.8,4.43,2.8,Low
P03177,Transmission,Uttar Pradesh,North,2510,3828.44,23,7,Complete,Low,3934.59,24.5,2.77,1.5,Low
P03178,Transmission,Andhra Pradesh,South,2287,5117.09,23,10,Pending,Low,6218.17,33.4,21.52,10.4,High
P03179,Solar,Karnataka,South,351,1084.66,12,2,Complete,Medium,1192.19,16.2,9.91,4.2,Medium
P03180,Solar,Madhya Pradesh,Central,1356,4334.25,35,7,Complete,Low,4393.94,35.1,1.38,0.1,Low
P03181,Thermal,Madhya Pradesh,Central,1853,5228.8,95,8,Partial,Medium,6297.31,106.2,20.44,11.2,High
P03182,Thermal,Tamil Nadu,South,3293,13914.39,42,9,Complete,Medium,16130.09,51.7,15.92,9.7,High
P03183,Transmission,Madhya Pradesh,Central,1406,2813.04,58,10,Complete,High,3433.27,72.9,22.05,14.9,High
P03184,Wind,Haryana,North,535,694.67,25,10,Complete,Medium,807.95,29.1,16.31,4.1,Medium
P03185,Wind,Karnataka,South,402,592.93,14,6,Partial,Medium,670.75,26.5,13.12,12.5,High
P03186,Transmission,Madhya Pradesh,Central,773,817.06,15,8,Pending,Medium,1058.08,32.3,29.5,17.3,High
P03187,Transmission,Madhya Pradesh,Central,2005,2972.91,33,5,Partial,High,3749.96,44.2,26.14,11.2,High
P03188,Wind,Madhya Pradesh,Central,613,1279.43,28,5,Pending,Medium,1661.07,44.2,29.83,16.2,High
P03189,Solar,Madhya Pradesh,Central,135,263.44,19,8,Complete,Low,288.14,24.4,9.37,5.4,Medium
P03190,Hydro,Rajasthan,North,3275,10212.22,84,9,Complete,High,12993.79,95.9,27.24,11.9,High
P03191,Solar,Rajasthan,North,314,925.34,26,6,Pending,Low,1117.16,36.8,20.73,10.8,High
P03192,Thermal,Andhra Pradesh,South,2842,10063.15,79,5,Pending,High,14400.94,95.6,43.11,16.6,High
P03193,Transmission,Karnataka,South,2817,6328.8,27,4,Pending,Low,7341.3,42.1,16.0,15.1,High
P03194,Solar,Karnataka,South,214,360.31,45,1,Complete,Low,361.59,46.3,0.35,1.3,Low
P03195,Transmission,Andhra Pradesh,South,2821,4819.48,53,10,Partial,Medium,5892.56,65.9,22.27,12.9,High
P03196,Hydro,Rajasthan,North,3118,18136.05,118,2,Pending,Medium,22722.26,138.4,25.29,20.4,High
P03197,Wind,Maharashtra,West,130,328.57,26,4,Partial,High,389.37,38.4,18.5,12.4,High
P03198,Transmission,Maharashtra,West,2087,3066.0,33,3,Complete,High,3424.76,37.1,11.7,4.1,Medium
P03199,Transmission,Andhra Pradesh,South,100,207.72,15,2,Partial,Medium,250.57,26.7,20.63,11.7,High
P03200,Solar,Gujarat,West,956,1558.02,29,2,Pending,Medium,2154.49,45.7,38.28,16.7,High
P03201,Wind,Rajasthan,North,924,2657.4,33,7,Complete,Low,2712.27,34.2,2.06,1.2,Low
P03202,Transmission,Maharashtra,West,1635,3192.33,43,3,Complete,Medium,3596.46,44.4,12.66,1.4,Medium
P03203,Transmission,Punjab,North,2805,6130.77,51,2,Partial,Medium,7296.9,61.6,19.02,10.6,High
P03204,Wind,Rajasthan,North,280,700.16,27,3,Partial,Medium,864.35,36.0,23.45,9.0,Medium
P03205,Hydro,Haryana,North,2909,11229.79,56,4,Pending,Medium,14830.45,69.1,32.06,13.1,High
P03206,Wind,Uttar Pradesh,North,610,774.06,23,3,Complete,Low,804.54,24.0,3.94,1.0,Low
P03207,Thermal,Madhya Pradesh,Central,4756,16756.66,43,10,Complete,Low,17641.27,46.0,5.28,3.0,Medium
P03208,Thermal,Andhra Pradesh,South,1000,4531.9,79,7,Complete,Low,4709.19,80.6,3.91,1.6,Low
P03209,Solar,Gujarat,West,982,3103.88,35,9,Partial,Low,3949.07,48.0,27.23,13.0,High
P03210,Hydro,Gujarat,West,1621,6638.14,40,10,Complete,Medium,7568.91,48.4,14.02,8.4,Medium
P03211,Transmission,Rajasthan,North,1506,2572.85,16,9,Partial,Medium,3300.0,24.7,28.26,8.7,High
P03212,Thermal,Karnataka,South,4183,22607.44,54,5,Complete,Medium,23534.67,56.8,4.1,2.8,Low
P03213,Wind,Uttar Pradesh,North,558,1133.6,13,10,Partial,Low,1346.83,21.3,18.81,8.3,Medium
P03214,Transmission,Haryana,North,2477,3690.15,42,4,Complete,Medium,3922.68,46.7,6.3,4.7,Medium
P03215,Transmission,Uttar Pradesh,North,2595,4326.98,40,7,Complete,Medium,4842.13,43.1,11.91,3.1,Medium
P03216,Solar,Punjab,North,1180,2213.58,18,6,Partial,Medium,2749.25,27.4,24.2,9.4,High
P03217,Wind,Punjab,North,334,932.58,29,5,Complete,High,1083.88,36.7,16.22,7.7,Medium
P03218,Hydro,Andhra Pradesh,South,3430,20211.5,38,10,Complete,Low,21230.44,40.0,5.04,2.0,Low
P03219,Wind,Madhya Pradesh,Central,519,828.51,24,8,Complete,Low,888.37,26.6,7.23,2.6,Low
P03220,Wind,Haryana,North,652,1490.2,33,2,Complete,Low,1500.16,33.8,0.67,0.8,Low
P03221,Wind,Andhra Pradesh,South,248,739.97,24,1,Complete,Medium,800.14,27.5,8.13,3.5,Medium
P03222,Solar,Tamil Nadu,South,240,822.65,15,1,Pending,Medium,1001.99,36.1,21.8,21.1,High
P03223,Solar,Karnataka,South,1354,3307.26,25,1,Partial,Medium,3741.66,33.6,13.13,8.6,Medium
P03224,Hydro,Madhya Pradesh,Central,2425,12168.78,76,4,Partial,Low,12953.79,79.7,6.45,3.7,Medium
P03225,Transmission,Karnataka,South,1511,3490.72,55,1,Partial,Medium,4216.03,63.2,20.78,8.2,Medium
P03226,Hydro,Rajasthan,North,1249,5904.88,94,5,Partial,High,7333.53,108.7,24.19,14.7,High
P03227,Solar,Maharashtra,West,195,334.05,43,5,Pending,Low,398.11,58.0,19.18,15.0,High
P03228,Solar,Madhya Pradesh,Central,820,2474.94,19,9,Partial,Medium,3004.39,32.4,21.39,13.4,High
P03229,Thermal,Karnataka,South,2422,7473.59,85,7,Partial,High,9690.41,97.0,29.66,12.0,High
P03230,Transmission,Maharashtra,West,2087,3421.46,39,9,Pending,Medium,4734.52,60.7,38.38,21.7,High
P03231,Thermal,Tamil Nadu,South,676,4007.87,57,8,Partial,Low,4697.26,68.6,17.2,11.6,High
P03232,Hydro,Punjab,North,3817,29387.79,81,3,Complete,Medium,31939.65,82.9,8.68,1.9,Low
P03233,Transmission,Gujarat,West,2185,5237.54,57,3,Complete,High,6055.47,61.0,15.62,4.0,Medium
P03234,Solar,Andhra Pradesh,South,1225,2622.47,34,2,Partial,Low,2859.02,41.0,9.02,7.0,Medium
P03235,Solar,Uttar Pradesh,North,1071,2527.44,33,3,Complete,Low,2567.06,34.6,1.57,1.6,Low
P03236,Wind,Punjab,North,405,501.11,26,8,Partial,Low,597.23,39.5,19.18,13.5,High
P03237,Thermal,Karnataka,South,1787,4512.69,89,9,Complete,Medium,5310.05,98.0,17.67,9.0,Medium
P03238,Solar,Haryana,North,466,1431.1,47,9,Partial,Medium,1729.56,58.2,20.86,11.2,High
P03239,Wind,Punjab,North,954,2310.36,17,2,Partial,Medium,2780.72,24.9,20.36,7.9,Medium
P03240,Solar,Rajasthan,North,1103,2142.16,32,6,Partial,Medium,2414.15,41.3,12.7,9.3,High
P03241,Thermal,Madhya Pradesh,Central,1281,7990.42,91,4,Partial,Medium,9403.15,96.7,17.68,5.7,Medium
P03242,Thermal,Haryana,North,4596,25829.37,72,5,Partial,High,34483.3,85.5,33.5,13.5,High
P03243,Hydro,Uttar Pradesh,North,3628,17369.09,59,10,Complete,High,20234.39,75.1,16.5,16.1,High
P03244,Wind,Punjab,North,463,810.91,30,10,Partial,Medium,975.36,43.4,20.28,13.4,High
P03245,Hydro,Haryana,North,3922,28427.67,74,8,Partial,Medium,34802.76,84.0,22.43,10.0,High
P03246,Hydro,Andhra Pradesh,South,2298,8100.44,62,9,Partial,High,10370.96,78.0,28.03,16.0,High
P03247,Transmission,Karnataka,South,2728,3481.53,38,5,Partial,Medium,4261.47,47.1,22.4,9.1,High
P03248,Transmission,Karnataka,South,390,595.21,30,4,Pending,High,856.3,44.0,43.87,14.0,High
P03249,Hydro,Maharashtra,West,336,1845.95,49,10,Complete,Low,2007.13,51.5,8.73,2.5,Low
P03250,Solar,Maharashtra,West,1373,2166.9,26,10,Complete,Medium,2393.39,35.5,10.45,9.5,High
P03251,Solar,Gujarat,West,818,1654.49,43,2,Partial,High,1983.27,54.1,19.87,11.1,High
P03252,Wind,Uttar Pradesh,North,302,622.45,13,10,Partial,High,729.62,27.8,17.22,14.8,High
P03253,Thermal,Punjab,North,3483,17277.2,46,1,Partial,Medium,20227.71,55.8,17.08,9.8,High
P03254,Transmission,Maharashtra,West,2937,6040.05,30,9,Pending,High,7884.41,59.5,30.54,29.5,High
P03255,Thermal,Rajasthan,North,1438,4316.9,79,4,Partial,Medium,5130.39,86.8,18.84,7.8,Medium
P03256,Transmission,Madhya Pradesh,Central,569,868.74,25,9,Partial,Medium,1065.28,35.3,22.62,10.3,High
P03257,Thermal,Andhra Pradesh,South,3282,16045.99,67,2,Complete,Medium,17567.01,70.4,9.48,3.4,Medium
P03258,Hydro,Punjab,North,3225,12924.4,60,6,Complete,Medium,13763.73,64.1,6.49,4.1,Medium
P03259,Wind,Gujarat,West,869,1175.0,13,4,Partial,Medium,1312.91,21.6,11.74,8.6,Medium
P03260,Solar,Uttar Pradesh,North,1097,2609.85,12,6,Complete,Medium,2900.99,17.0,11.16,5.0,Medium
P03261,Wind,Madhya Pradesh,Central,261,371.49,15,2,Complete,Medium,398.7,19.2,7.32,4.2,Medium
P03262,Wind,Andhra Pradesh,South,685,1849.08,34,10,Complete,Medium,2025.16,42.4,9.52,8.4,Medium
P03263,Solar,Haryana,North,1194,4159.92,27,4,Complete,Low,4275.94,27.7,2.79,0.7,Low
P03264,Wind,Karnataka,South,582,1548.63,33,10,Pending,Medium,2147.82,57.4,38.69,24.4,High
P03265,Hydro,Andhra Pradesh,South,3849,18114.64,39,7,Pending,Medium,23603.15,50.4,30.3,11.4,High
P03266,Transmission,Haryana,North,1482,1993.32,25,5,Complete,Medium,2071.84,27.4,3.94,2.4,Low
P03267,Wind,Madhya Pradesh,Central,298,735.38,26,3,Complete,Medium,811.78,28.6,10.39,2.6,Medium
P03268,Wind,Karnataka,South,229,676.06,23,1,Partial,Medium,825.29,32.3,22.07,9.3,High
P03269,Thermal,Rajasthan,North,1224,3563.63,71,8,Complete,Medium,3961.33,78.0,11.16,7.0,Medium
P03270,Thermal,Gujarat,West,3515,16116.83,89,7,Partial,Medium,20145.62,97.0,25.0,8.0,Medium
P03271,Solar,Andhra Pradesh,South,1163,2747.58,47,2,Complete,High,3365.26,55.8,22.48,8.8,Medium
P03272,Hydro,Rajasthan,North,1632,11073.77,62,9,Partial,Medium,13604.55,71.8,22.85,9.8,High
P03273,Wind,Punjab,North,152,340.92,34,7,Complete,High,376.96,45.7,10.57,11.7,High
P03274,Solar,Madhya Pradesh,Central,644,1027.6,47,10,Partial,Medium,1250.33,56.5,21.67,9.5,High
P03275,Solar,Haryana,North,816,2016.34,31,10,Complete,Medium,2349.48,37.9,16.52,6.9,Medium
P03276,Hydro,Tamil Nadu,South,1747,7305.17,99,9,Complete,Medium,8093.96,107.6,10.8,8.6,Medium
P03277,Transmission,Gujarat,West,248,270.12,35,8,Complete,Low,288.87,38.8,6.94,3.8,Medium
P03278,Transmission,Karnataka,South,2779,6137.97,21,10,Complete,High,7630.52,28.3,24.32,7.3,Medium
P03279,Thermal,Karnataka,South,4055,19433.8,50,5,Partial,High,25428.86,60.5,30.85,10.5,High
P03280,Solar,Rajasthan,North,1274,3032.83,23,5,Partial,Low,3397.36,30.1,12.02,7.1,Medium
P03281,Transmission,Madhya Pradesh,Central,2458,5412.75,27,1,Partial,Medium,6347.34,36.9,17.27,9.9,High
P03282,Wind,Gujarat,West,71,113.62,16,2,Complete,Medium,125.69,20.9,10.62,4.9,Medium
P03283,Transmission,Madhya Pradesh,Central,2914,4014.76,15,4,Partial,Medium,4957.55,22.4,23.48,7.4,Medium
P03284,Solar,Maharashtra,West,286,451.61,35,4,Complete,Medium,493.37,38.6,9.25,3.6,Medium
P03285,Thermal,Andhra Pradesh,South,2947,10078.96,93,8,Complete,High,12295.02,104.7,21.99,11.7,High
P03286,Wind,Rajasthan,North,617,1535.26,28,7,Partial,High,1990.13,38.4,29.63,10.4,High
P03287,Transmission,Maharashtra,West,2723,4831.77,18,10,Complete,Medium,5620.17,23.1,16.32,5.1,Medium
P03288,Transmission,Madhya Pradesh,Central,992,1969.68,37,8,Partial,High,2718.35,57.5,38.01,20.5,High
P03289,Wind,Haryana,North,736,1224.11,16,3,Partial,High,1579.01,33.9,28.99,17.9,High
P03290,Transmission,Andhra Pradesh,South,821,1336.97,44,1,Complete,Medium,1413.6,48.5,5.73,4.5,Medium
P03291,Hydro,Gujarat,West,3340,25113.52,116,1,Complete,Low,25508.37,116.7,1.57,0.7,Low
P03292,Hydro,Madhya Pradesh,Central,237,1058.89,76,8,Complete,High,1309.15,87.6,23.63,11.6,High
P03293,Transmission,Punjab,North,2166,5301.21,24,4,Complete,Medium,5775.48,27.6,8.95,3.6,Medium
P03294,Wind,Tamil Nadu,South,351,972.24,20,1,Complete,Low,994.67,21.1,2.31,1.1,Low
P03295,Wind,Rajasthan,North,349,554.54,33,5,Partial,Low,626.32,37.7,12.94,4.7,Medium
P03296,Hydro,Maharashtra,West,2466,12047.94,69,9,Complete,Medium,13630.61,77.1,13.14,8.1,Medium
P03297,Wind,Tamil Nadu,South,505,1338.02,29,1,Complete,Medium,1419.77,33.3,6.11,4.3,Medium
P03298,Transmission,Maharashtra,West,1020,1065.89,54,6,Complete,Low,1094.25,54.2,2.66,0.2,Low
P03299,Wind,Punjab,North,817,1246.31,12,6,Pending,High,1700.05,23.7,36.41,11.7,High
P03300,Thermal,Tamil Nadu,South,583,2270.2,77,8,Complete,High,2850.54,85.4,25.56,8.4,High
P03301,Wind,Punjab,North,184,424.99,31,1,Partial,High,565.18,38.4,32.99,7.4,High
P03302,Wind,Maharashtra,West,756,1804.78,20,5,Partial,Low,2002.1,25.8,10.93,5.8,Medium
P03303,Hydro,Madhya Pradesh,Central,808,5313.97,116,9,Complete,Low,5535.53,120.7,4.17,4.7,Medium
P03304,Solar,Karnataka,South,1425,2677.85,32,5,Pending,High,3802.79,53.3,42.01,21.3,High
P03305,Transmission,Andhra Pradesh,South,1925,3493.94,43,5,Pending,Medium,4484.58,63.2,28.35,20.2,High
P03306,Thermal,Punjab,North,2237,14197.74,66,4,Complete,High,16527.27,70.8,16.41,4.8,Medium
P03307,Transmission,Maharashtra,West,679,1257.26,49,6,Complete,Low,1264.76,50.0,0.6,1.0,Low
P03308,Thermal,Gujarat,West,1305,8197.3,37,4,Complete,Medium,9163.76,41.3,11.79,4.3,Medium
P03309,Hydro,Punjab,North,3487,13015.02,74,4,Pending,Low,16338.66,92.4,25.54,18.4,High
P03310,Hydro,Maharashtra,West,2122,14274.05,71,6,Complete,Medium,16055.48,75.0,12.48,4.0,Medium
P03311,Transmission,Andhra Pradesh,South,2412,3937.7,46,1,Pending,Medium,4731.39,59.0,20.16,13.0,High
P03312,Wind,Karnataka,South,327,827.42,16,4,Complete,High,912.78,26.3,10.32,10.3,High
P03313,Thermal,Madhya Pradesh,Central,3714,13610.88,44,8,Complete,Low,14766.58,45.8,8.49,1.8,Low
P03314,Transmission,Haryana,North,556,1015.08,34,7,Complete,High,1207.84,42.3,18.99,8.3,Medium
P03315,Wind,Madhya Pradesh,Central,966,1951.82,33,3,Pending,High,2708.26,44.7,38.76,11.7,High
P03316,Thermal,Punjab,North,4016,22890.33,74,4,Complete,Low,23742.83,74.3,3.72,0.3,Low
P03317,Thermal,Rajasthan,North,1309,6132.08,60,2,Complete,Low,6208.46,61.2,1.25,1.2,Low
P03318,Transmission,Tamil Nadu,South,2465,5032.49,40,10,Complete,High,6517.54,52.3,29.51,12.3,High
P03319,Solar,Tamil Nadu,South,984,2799.26,36,4,Partial,Low,3145.21,40.2,12.36,4.2,Medium
P03320,Solar,Punjab,North,983,1802.6,35,2,Partial,Medium,2041.01,42.3,13.23,7.3,Medium
P03321,Wind,Madhya Pradesh,Central,128,219.23,27,5,Complete,Medium,233.94,30.0,6.71,3.0,Medium
P03322,Thermal,Madhya Pradesh,Central,1383,7903.95,90,8,Partial,Low,9092.85,97.8,15.04,7.8,Medium
P03323,Solar,Haryana,North,1290,4338.96,27,1,Partial,Medium,4822.67,33.1,11.15,6.1,Medium
P03324,Thermal,Madhya Pradesh,Central,1970,7763.16,41,4,Complete,Medium,8339.19,44.0,7.42,3.0,Medium
P03325,Thermal,Punjab,North,4401,15268.08,41,5,Complete,Low,15731.29,41.6,3.03,0.6,Low
P03326,Solar,Andhra Pradesh,South,485,1197.91,32,10,Partial,Low,1454.78,37.7,21.44,5.7,Medium
P03327,Transmission,Madhya Pradesh,Central,1865,4523.3,49,4,Complete,Medium,4801.08,51.2,6.14,2.2,Low
P03328,Transmission,Rajasthan,North,1316,1781.36,31,9,Pending,Medium,2345.57,53.6,31.67,22.6,High
P03329,Hydro,Haryana,North,3060,19081.19,73,6,Complete,Medium,20950.95,75.0,9.8,2.0,Low
P03330,Hydro,Maharashtra,West,247,902.97,114,3,Complete,Medium,994.61,117.4,10.15,3.4,Medium
P03331,Transmission,Punjab,North,1570,3328.72,38,10,Complete,Medium,3816.63,43.2,14.66,5.2,Medium
P03332,Thermal,Haryana,North,3574,19705.16,92,5,Complete,Medium,21505.98,95.5,9.14,3.5,Medium
P03333,Transmission,Gujarat,West,1978,3347.35,54,6,Complete,Medium,3647.67,59.5,8.97,5.5,Medium
P03334,Thermal,Madhya Pradesh,Central,541,2565.75,92,7,Complete,Medium,2773.46,94.9,8.1,2.9,Low
P03335,Transmission,Punjab,North,2442,5548.75,40,4,Complete,Medium,5993.44,44.9,8.01,4.9,Medium
P03336,Thermal,Tamil Nadu,South,2808,14316.24,37,9,Complete,Medium,16171.06,40.8,12.96,3.8,Medium
P03337,Hydro,Uttar Pradesh,North,2700,18135.72,114,1,Complete,Medium,19047.74,118.1,5.03,4.1,Medium
P03338,Transmission,Andhra Pradesh,South,1018,2014.59,36,3,Pending,Medium,2714.66,56.1,34.75,20.1,High
P03339,Transmission,Haryana,North,1430,1599.33,43,8,Pending,Medium,2200.43,65.7,37.58,22.7,High
P03340,Hydro,Uttar Pradesh,North,3358,20840.83,97,10,Complete,Low,22729.43,101.8,9.06,4.8,Medium
P03341,Solar,Madhya Pradesh,Central,1026,2257.58,21,3,Partial,Medium,2584.89,28.3,14.5,7.3,Medium
P03342,Thermal,Tamil Nadu,South,4033,14218.48,71,7,Partial,High,17923.17,87.3,26.06,16.3,High
P03343,Solar,Uttar Pradesh,North,316,727.94,23,9,Partial,High,950.68,43.3,30.6,20.3,High
P03344,Transmission,Punjab,North,184,418.09,36,1,Pending,Medium,542.76,49.5,29.82,13.5,High
P03345,Thermal,Tamil Nadu,South,2321,11449.61,39,2,Pending,Medium,14175.98,49.7,23.81,10.7,High
P03346,Hydro,Maharashtra,West,651,2487.78,95,4,Complete,Low,2580.43,95.2,3.72,0.2,Low
P03347,Solar,Haryana,North,586,1432.43,34,9,Complete,Low,1581.7,36.8,10.42,2.8,Medium
P03348,Thermal,Madhya Pradesh,Central,1333,7732.42,64,4,Complete,Medium,8335.91,68.4,7.8,4.4,Medium
P03349,Hydro,Madhya Pradesh,Central,2679,14659.66,102,8,Complete,Medium,17052.61,105.8,16.32,3.8,Medium
P03350,Transmission,Gujarat,West,2481,5537.34,26,3,Partial,Low,6353.93,31.1,14.75,5.1,Medium
P03351,Solar,Punjab,North,1307,3154.81,45,1,Complete,Medium,3466.35,49.0,9.88,4.0,Medium
P03352,Hydro,Tamil Nadu,South,3160,24897.81,104,7,Partial,Medium,29293.49,113.3,17.65,9.3,High
P03353,Transmission,Rajasthan,North,2291,2334.95,55,6,Complete,Medium,2530.98,59.7,8.4,4.7,Medium
P03354,Wind,Tamil Nadu,South,165,207.43,35,4,Complete,Low,214.35,36.0,3.34,1.0,Low
P03355,Wind,Madhya Pradesh,Central,893,1553.64,15,8,Complete,High,1959.93,31.8,26.15,16.8,High
P03356,Hydro,Haryana,North,2542,10357.52,104,9,Partial,High,14022.09,117.8,35.38,13.8,High
P03357,Hydro,Gujarat,West,2176,10521.65,77,4,Partial,Low,12124.31,84.2,15.23,7.2,Medium
P03358,Thermal,Punjab,North,1592,7342.79,80,3,Complete,High,8891.92,84.8,21.1,4.8,Medium
P03359,Solar,Haryana,North,488,1008.0,24,8,Complete,Medium,1158.6,32.4,14.94,8.4,Medium
P03360,Wind,Punjab,North,956,1767.15,13,7,Complete,Medium,1852.94,14.8,4.85,1.8,Low
P03361,Wind,Madhya Pradesh,Central,993,2642.22,33,4,Complete,Medium,2895.55,38.6,9.59,5.6,Medium
P03362,Transmission,Tamil Nadu,South,1992,4662.24,25,7,Partial,Low,5239.79,30.5,12.39,5.5,Medium
P03363,Solar,Maharashtra,West,746,1923.28,17,7,Complete,Medium,2057.79,22.3,6.99,5.3,Medium
P03364,Thermal,Uttar Pradesh,North,2960,13289.07,50,8,Complete,Medium,15201.91,58.6,14.39,8.6,Medium
P03365,Solar,Maharashtra,West,1299,4358.27,28,10,Partial,Medium,5158.93,40.4,18.37,12.4,High
P03366,Thermal,Madhya Pradesh,Central,3922,24800.43,88,5,Complete,Medium,26006.85,92.1,4.86,4.1,Medium
P03367,Thermal,Haryana,North,1890,9719.56,81,4,Pending,Medium,11909.51,100.6,22.53,19.6,High
P03368,Wind,Punjab,North,598,1048.1,16,10,Partial,Medium,1224.87,31.6,16.87,15.6,High
P03369,Thermal,Haryana,North,2805,14545.71,63,1,Partial,Low,16322.59,68.0,12.22,5.0,Medium
P03370,Wind,Haryana,North,319,887.08,32,10,Complete,High,1022.32,39.6,15.25,7.6,Medium
P03371,Solar,Gujarat,West,1424,3230.56,15,10,Complete,Medium,3710.4,20.1,14.85,5.1,Medium
P03372,Hydro,Tamil Nadu,South,1978,14755.24,78,8,Complete,Medium,17349.83,84.7,17.58,6.7,Medium
P03373,Solar,Madhya Pradesh,Central,927,2959.15,20,8,Partial,Low,3561.87,27.0,20.37,7.0,Medium
P03374,Wind,Gujarat,West,532,776.24,25,6,Partial,Medium,858.47,31.7,10.59,6.7,Medium
P03375,Wind,Rajasthan,North,327,670.47,19,7,Partial,Low,720.53,23.1,7.47,4.1,Medium
P03376,Solar,Haryana,North,1057,2687.03,16,1,Complete,Medium,2841.85,20.6,5.76,4.6,Medium
P03377,Wind,Madhya Pradesh,Central,709,1577.27,34,6,Complete,Low,1609.27,34.4,2.03,0.4,Low
P03378,Solar,Tamil Nadu,South,944,2716.85,34,4,Complete,Low,2760.54,35.5,1.61,1.5,Low
P03379,Wind,Karnataka,South,506,1046.83,28,9,Pending,Medium,1448.65,53.8,38.38,25.8,High
P03380,Wind,Rajasthan,North,918,1953.5,35,3,Pending,Low,2273.3,53.5,16.37,18.5,High
P03381,Wind,Gujarat,West,368,601.3,28,5,Complete,High,713.75,35.9,18.7,7.9,Medium
P03382,Transmission,Uttar Pradesh,North,210,422.56,31,8,Complete,Low,460.77,37.1,9.04,6.1,Medium
P03383,Hydro,Madhya Pradesh,Central,225,999.13,95,1,Complete,Medium,1090.82,98.0,9.18,3.0,Medium
P03384,Thermal,Andhra Pradesh,South,1317,8182.68,58,4,Complete,Low,8347.31,58.4,2.01,0.4,Low
P03385,Solar,Andhra Pradesh,South,605,1035.69,15,5,Partial,Medium,1184.96,26.1,14.41,11.1,High
P03386,Wind,Punjab,North,519,731.22,30,2,Complete,Low,754.38,31.6,3.17,1.6,Low
P03387,Solar,Rajasthan,North,76,213.77,19,1,Complete,Low,222.08,19.2,3.89,0.2,Low
P03388,Wind,Maharashtra,West,287,838.01,18,4,Partial,Medium,1026.15,22.7,22.45,4.7,Medium
P03389,Transmission,Andhra Pradesh,South,2550,5239.58,56,7,Partial,Low,5781.68,59.2,10.35,3.2,Medium
P03390,Hydro,Rajasthan,North,2584,12318.32,76,2,Pending,High,15700.67,97.1,27.46,21.1,High
P03391,Hydro,Madhya Pradesh,Central,3398,18109.85,51,7,Complete,Medium,19517.06,55.1,7.77,4.1,Medium
P03392,Solar,Haryana,North,1124,2523.56,34,7,Complete,Low,2567.91,35.0,1.76,1.0,Low
P03393,Wind,Karnataka,South,364,929.21,35,3,Partial,Low,1022.74,43.6,10.07,8.6,Medium
P03394,Wind,Haryana,North,836,2314.87,24,9,Pending,High,3374.23,50.0,45.76,26.0,High
P03395,Wind,Haryana,North,457,1077.88,21,2,Complete,Medium,1170.55,25.7,8.6,4.7,Medium
P03396,Solar,Madhya Pradesh,Central,280,842.26,15,9,Complete,Medium,946.31,21.8,12.35,6.8,Medium
P03397,Transmission,Haryana,North,1390,2034.01,17,6,Complete,Medium,2139.99,21.2,5.21,4.2,Medium
P03398,Wind,Tamil Nadu,South,317,449.52,26,2,Partial,Low,530.04,30.9,17.91,4.9,Medium
P03399,Thermal,Andhra Pradesh,South,2328,13669.69,38,4,Partial,Medium,16309.66,47.8,19.31,9.8,High
P03400,Solar,Maharashtra,West,570,1446.4,35,8,Complete,Low,1521.56,37.5,5.2,2.5,Low
P03401,Wind,Gujarat,West,305,660.71,17,7,Pending,Medium,840.75,27.1,27.25,10.1,High
P03402,Transmission,Punjab,North,2038,4731.79,31,3,Partial,High,6473.6,41.3,36.81,10.3,High
P03403,Hydro,Punjab,North,1220,5816.46,70,2,Complete,Medium,6270.86,73.9,7.81,3.9,Medium
P03404,Transmission,Andhra Pradesh,South,1073,1096.12,40,2,Complete,High,1298.02,50.1,18.42,10.1,High
P03405,Transmission,Gujarat,West,381,717.7,42,10,Pending,High,956.1,72.1,33.22,30.1,High
P03406,Hydro,Andhra Pradesh,South,2003,6949.6,80,8,Complete,Medium,8212.13,88.6,18.17,8.6,Medium
P03407,Hydro,Gujarat,West,879,6627.8,51,5,Pending,Low,7401.28,64.3,11.67,13.3,High
P03408,Transmission,Madhya Pradesh,Central,1682,1810.21,44,10,Pending,High,2492.79,63.2,37.71,19.2,High
P03409,Thermal,Gujarat,West,3651,16558.66,74,9,Pending,Medium,22863.47,92.6,38.08,18.6,High
P03410,Thermal,Tamil Nadu,South,776,2838.56,61,2,Complete,High,3271.54,73.5,15.25,12.5,High
P03411,Wind,Karnataka,South,295,362.8,22,5,Complete,High,402.16,34.0,10.85,12.0,High
P03412,Transmission,Gujarat,West,1683,2730.75,18,4,Pending,Medium,3459.89,28.7,26.7,10.7,High
P03413,Hydro,Maharashtra,West,1645,6992.49,84,8,Partial,Low,8411.21,96.4,20.29,12.4,High
P03414,Hydro,Madhya Pradesh,Central,3506,20014.28,79,5,Complete,Medium,21403.01,84.1,6.94,5.1,Medium
P03415,Solar,Madhya Pradesh,Central,312,653.71,29,1,Complete,Low,683.91,30.2,4.62,1.2,Low
P03416,Hydro,Madhya Pradesh,Central,2046,16328.38,40,8,Pending,High,22809.29,61.7,39.69,21.7,High
P03417,Hydro,Gujarat,West,1197,6787.03,113,9,Complete,Low,7062.59,115.1,4.06,2.1,Low
P03418,Thermal,Maharashtra,West,561,2782.14,86,5,Partial,Medium,3286.42,93.3,18.13,7.3,Medium
P03419,Wind,Madhya Pradesh,Central,303,860.47,29,1,Partial,High,1078.43,35.6,25.33,6.6,High
P03420,Hydro,Haryana,North,406,1842.02,54,9,Complete,Medium,2021.48,57.4,9.74,3.4,Medium
P03421,Solar,Uttar Pradesh,North,299,825.98,20,7,Partial,Low,921.35,29.1,11.55,9.1,High
P03422,Hydro,Tamil Nadu,South,3016,23815.5,84,8,Complete,Low,25369.11,87.8,6.52,3.8,Medium
P03423,Solar,Madhya Pradesh,Central,400,941.36,43,6,Complete,High,1144.5,54.5,21.58,11.5,High
P03424,Transmission,Andhra Pradesh,South,630,1542.22,52,8,Pending,Medium,2001.64,72.2,29.79,20.2,High
P03425,Wind,Rajasthan,North,135,349.63,33,10,Complete,Medium,387.43,40.9,10.81,7.9,Medium
P03426,Transmission,Karnataka,South,1084,2687.06,35,3,Complete,High,3160.79,46.5,17.63,11.5,High
P03427,Transmission,Haryana,North,1027,2182.01,54,1,Complete,Medium,2321.29,56.8,6.38,2.8,Low
P03428,Hydro,Madhya Pradesh,Central,300,1659.09,115,9,Complete,High,1989.09,122.4,19.89,7.4,Medium
P03429,Transmission,Karnataka,South,2226,4220.68,34,5,Complete,Medium,4421.31,38.3,4.75,4.3,Medium
P03430,Wind,Karnataka,South,508,1306.06,27,10,Partial,High,1842.62,47.7,41.08,20.7,High
P03431,Solar,Haryana,North,1470,3908.68,47,6,Partial,Medium,4426.62,51.5,13.25,4.5,Medium
P03432,Solar,Haryana,North,283,496.23,38,1,Partial,Low,531.9,42.4,7.19,4.4,Medium
P03433,Solar,Andhra Pradesh,South,667,1840.66,36,1,Partial,Medium,2086.19,47.1,13.34,11.1,High
P03434,Hydro,Andhra Pradesh,South,2337,9913.27,70,8,Complete,Medium,11287.6,79.4,13.86,9.4,High
P03435,Hydro,Uttar Pradesh,North,2620,10335.93,60,2,Partial,Low,11841.82,66.6,14.57,6.6,Medium
P03436,Solar,Rajasthan,North,994,3329.54,46,10,Pending,Low,4333.33,62.0,30.15,16.0,High
P03437,Transmission,Gujarat,West,2910,4481.95,59,9,Partial,Low,5212.32,69.9,16.3,10.9,High
P03438,Thermal,Maharashtra,West,2074,8089.38,82,7,Partial,High,10720.83,92.3,32.53,10.3,High
P03439,Solar,Andhra Pradesh,South,83,250.1,33,4,Complete,Medium,275.29,38.1,10.07,5.1,Medium
P03440,Solar,Rajasthan,North,336,966.54,33,2,Complete,Medium,1022.47,36.1,5.79,3.1,Medium
P03441,Solar,Madhya Pradesh,Central,627,1134.55,38,5,Complete,Low,1140.61,38.8,0.53,0.8,Low
P03442,Solar,Andhra Pradesh,South,812,1698.32,36,3,Pending,Low,2045.89,47.9,20.47,11.9,High
P03443,Hydro,Gujarat,West,708,2486.96,46,6,Pending,High,3024.49,59.9,21.61,13.9,High
P03444,Hydro,Gujarat,West,2548,8445.62,88,7,Complete,Low,8775.45,88.1,3.91,0.1,Low
P03445,Transmission,Rajasthan,North,2234,3631.74,32,7,Partial,Medium,4358.68,38.6,20.02,6.6,Medium
P03446,Wind,Madhya Pradesh,Central,645,1912.52,33,3,Partial,Low,2067.09,39.0,8.08,6.0,Medium
P03447,Transmission,Punjab,North,844,1498.38,53,7,Complete,Low,1538.87,53.9,2.7,0.9,Low
P03448,Solar,Madhya Pradesh,Central,518,858.23,34,9,Complete,Low,930.38,39.3,8.41,5.3,Medium
P03449,Hydro,Karnataka,South,3406,13849.33,96,10,Complete,Medium,16734.42,105.1,20.83,9.1,High
P03450,Thermal,Uttar Pradesh,North,1004,3818.11,61,2,Complete,Medium,4007.56,65.3,4.96,4.3,Medium
P03451,Hydro,Andhra Pradesh,South,358,1304.97,117,9,Complete,Medium,1506.37,124.6,15.43,7.6,Medium
P03452,Transmission,Uttar Pradesh,North,2703,4616.67,34,4,Complete,Low,4705.51,35.8,1.92,1.8,Low
P03453,Wind,Madhya Pradesh,Central,343,865.99,29,4,Complete,High,1067.6,38.4,23.28,9.4,High
P03454,Solar,Gujarat,West,1485,2485.13,15,7,Complete,Low,2505.4,15.7,0.82,0.7,Low
P03455,Solar,Gujarat,West,284,527.22,14,9,Complete,Low,562.03,18.5,6.6,4.5,Medium
P03456,Wind,Karnataka,South,883,2617.62,21,1,Partial,High,3542.01,30.8,35.31,9.8,High
P03457,Thermal,Andhra Pradesh,South,2982,9669.69,60,3,Partial,Low,10321.57,64.7,6.74,4.7,Medium
P03458,Hydro,Tamil Nadu,South,2992,17044.56,118,3,Pending,Low,21226.9,131.2,24.54,13.2,High
P03459,Thermal,Haryana,North,2954,14738.5,80,8,Partial,Medium,16878.16,86.8,14.52,6.8,Medium
P03460,Solar,Madhya Pradesh,Central,540,1331.39,33,8,Complete,Low,1426.15,38.9,7.12,5.9,Medium
P03461,Solar,Andhra Pradesh,South,1435,4493.95,22,2,Partial,High,5726.07,38.8,27.42,16.8,High
P03462,Solar,Rajasthan,North,453,1417.73,15,6,Partial,Low,1557.82,20.8,9.88,5.8,Medium
P03463,Hydro,Gujarat,West,2096,6915.19,117,5,Partial,Medium,8187.59,126.3,18.4,9.3,High
P03464,Thermal,Haryana,North,2553,7875.85,84,6,Complete,High,9317.75,92.4,18.31,8.4,Medium
P03465,Wind,Gujarat,West,95,139.78,26,6,Complete,Medium,150.44,31.2,7.63,5.2,Medium
P03466,Thermal,Andhra Pradesh,South,4090,12864.17,59,6,Complete,Medium,13554.03,63.3,5.36,4.3,Medium
P03467,Transmission,Punjab,North,2817,3082.78,30,6,Complete,Low,3222.22,31.6,4.52,1.6,Low
P03468,Transmission,Maharashtra,West,1304,1705.34,42,9,Pending,Medium,2391.12,58.3,40.21,16.3,High
P03469,Hydro,Karnataka,South,1808,10753.27,78,4,Pending,Low,12573.21,95.2,16.92,17.2,High
P03470,Hydro,Rajasthan,North,3797,11462.87,97,6,Complete,Low,11607.07,98.9,1.26,1.9,Low
P03471,Hydro,Madhya Pradesh,Central,2710,18198.28,115,3,Partial,Medium,21743.98,126.0,19.48,11.0,High
P03472,Thermal,Madhya Pradesh,Central,2213,6373.36,84,9,Partial,High,8703.73,101.3,36.56,17.3,High
P03473,Wind,Tamil Nadu,South,622,881.05,21,10,Pending,Low,1082.34,42.9,22.85,21.9,High
P03474,Solar,Maharashtra,West,216,728.54,17,4,Complete,Low,759.22,17.2,4.21,0.2,Low
P03475,Wind,Punjab,North,426,1038.22,16,7,Complete,Low,1047.02,17.2,0.85,1.2,Low
P03476,Thermal,Maharashtra,West,1771,6674.14,60,5,Complete,Medium,7188.05,62.3,7.7,2.3,Low
P03477,Wind,Tamil Nadu,South,224,555.12,20,5,Partial,Low,599.01,26.8,7.91,6.8,Medium
P03478,Solar,Punjab,North,224,613.83,19,1,Complete,Low,623.24,20.3,1.53,1.3,Low
P03479,Hydro,Andhra Pradesh,South,734,2484.72,101,1,Partial,High,3103.9,118.4,24.92,17.4,High
P03480,Hydro,Rajasthan,North,2454,13096.88,109,5,Complete,Medium,14271.38,111.4,8.97,2.4,Low
P03481,Wind,Rajasthan,North,898,1459.1,14,2,Complete,Low,1529.68,15.3,4.84,1.3,Low
P03482,Solar,Gujarat,West,1272,2377.71,30,4,Complete,Low,2457.97,30.8,3.38,0.8,Low
P03483,Transmission,Karnataka,South,2549,5055.0,48,6,Pending,Low,6496.15,57.4,28.51,9.4,High
P03484,Transmission,Madhya Pradesh,Central,1745,2474.77,54,5,Pending,Medium,3191.21,63.7,28.95,9.7,High
P03485,Wind,Karnataka,South,557,952.4,17,9,Complete,High,1144.62,31.5,20.18,14.5,High
P03486,Transmission,Andhra Pradesh,South,1349,3062.36,30,3,Partial,Low,3595.63,39.0,17.41,9.0,Medium
P03487,Solar,Karnataka,South,1064,2893.1,38,1,Pending,Low,3322.77,56.6,14.85,18.6,High
P03488,Wind,Andhra Pradesh,South,838,1568.4,17,3,Complete,High,1690.59,22.0,7.79,5.0,Medium
P03489,Wind,Andhra Pradesh,South,872,1633.76,25,9,Complete,Low,1750.1,29.7,7.12,4.7,Medium
P03490,Hydro,Haryana,North,3381,20650.65,106,4,Complete,Medium,22126.64,109.8,7.15,3.8,Medium
P03491,Thermal,Gujarat,West,1962,6573.01,36,8,Pending,High,9323.72,56.7,41.85,20.7,High
P03492,Hydro,Uttar Pradesh,North,1971,13778.53,51,4,Partial,Medium,16140.69,59.7,17.14,8.7,Medium
P03493,Wind,Punjab,North,703,1323.03,24,5,Partial,Low,1492.99,31.0,12.85,7.0,Medium
P03494,Transmission,Uttar Pradesh,North,2282,2316.0,48,4,Complete,Low,2329.77,49.9,0.59,1.9,Low
P03495,Hydro,Tamil Nadu,South,1561,7077.89,115,3,Partial,High,8888.66,134.1,25.58,19.1,High
P03496,Solar,Karnataka,South,197,502.34,28,10,Complete,Medium,572.54,32.6,13.97,4.6,Medium
P03497,Thermal,Uttar Pradesh,North,1845,11094.6,61,5,Complete,Low,11247.5,63.0,1.38,2.0,Low
P03498,Thermal,Tamil Nadu,South,4684,19793.04,78,3,Complete,Medium,21410.93,81.3,8.17,3.3,Medium
P03499,Solar,Karnataka,South,532,945.4,31,3,Complete,High,1070.83,35.6,13.27,4.6,Medium
P03500,Hydro,Andhra Pradesh,South,2392,7619.85,60,2,Complete,Low,7873.51,60.0,3.33,0.0,Low
P03501,Hydro,Madhya Pradesh,Central,1723,13341.73,60,7,Complete,Low,13515.34,60.2,1.3,0.2,Low
P03502,Transmission,Maharashtra,West,1671,3824.47,29,4,Complete,Low,3847.14,30.7,0.59,1.7,Low
P03503,Transmission,Tamil Nadu,South,2366,4630.86,55,6,Complete,Low,4837.23,55.7,4.46,0.7,Low
P03504,Solar,Gujarat,West,1127,2675.07,42,6,Partial,Medium,3251.22,50.0,21.54,8.0,Medium
P03505,Solar,Karnataka,South,1215,2241.27,15,10,Partial,Low,2798.03,22.6,24.84,7.6,Medium
P03506,Wind,Gujarat,West,215,357.5,16,9,Partial,Medium,455.55,28.6,27.43,12.6,High
P03507,Hydro,Tamil Nadu,South,3657,24742.5,101,8,Pending,Medium,31768.15,115.6,28.4,14.6,High
P03508,Wind,Tamil Nadu,South,522,1312.03,15,10,Complete,High,1481.96,23.6,12.95,8.6,Medium
P03509,Transmission,Uttar Pradesh,North,2235,4564.18,24,10,Complete,High,5396.31,32.2,18.23,8.2,Medium
P03510,Solar,Andhra Pradesh,South,782,2033.56,20,4,Partial,Medium,2500.5,31.6,22.96,11.6,High
P03511,Transmission,Madhya Pradesh,Central,2774,5954.88,59,9,Complete,Medium,6654.03,69.8,11.74,10.8,High
P03512,Hydro,Rajasthan,North,168,1294.03,84,10,Complete,High,1501.21,102.1,16.01,18.1,High
P03513,Hydro,Punjab,North,2496,8859.38,106,6,Complete,Low,8965.35,107.3,1.2,1.3,Low
P03514,Thermal,Rajasthan,North,522,3055.05,51,7,Complete,Low,3119.05,51.7,2.09,0.7,Low
P03515,Thermal,Rajasthan,North,2202,5896.68,71,8,Complete,Medium,6560.39,77.4,11.26,6.4,Medium
P03516,Wind,Rajasthan,North,727,1433.12,27,5,Partial,Medium,1616.3,34.6,12.78,7.6,Medium
P03517,Solar,Maharashtra,West,681,1970.28,46,10,Partial,Low,2332.79,58.4,18.4,12.4,High
P03518,Hydro,Andhra Pradesh,South,1790,13404.95,114,10,Complete,High,16103.5,122.2,20.13,8.2,Medium
P03519,Transmission,Madhya Pradesh,Central,2177,2919.23,12,6,Partial,High,3630.73,25.5,24.37,13.5,High
P03520,Thermal,Rajasthan,North,779,4155.56,92,2,Pending,Medium,5741.65,113.0,38.17,21.0,High
P03521,Thermal,Andhra Pradesh,South,2356,6723.77,71,3,Pending,High,9096.69,99.8,35.29,28.8,High
P03522,Thermal,Karnataka,South,3794,18278.29,38,2,Pending,Medium,23840.37,48.1,30.43,10.1,High
P03523,Thermal,Karnataka,South,2916,10918.95,86,10,Complete,Medium,12773.82,89.4,16.99,3.4,Medium
P03524,Solar,Rajasthan,North,1152,3028.78,26,7,Partial,Low,3505.15,30.6,15.73,4.6,Medium
P03525,Hydro,Punjab,North,2455,17763.03,83,1,Partial,Medium,19896.49,89.8,12.01,6.8,Medium
P03526,Wind,Punjab,North,868,2170.37,26,10,Partial,High,3005.72,45.3,38.49,19.3,High
P03527,Thermal,Rajasthan,North,1888,10160.99,59,9,Pending,Medium,13281.12,81.6,30.71,22.6,High
P03528,Wind,Gujarat,West,983,2919.8,16,5,Pending,Medium,3571.08,29.1,22.31,13.1,High
P03529,Solar,Uttar Pradesh,North,644,1817.77,43,2,Complete,High,2040.0,53.8,12.23,10.8,High
P03530,Thermal,Tamil Nadu,South,3181,8134.15,92,1,Partial,Medium,9999.51,100.9,22.93,8.9,Medium
P03531,Thermal,Tamil Nadu,South,679,2037.81,44,1,Pending,Medium,2759.78,57.0,35.43,13.0,High
P03532,Transmission,Gujarat,West,1590,2143.14,25,9,Partial,Low,2464.75,35.8,15.01,10.8,High
P03533,Solar,Rajasthan,North,1011,3512.17,28,4,Complete,Medium,3698.29,31.4,5.3,3.4,Medium
P03534,Solar,Uttar Pradesh,North,1008,2209.71,20,9,Complete,High,2811.42,36.7,27.23,16.7,High
P03535,Thermal,Karnataka,South,2501,8830.3,84,4,Partial,High,10964.05,97.0,24.16,13.0,High
P03536,Wind,Madhya Pradesh,Central,105,183.85,33,9,Complete,High,206.56,47.7,12.35,14.7,High
P03537,Solar,Uttar Pradesh,North,1383,3681.75,21,5,Partial,High,4661.8,28.8,26.62,7.8,High
P03538,Solar,Uttar Pradesh,North,478,1352.26,13,1,Complete,Medium,1505.01,16.5,11.3,3.5,Medium
P03539,Transmission,Madhya Pradesh,Central,2279,5304.01,21,3,Partial,Low,6006.8,25.0,13.25,4.0,Medium
P03540,Transmission,Punjab,North,2683,3183.81,21,3,Partial,Low,3602.41,25.8,13.15,4.8,Medium
P03541,Thermal,Punjab,North,3631,14622.61,39,6,Partial,Low,15888.0,45.9,8.65,6.9,Medium
P03542,Transmission,Punjab,North,600,776.49,57,5,Complete,Low,795.07,57.7,2.39,0.7,Low
P03543,Hydro,Uttar Pradesh,North,3269,13078.21,92,10,Complete,Medium,14912.94,97.9,14.03,5.9,Medium
P03544,Solar,Karnataka,South,1101,2781.51,13,1,Complete,Medium,3038.15,15.5,9.23,2.5,Low
P03545,Transmission,Haryana,North,2623,5056.74,53,7,Complete,Low,5138.97,54.9,1.63,1.9,Low
P03546,Wind,Madhya Pradesh,Central,994,1843.06,24,3,Pending,Low,2316.08,40.9,25.66,16.9,High
P03547,Transmission,Rajasthan,North,1469,1828.9,43,2,Partial,Medium,2178.08,48.0,19.09,5.0,Medium
P03548,Solar,Karnataka,South,1262,3274.35,14,7,Partial,High,4127.52,25.5,26.06,11.5,High
P03549,Thermal,Uttar Pradesh,North,4122,20604.39,93,9,Complete,High,24464.85,107.6,18.74,14.6,High
P03550,Hydro,Tamil Nadu,South,2790,10036.83,44,4,Partial,Medium,11908.63,54.6,18.65,10.6,High
P03551,Hydro,Punjab,North,1649,11465.38,112,1,Partial,Medium,13315.95,123.6,16.14,11.6,High
P03552,Thermal,Maharashtra,West,2613,12291.95,64,3,Partial,Medium,15210.36,76.3,23.74,12.3,High
P03553,Wind,Gujarat,West,966,2016.57,13,8,Pending,Medium,2621.57,24.9,30.0,11.9,High
P03554,Solar,Punjab,North,1417,4654.11,46,9,Complete,Medium,5106.36,54.0,9.72,8.0,Medium
P03555,Solar,Tamil Nadu,South,591,1069.5,33,6,Complete,Medium,1128.25,37.1,5.49,4.1,Medium
P03556,Thermal,Tamil Nadu,South,684,3436.36,93,9,Complete,Medium,3826.97,97.8,11.37,4.8,Medium
P03557,Transmission,Punjab,North,1709,3175.91,59,1,Partial,Medium,3959.85,72.0,24.68,13.0,High
P03558,Wind,Karnataka,South,694,1218.23,28,1,Complete,Medium,1302.99,32.3,6.96,4.3,Medium
P03559,Transmission,Uttar Pradesh,North,2999,3731.61,31,9,Partial,High,4926.21,51.0,32.01,20.0,High
P03560,Transmission,Rajasthan,North,1700,1704.7,50,3,Complete,Medium,1833.51,52.5,7.56,2.5,Low
P03561,Wind,Tamil Nadu,South,273,706.63,31,3,Partial,Medium,794.66,36.4,12.46,5.4,Medium
P03562,Hydro,Punjab,North,464,2900.26,107,4,Partial,High,3718.33,115.4,28.21,8.4,High
P03563,Hydro,Punjab,North,3875,29414.71,50,4,Pending,Medium,36147.29,60.9,22.89,10.9,High
P03564,Wind,Gujarat,West,113,295.57,35,5,Partial,Low,318.91,41.4,7.9,6.4,Medium
P03565,Thermal,Tamil Nadu,South,1088,5355.13,66,10,Complete,Low,5626.8,71.4,5.07,5.4,Medium
P03566,Solar,Gujarat,West,552,1913.89,44,10,Pending,High,2918.86,64.9,52.51,20.9,High
P03567,Solar,Andhra Pradesh,South,920,1570.31,31,6,Complete,Medium,1663.9,33.3,5.96,2.3,Low
P03568,Transmission,Maharashtra,West,2556,4890.48,16,3,Partial,Medium,5740.62,23.1,17.38,7.1,Medium
P03569,Hydro,Gujarat,West,3827,29957.61,110,7,Complete,Low,30779.15,111.8,2.74,1.8,Low
P03570,Hydro,Tamil Nadu,South,2465,8825.81,76,6,Complete,Low,9045.92,76.4,2.49,0.4,Low
P03571,Thermal,Maharashtra,West,2737,17651.32,89,6,Complete,Medium,18842.85,93.5,6.75,4.5,Medium
P03572,Hydro,Rajasthan,North,1776,5593.82,63,5,Complete,Medium,6057.44,66.3,8.29,3.3,Medium
P03573,Wind,Karnataka,South,119,255.91,31,6,Partial,Low,294.82,38.3,15.2,7.3,Medium
P03574,Hydro,Maharashtra,West,1363,9694.76,65,6,Pending,High,13736.68,94.1,41.69,29.1,High
P03575,Solar,Karnataka,South,495,1067.85,22,4,Complete,Medium,1134.85,25.0,6.27,3.0,Medium
P03576,Transmission,Andhra Pradesh,South,1476,2627.68,50,8,Complete,Medium,2826.67,60.0,7.57,10.0,High
P03577,Wind,Haryana,North,994,1240.77,15,7,Partial,High,1634.72,28.6,31.75,13.6,High
P03578,Transmission,Tamil Nadu,South,2089,2246.95,50,3,Complete,High,2710.88,56.7,20.65,6.7,Medium
P03579,Hydro,Tamil Nadu,South,1446,11245.99,115,10,Complete,High,12844.43,122.4,14.21,7.4,Medium
P03580,Transmission,Gujarat,West,2515,5255.13,40,5,Partial,Medium,6240.48,45.7,18.75,5.7,Medium
P03581,Transmission,Karnataka,South,1950,2287.36,23,6,Pending,High,3140.59,48.7,37.3,25.7,High
P03582,Solar,Andhra Pradesh,South,655,2108.97,19,1,Complete,Low,2174.23,20.5,3.09,1.5,Low
P03583,Thermal,Punjab,North,2322,12307.18,68,8,Complete,Medium,14467.19,73.8,17.55,5.8,Medium
P03584,Thermal,Uttar Pradesh,North,3205,19880.11,95,10,Complete,Medium,22331.24,105.7,12.33,10.7,High
P03585,Transmission,Karnataka,South,1461,1581.03,50,7,Partial,Low,1840.15,55.2,16.39,5.2,Medium
P03586,Transmission,Uttar Pradesh,North,201,429.12,40,8,Complete,Medium,500.73,47.4,16.69,7.4,Medium
P03587,Wind,Maharashtra,West,697,1103.27,20,8,Partial,Low,1368.5,30.9,24.04,10.9,High
P03588,Wind,Andhra Pradesh,South,558,1335.01,12,9,Complete,High,1733.92,26.0,29.88,14.0,High
P03589,Wind,Tamil Nadu,South,666,1741.81,35,9,Complete,High,2182.69,46.4,25.31,11.4,High
P03590,Transmission,Rajasthan,North,1318,2574.78,41,10,Complete,Medium,2940.74,44.6,14.21,3.6,Medium
P03591,Thermal,Gujarat,West,4543,21375.87,39,5,Complete,Medium,23088.0,44.4,8.01,5.4,Medium
P03592,Solar,Maharashtra,West,1473,4008.11,22,4,Partial,High,4663.42,43.0,16.35,21.0,High
P03593,Solar,Madhya Pradesh,Central,557,1286.83,31,10,Partial,Medium,1569.6,43.5,21.97,12.5,High
P03594,Wind,Uttar Pradesh,North,462,1309.17,20,8,Partial,Medium,1713.45,34.0,30.88,14.0,High
P03595,Thermal,Punjab,North,3161,11563.75,83,2,Complete,Medium,12363.89,87.6,6.92,4.6,Medium
P03596,Solar,Maharashtra,West,926,2774.57,19,7,Complete,Medium,3046.4,21.1,9.8,2.1,Low
P03597,Transmission,Andhra Pradesh,South,1343,1626.97,54,10,Complete,High,1846.28,63.7,13.48,9.7,High
P03598,Thermal,Punjab,North,3983,14098.06,52,4,Complete,High,16413.54,64.1,16.42,12.1,High
P03599,Transmission,Haryana,North,2737,6248.17,46,6,Partial,Medium,7341.9,57.2,17.5,11.2,High
P03600,Solar,Rajasthan,North,682,1609.24,21,5,Complete,Medium,1725.43,24.2,7.22,3.2,Medium
P03601,Wind,Karnataka,South,434,821.01,28,5,Partial,Low,915.13,35.2,11.46,7.2,Medium
P03602,Hydro,Karnataka,South,2904,23042.54,74,2,Complete,Low,23388.8,74.4,1.5,0.4,Low
P03603,Transmission,Uttar Pradesh,North,599,847.47,25,9,Complete,Low,922.98,31.7,8.91,6.7,Medium
P03604,Solar,Andhra Pradesh,South,404,637.77,46,3,Pending,Low,805.67,64.3,26.33,18.3,High
P03605,Wind,Maharashtra,West,828,1267.39,13,3,Complete,Medium,1388.29,18.3,9.54,5.3,Medium
P03606,Transmission,Maharashtra,West,2806,6942.61,41,3,Complete,Low,7033.3,41.2,1.31,0.2,Low
P03607,Solar,Andhra Pradesh,South,741,1298.67,31,3,Partial,High,1682.6,40.7,29.56,9.7,High
P03608,Solar,Rajasthan,North,130,392.71,38,7,Partial,Medium,458.96,46.2,16.87,8.2,Medium
P03609,Hydro,Haryana,North,246,1406.8,46,8,Complete,Medium,1609.6,54.5,14.42,8.5,Medium
P03610,Solar,Andhra Pradesh,South,1035,2296.12,21,7,Pending,Medium,3115.32,32.9,35.68,11.9,High
P03611,Solar,Rajasthan,North,385,699.66,34,5,Partial,Low,773.22,41.4,10.51,7.4,Medium
P03612,Solar,Tamil Nadu,South,283,535.25,33,1,Complete,Medium,583.43,36.3,9.0,3.3,Medium
P03613,Solar,Gujarat,West,482,1159.32,25,6,Complete,Medium,1267.25,28.9,9.31,3.9,Medium
P03614,Wind,Punjab,North,348,948.6,34,10,Partial,Medium,1263.34,50.8,33.18,16.8,High
P03615,Thermal,Tamil Nadu,South,2214,7777.3,68,9,Complete,Medium,8999.33,78.2,15.71,10.2,High
P03616,Thermal,Karnataka,South,4082,14091.53,44,3,Partial,High,17531.71,55.6,24.41,11.6,High
P03617,Wind,Karnataka,South,308,834.63,20,2,Partial,High,1035.53,35.1,24.07,15.1,High
P03618,Thermal,Maharashtra,West,4195,16482.86,55,10,Partial,Medium,20083.32,69.1,21.84,14.1,High
P03619,Wind,Gujarat,West,814,1482.9,31,4,Partial,Low,1686.59,40.0,13.74,9.0,Medium
P03620,Wind,Punjab,North,294,640.79,27,9,Complete,Medium,707.78,34.2,10.45,7.2,Medium
P03621,Transmission,Karnataka,South,1851,2123.44,52,6,Complete,High,2389.72,57.7,12.54,5.7,Medium
P03622,Hydro,Punjab,North,2064,9670.42,98,9,Partial,High,13186.52,115.1,36.36,17.1,High
P03623,Solar,Karnataka,South,1405,4778.32,35,8,Partial,Low,5757.78,41.0,20.5,6.0,Medium
P03624,Hydro,Haryana,North,3372,11111.02,96,3,Partial,High,14691.89,112.4,32.23,16.4,High
P03625,Thermal,Madhya Pradesh,Central,1302,5808.59,72,7,Partial,Low,6619.6,79.5,13.96,7.5,Medium
P03626,Hydro,Karnataka,South,3412,12156.7,82,7,Partial,Low,13904.48,87.7,14.38,5.7,Medium
P03627,Hydro,Maharashtra,West,549,3918.82,61,6,Complete,Medium,4173.16,63.9,6.49,2.9,Low
P03628,Thermal,Haryana,North,3718,17285.55,44,9,Pending,Medium,22404.58,67.4,29.61,23.4,High
P03629,Wind,Uttar Pradesh,North,358,840.77,12,7,Pending,Medium,1131.36,32.0,34.56,20.0,High
P03630,Wind,Haryana,North,433,1297.49,35,7,Complete,Medium,1433.58,36.7,10.49,1.7,Medium
P03631,Transmission,Gujarat,West,1269,1874.69,32,3,Partial,High,2415.3,48.5,28.84,16.5,High
P03632,Wind,Uttar Pradesh,North,307,905.19,15,4,Complete,Medium,976.25,18.0,7.85,3.0,Medium
P03633,Transmission,Karnataka,South,1148,2845.48,45,7,Complete,Low,2875.82,46.1,1.07,1.1,Low
P03634,Transmission,Andhra Pradesh,South,300,707.98,31,7,Complete,High,823.91,38.5,16.37,7.5,Medium
P03635,Thermal,Madhya Pradesh,Central,4045,18665.1,49,8,Pending,High,26194.81,77.8,40.34,28.8,High
P03636,Thermal,Andhra Pradesh,South,3145,10940.5,77,7,Partial,Medium,12775.58,83.4,16.77,6.4,Medium
P03637,Thermal,Uttar Pradesh,North,971,5447.65,80,6,Complete,Medium,5867.84,83.9,7.71,3.9,Medium
P03638,Hydro,Punjab,North,1607,6060.57,119,8,Complete,High,7727.93,130.6,27.51,11.6,High
P03639,Solar,Gujarat,West,1156,2154.4,21,9,Complete,High,2639.33,30.6,22.51,9.6,High
P03640,Hydro,Tamil Nadu,South,3347,15491.3,95,2,Partial,Medium,18169.42,103.7,17.29,8.7,Medium
P03641,Transmission,Tamil Nadu,South,1691,3191.7,45,4,Complete,Low,3213.95,46.1,0.7,1.1,Low
P03642,Solar,Punjab,North,431,980.48,21,10,Complete,Low,1032.3,23.6,5.29,2.6,Low
P03643,Hydro,Uttar Pradesh,North,2759,9107.71,110,8,Complete,Low,9724.42,114.7,6.77,4.7,Medium
P03644,Solar,Andhra Pradesh,South,593,1458.81,15,4,Complete,Medium,1549.05,17.6,6.19,2.6,Low
P03645,Thermal,Karnataka,South,4085,25986.42,70,7,Pending,Low,33330.31,81.1,28.26,11.1,High
P03646,Wind,Andhra Pradesh,South,147,255.3,14,1,Complete,High,297.26,25.9,16.44,11.9,High
P03647,Solar,Andhra Pradesh,South,971,3106.07,13,4,Partial,Low,3614.2,19.0,16.36,6.0,Medium
P03648,Solar,Tamil Nadu,South,289,919.54,40,9,Partial,Low,1067.9,48.7,16.13,8.7,Medium
P03649,Transmission,Andhra Pradesh,South,2339,5414.8,27,2,Partial,Medium,6217.43,32.7,14.82,5.7,Medium
P03650,Wind,Maharashtra,West,944,2645.89,33,7,Pending,Medium,3424.96,49.5,29.44,16.5,High
P03651,Hydro,Andhra Pradesh,South,3148,16371.71,65,5,Complete,Low,16472.55,65.1,0.62,0.1,Low
P03652,Thermal,Madhya Pradesh,Central,1030,4788.45,57,6,Complete,Medium,5190.01,61.9,8.39,4.9,Medium
P03653,Transmission,Karnataka,South,985,1109.64,18,5,Partial,Low,1203.6,25.7,8.47,7.7,Medium
P03654,Hydro,Karnataka,South,1037,8031.94,57,9,Complete,Low,8429.91,62.4,4.95,5.4,Medium
P03655,Solar,Uttar Pradesh,North,607,1412.57,24,4,Partial,Low,1671.14,30.0,18.3,6.0,Medium
P03656,Wind,Andhra Pradesh,South,674,1724.66,33,10,Complete,Medium,2028.19,38.1,17.6,5.1,Medium
P03657,Thermal,Maharashtra,West,1418,7128.64,93,3,Complete,Low,7459.48,94.5,4.64,1.5,Low
P03658,Wind,Andhra Pradesh,South,643,1237.01,32,1,Partial,High,1597.74,45.8,29.16,13.8,High
P03659,Solar,Karnataka,South,1453,4978.95,33,5,Complete,Low,5163.83,33.3,3.71,0.3,Low
P03660,Transmission,Rajasthan,North,1579,2891.14,44,3,Pending,Medium,3528.28,58.9,22.04,14.9,High
P03661,Hydro,Andhra Pradesh,South,2786,16770.38,51,4,Complete,High,18151.41,63.0,8.23,12.0,High
P03662,Hydro,Punjab,North,3667,27682.31,78,1,Complete,Medium,29785.19,81.6,7.6,3.6,Medium
P03663,Hydro,Gujarat,West,1843,9678.14,73,1,Complete,High,11321.03,81.9,16.98,8.9,Medium
P03664,Thermal,Gujarat,West,4906,29835.29,86,5,Pending,Medium,39974.91,98.8,33.99,12.8,High
P03665,Solar,Madhya Pradesh,Central,168,405.76,30,10,Complete,Medium,449.49,38.3,10.78,8.3,Medium
P03666,Hydro,Gujarat,West,1621,9475.21,108,1,Complete,Medium,10482.69,111.4,10.63,3.4,Medium
P03667,Solar,Rajasthan,North,1369,3406.39,24,2,Partial,High,4627.25,33.9,35.84,9.9,High
P03668,Solar,Haryana,North,1164,3962.11,12,10,Partial,Medium,5142.4,19.9,29.79,7.9,High
P03669,Wind,Uttar Pradesh,North,85,251.33,25,2,Pending,High,313.23,52.1,24.63,27.1,High
P03670,Hydro,Punjab,North,563,2441.67,43,7,Pending,Medium,3375.15,61.1,38.23,18.1,High
P03671,Thermal,Haryana,North,3418,19796.17,74,9,Partial,High,24106.57,93.4,21.77,19.4,High
P03672,Transmission,Maharashtra,West,2351,4014.71,45,4,Complete,Medium,4263.84,50.4,6.21,5.4,Medium
P03673,Transmission,Haryana,North,1445,2252.08,40,3,Partial,Medium,2622.59,48.8,16.45,8.8,Medium
P03674,Hydro,Andhra Pradesh,South,216,669.41,61,4,Partial,Low,733.98,65.3,9.65,4.3,Medium
P03675,Solar,Maharashtra,West,1476,4639.45,22,7,Complete,Medium,5043.94,27.2,8.72,5.2,Medium
P03676,Thermal,Punjab,North,1257,6335.46,83,10,Complete,Low,7028.19,88.9,10.93,5.9,Medium
P03677,Wind,Haryana,North,546,1083.04,18,5,Complete,Low,1088.21,19.1,0.48,1.1,Low
P03678,Hydro,Gujarat,West,2068,15294.04,108,4,Partial,Medium,17351.4,115.4,13.45,7.4,Medium
P03679,Transmission,Haryana,North,1049,1865.5,22,3,Complete,Medium,2037.7,23.7,9.23,1.7,Low
P03680,Wind,Uttar Pradesh,North,585,779.78,21,7,Complete,Low,799.17,22.5,2.49,1.5,Low
P03681,Hydro,Tamil Nadu,South,2613,15925.27,114,1,Partial,Medium,18691.3,126.2,17.37,12.2,High
P03682,Hydro,Uttar Pradesh,North,218,1178.0,69,1,Complete,Medium,1228.51,70.4,4.29,1.4,Low
P03683,Hydro,Gujarat,West,2406,11206.85,99,2,Partial,High,13803.01,111.7,23.17,12.7,High
P03684,Hydro,Rajasthan,North,2168,13174.37,72,5,Complete,Low,13783.02,73.7,4.62,1.7,Low
P03685,Hydro,Uttar Pradesh,North,219,868.67,117,7,Partial,Low,1030.31,121.4,18.61,4.4,Medium
P03686,Hydro,Uttar Pradesh,North,3850,15404.19,117,3,Partial,Low,17564.84,124.6,14.03,7.6,Medium
P03687,Solar,Punjab,North,1098,2409.35,47,4,Partial,Low,2675.47,50.1,11.05,3.1,Medium
P03688,Transmission,Karnataka,South,1327,2462.28,37,1,Partial,Medium,2726.31,48.7,10.72,11.7,High
P03689,Transmission,Madhya Pradesh,Central,1279,2715.98,27,9,Complete,Medium,3202.09,33.4,17.9,6.4,Medium
P03690,Hydro,Haryana,North,3760,28893.42,99,3,Partial,High,35575.89,111.1,23.13,12.1,High
P03691,Thermal,Punjab,North,1227,4974.05,58,5,Partial,Medium,5829.75,67.0,17.2,9.0,Medium
P03692,Transmission,Uttar Pradesh,North,1350,2750.23,13,10,Partial,Medium,3349.16,23.6,21.78,10.6,High
P03693,Transmission,Maharashtra,West,1502,2576.09,28,2,Complete,High,2968.47,36.8,15.23,8.8,Medium
P03694,Wind,Punjab,North,424,1111.94,30,9,Partial,Medium,1400.52,42.3,25.95,12.3,High
P03695,Wind,Madhya Pradesh,Central,584,1176.39,20,3,Complete,Medium,1297.28,21.4,10.28,1.4,Medium
P03696,Transmission,Uttar Pradesh,North,1991,2454.15,24,7,Complete,Medium,2546.95,29.0,3.78,5.0,Medium
P03697,Solar,Maharashtra,West,601,1482.35,18,3,Complete,Medium,1565.37,21.6,5.6,3.6,Medium
P03698,Wind,Rajasthan,North,524,643.72,20,7,Complete,High,710.51,31.9,10.38,11.9,High
P03699,Thermal,Rajasthan,North,2020,5986.28,59,2,Complete,Medium,6287.57,61.0,5.03,2.0,Low
P03700,Solar,Andhra Pradesh,South,914,1922.19,26,9,Pending,Medium,2545.61,43.0,32.43,17.0,High
P03701,Thermal,Madhya Pradesh,Central,3350,9481.48,76,9,Complete,Low,10113.3,78.2,6.66,2.2,Low
P03702,Wind,Punjab,North,538,1070.71,35,10,Partial,Medium,1345.56,45.4,25.67,10.4,High
P03703,Transmission,Rajasthan,North,943,2120.59,35,4,Complete,Low,2148.29,36.1,1.31,1.1,Low
P03704,Transmission,Rajasthan,North,1748,2058.19,16,8,Partial,Medium,2396.4,27.6,16.43,11.6,High
P03705,Solar,Andhra Pradesh,South,1240,2607.62,13,4,Complete,Medium,2853.05,16.0,9.41,3.0,Medium
P03706,Transmission,Gujarat,West,1588,3599.07,30,6,Complete,Low,3601.87,31.5,0.08,1.5,Low
P03707,Thermal,Tamil Nadu,South,856,3116.16,46,7,Partial,High,3714.79,57.6,19.21,11.6,High
P03708,Wind,Uttar Pradesh,North,462,1290.36,33,7,Partial,Low,1489.0,41.4,15.39,8.4,Medium
P03709,Hydro,Haryana,North,571,3394.06,63,8,Complete,Medium,3971.86,67.6,17.02,4.6,Medium
P03710,Thermal,Maharashtra,West,2551,10313.2,43,2,Partial,Medium,12079.05,52.2,17.12,9.2,High
P03711,Hydro,Punjab,North,123,663.01,63,9,Partial,Low,767.39,75.9,15.74,12.9,High
P03712,Thermal,Tamil Nadu,South,3199,12135.39,43,2,Complete,Medium,13076.15,47.2,7.75,4.2,Medium
P03713,Transmission,Maharashtra,West,1009,2174.37,36,7,Pending,High,2640.24,60.4,21.43,24.4,High
P03714,Thermal,Haryana,North,988,2478.09,73,10,Complete,Medium,2849.14,76.7,14.97,3.7,Medium
P03715,Solar,Haryana,North,287,744.97,44,8,Partial,Low,891.28,54.1,19.64,10.1,High
P03716,Solar,Maharashtra,West,1161,3620.56,39,7,Complete,High,4167.22,47.1,15.1,8.1,Medium
P03717,Thermal,Uttar Pradesh,North,4133,12750.24,90,6,Complete,Medium,13732.53,91.5,7.7,1.5,Low
P03718,Transmission,Andhra Pradesh,South,135,323.44,13,5,Complete,Medium,357.47,17.7,10.52,4.7,Medium
P03719,Thermal,Punjab,North,4663,22389.81,41,2,Complete,Medium,23576.3,45.4,5.3,4.4,Medium
P03720,Hydro,Tamil Nadu,South,3409,17952.52,54,10,Partial,Low,21935.11,63.4,22.18,9.4,High
P03721,Solar,Punjab,North,557,1660.3,39,2,Partial,Medium,1845.34,48.3,11.14,9.3,High
P03722,Hydro,Rajasthan,North,137,911.83,51,9,Complete,Low,981.92,57.0,7.69,6.0,Medium
P03723,Wind,Haryana,North,560,1190.45,17,6,Partial,High,1377.33,30.3,15.7,13.3,High
P03724,Hydro,Maharashtra,West,1712,12454.73,108,9,Partial,High,17465.9,128.2,40.24,20.2,High
P03725,Hydro,Rajasthan,North,341,1723.13,73,6,Complete,Medium,1939.88,77.1,12.58,4.1,Medium
P03726,Thermal,Rajasthan,North,4664,27344.1,81,7,Complete,High,29041.27,87.6,6.21,6.6,Medium
P03727,Transmission,Andhra Pradesh,South,2025,3831.78,13,7,Partial,Low,4472.52,19.9,16.72,6.9,Medium
P03728,Thermal,Haryana,North,3798,17364.48,82,3,Partial,Low,19188.26,87.6,10.5,5.6,Medium
P03729,Transmission,Gujarat,West,485,527.9,42,4,Partial,Medium,649.27,52.2,22.99,10.2,High
P03730,Wind,Karnataka,South,290,607.02,25,7,Partial,Low,702.43,33.9,15.72,8.9,Medium
P03731,Hydro,Tamil Nadu,South,1673,10576.68,56,8,Partial,Low,12764.82,65.7,20.69,9.7,High
P03732,Transmission,Tamil Nadu,South,2279,3004.45,31,3,Partial,Low,3425.06,36.5,14.0,5.5,Medium
P03733,Wind,Karnataka,South,833,1625.53,29,1,Partial,Medium,1839.37,35.7,13.16,6.7,Medium
P03734,Transmission,Rajasthan,North,286,306.66,48,3,Partial,High,365.51,62.6,19.19,14.6,High
P03735,Hydro,Gujarat,West,2851,11835.64,68,1,Complete,Low,11845.16,69.4,0.08,1.4,Low
P03736,Solar,Andhra Pradesh,South,525,1476.21,47,10,Complete,Medium,1665.59,54.6,12.83,7.6,Medium
P03737,Solar,Uttar Pradesh,North,401,893.73,30,3,Partial,Low,1040.83,34.0,16.46,4.0,Medium
P03738,Thermal,Karnataka,South,4873,16944.62,49,2,Complete,Low,17655.07,50.6,4.19,1.6,Low
P03739,Thermal,Madhya Pradesh,Central,1796,10179.34,50,8,Complete,Low,11293.31,56.1,10.94,6.1,Medium
P03740,Hydro,Tamil Nadu,South,831,3063.14,97,8,Pending,Medium,4242.69,109.7,38.51,12.7,High
P03741,Thermal,Punjab,North,574,3130.31,41,8,Pending,Medium,4352.57,59.3,39.05,18.3,High
P03742,Hydro,Haryana,North,1977,14626.36,46,8,Complete,Medium,16683.53,54.0,14.06,8.0,Medium
P03743,Wind,Karnataka,South,665,1479.5,17,2,Complete,High,1718.51,26.7,16.16,9.7,High
P03744,Solar,Punjab,North,165,281.66,24,5,Complete,Medium,307.83,28.1,9.29,4.1,Medium
P03745,Hydro,Andhra Pradesh,South,1902,9259.97,87,2,Partial,Low,10286.69,91.9,11.09,4.9,Medium
P03746,Solar,Uttar Pradesh,North,275,932.58,21,1,Complete,Low,944.28,22.6,1.25,1.6,Low
P03747,Transmission,Tamil Nadu,South,1860,2618.7,56,9,Pending,Medium,3766.7,78.8,43.84,22.8,High
P03748,Thermal,Tamil Nadu,South,1565,6877.46,63,5,Partial,Low,7633.04,72.3,10.99,9.3,High
P03749,Thermal,Andhra Pradesh,South,972,2860.61,39,4,Partial,Low,3148.03,43.1,10.05,4.1,Medium
P03750,Thermal,Tamil Nadu,South,4314,24055.12,66,9,Partial,Low,27904.53,75.5,16.0,9.5,High
P03751,Solar,Rajasthan,North,715,1180.43,13,6,Complete,Medium,1224.87,17.6,3.76,4.6,Medium
P03752,Solar,Gujarat,West,386,731.79,14,8,Partial,High,939.77,33.4,28.42,19.4,High
P03753,Transmission,Haryana,North,1499,2597.44,14,6,Complete,Medium,2828.06,15.7,8.88,1.7,Low
P03754,Wind,Rajasthan,North,461,1218.9,29,5,Partial,High,1437.56,43.5,17.94,14.5,High
P03755,Wind,Tamil Nadu,South,279,357.32,21,4,Complete,Medium,377.46,23.0,5.64,2.0,Low
P03756,Solar,Uttar Pradesh,North,1181,2691.8,33,10,Partial,Medium,3118.96,43.4,15.87,10.4,High
P03757,Hydro,Tamil Nadu,South,2330,7190.71,74,6,Complete,Medium,7623.52,76.6,6.02,2.6,Low
P03758,Solar,Uttar Pradesh,North,423,1076.87,33,2,Partial,Medium,1300.57,40.7,20.77,7.7,Medium
P03759,Solar,Punjab,North,775,1843.16,30,6,Partial,Medium,2201.21,38.2,19.43,8.2,Medium
P03760,Thermal,Rajasthan,North,884,2873.31,83,1,Complete,High,3229.65,87.9,12.4,4.9,Medium
P03761,Transmission,Maharashtra,West,2942,4567.73,57,6,Pending,Medium,5419.92,74.2,18.66,17.2,High
P03762,Hydro,Punjab,North,111,630.24,101,10,Complete,Low,684.88,105.5,8.67,4.5,Medium
P03763,Hydro,Gujarat,West,2256,18040.08,80,2,Partial,Medium,22179.84,89.2,22.95,9.2,High
P03764,Wind,Tamil Nadu,South,198,386.86,32,5,Partial,Low,437.44,39.3,13.08,7.3,Medium
P03765,Hydro,Madhya Pradesh,Central,2523,16007.25,89,3,Complete,Medium,17558.26,92.8,9.69,3.8,Medium
P03766,Hydro,Rajasthan,North,2137,6617.33,64,5,Partial,Medium,8016.12,72.6,21.14,8.6,Medium
P03767,Wind,Rajasthan,North,914,2268.11,19,7,Complete,Low,2340.92,20.3,3.21,1.3,Low
P03768,Solar,Maharashtra,West,731,2187.53,47,2,Partial,Medium,2432.9,57.3,11.22,10.3,High
P03769,Solar,Karnataka,South,124,379.82,19,9,Partial,Medium,490.83,29.7,29.23,10.7,High
P03770,Solar,Rajasthan,North,1496,3923.24,19,6,Partial,Medium,4646.74,26.9,18.44,7.9,Medium
P03771,Transmission,Karnataka,South,1883,3919.43,12,5,Complete,Medium,4161.09,14.2,6.17,2.2,Low
P03772,Transmission,Gujarat,West,2195,4139.51,43,8,Complete,Medium,4603.08,51.4,11.2,8.4,Medium
P03773,Hydro,Rajasthan,North,3071,15369.53,80,10,Partial,Medium,19492.12,87.7,26.82,7.7,High
P03774,Solar,Andhra Pradesh,South,1148,3691.26,47,1,Complete,High,4098.65,56.7,11.04,9.7,High
P03775,Wind,Uttar Pradesh,North,206,320.89,15,8,Complete,Medium,353.06,19.1,10.02,4.1,Medium
P03776,Solar,Tamil Nadu,South,243,730.38,38,4,Pending,Low,889.29,44.6,21.76,6.6,Medium
P03777,Transmission,Punjab,North,176,196.86,15,2,Partial,Low,221.98,23.9,12.76,8.9,Medium
P03778,Transmission,Andhra Pradesh,South,2806,6522.21,45,6,Partial,High,8376.53,54.3,28.43,9.3,High
P03779,Transmission,Punjab,North,2235,2757.46,28,8,Complete,Medium,3128.37,32.9,13.45,4.9,Medium
P03780,Thermal,Tamil Nadu,South,3083,18204.77,59,4,Pending,Low,21700.37,68.4,19.2,9.4,High
P03781,Solar,Haryana,North,987,2751.71,36,7,Complete,Low,2795.17,37.6,1.58,1.6,Low
P03782,Thermal,Punjab,North,4569,24297.0,51,7,Complete,High,29162.87,59.0,20.03,8.0,Medium
P03783,Hydro,Punjab,North,1469,8328.59,88,6,Complete,Low,8692.84,88.6,4.37,0.6,Low
P03784,Hydro,Rajasthan,North,1760,9103.63,77,9,Complete,High,10569.51,92.3,16.1,15.3,High
P03785,Thermal,Madhya Pradesh,Central,2830,8440.69,67,2,Complete,Medium,9339.29,71.8,10.65,4.8,Medium
P03786,Solar,Maharashtra,West,223,351.49,23,3,Pending,Low,443.64,37.0,26.22,14.0,High
P03787,Transmission,Tamil Nadu,South,1191,1208.0,29,5,Complete,Medium,1315.72,34.6,8.92,5.6,Medium
P03788,Transmission,Karnataka,South,1613,3509.63,12,3,Partial,Low,3859.71,14.9,9.97,2.9,Low
P03789,Thermal,Uttar Pradesh,North,3013,15493.85,67,6,Complete,Medium,17187.56,69.7,10.93,2.7,Medium
P03790,Solar,Haryana,North,71,132.02,23,5,Partial,Medium,154.32,33.9,16.89,10.9,High
P03791,Hydro,Andhra Pradesh,South,434,2264.31,116,2,Pending,Low,2950.89,127.9,30.32,11.9,High
P03792,Thermal,Gujarat,West,3520,9469.27,76,1,Pending,Low,10893.44,83.0,15.04,7.0,Medium
P03793,Hydro,Madhya Pradesh,Central,889,6846.76,64,1,Pending,Medium,9456.42,81.2,38.12,17.2,High
P03794,Thermal,Gujarat,West,4905,18085.86,51,9,Complete,Low,20048.99,56.2,10.85,5.2,Medium
P03795,Transmission,Punjab,North,2339,3936.66,27,7,Pending,Low,5048.01,34.8,28.23,7.8,High
P03796,Wind,Punjab,North,527,1202.35,15,5,Complete,Medium,1303.3,18.1,8.4,3.1,Medium
P03797,Hydro,Maharashtra,West,1012,4599.14,63,9,Complete,Medium,5209.59,73.7,13.27,10.7,High
P03798,Thermal,Madhya Pradesh,Central,1423,5640.81,86,3,Complete,Medium,5876.8,90.5,4.18,4.5,Medium
P03799,Transmission,Tamil Nadu,South,1917,4292.57,25,2,Partial,Low,4722.04,33.7,10.0,8.7,Medium
P03800,Solar,Haryana,North,607,2004.47,21,1,Complete,Medium,2157.11,25.0,7.62,4.0,Medium
P03801,Hydro,Haryana,North,493,2964.66,48,3,Partial,Low,3508.86,54.9,18.36,6.9,Medium
P03802,Hydro,Maharashtra,West,249,1371.78,99,3,Pending,High,1896.14,123.7,38.22,24.7,High
P03803,Solar,Madhya Pradesh,Central,1045,3260.4,24,4,Partial,Medium,3825.72,31.5,17.34,7.5,Medium
P03804,Transmission,Rajasthan,North,1569,3378.37,43,5,Complete,Medium,3604.59,48.1,6.7,5.1,Medium
P03805,Thermal,Gujarat,West,4563,25819.33,71,1,Complete,Medium,27516.33,73.2,6.57,2.2,Low
P03806,Wind,Madhya Pradesh,Central,641,1148.86,34,7,Partial,Low,1305.69,37.7,13.65,3.7,Medium
P03807,Hydro,Rajasthan,North,3838,30217.88,44,8,Pending,Low,41726.23,57.2,38.08,13.2,High
P03808,Solar,Karnataka,South,171,519.34,18,5,Complete,High,594.93,23.7,14.55,5.7,Medium
P03809,Transmission,Punjab,North,549,582.6,50,6,Complete,High,679.04,58.0,16.55,8.0,Medium
P03810,Hydro,Haryana,North,2333,17593.36,37,10,Partial,High,23867.23,60.3,35.66,23.3,High
P03811,Transmission,Uttar Pradesh,North,2059,2555.02,20,9,Complete,Low,2695.75,26.0,5.51,6.0,Medium
P03812,Thermal,Uttar Pradesh,North,1266,5048.25,56,5,Partial,Medium,5857.79,63.1,16.04,7.1,Medium
P03813,Wind,Uttar Pradesh,North,540,651.24,33,6,Partial,Medium,766.26,38.4,17.66,5.4,Medium
P03814,Solar,Karnataka,South,200,577.42,37,8,Complete,High,727.56,49.3,26.0,12.3,High
P03815,Transmission,Tamil Nadu,South,2855,6942.3,49,3,Complete,Medium,7467.36,50.8,7.56,1.8,Low
P03816,Transmission,Karnataka,South,2691,4879.83,28,8,Complete,Low,5222.68,31.1,7.03,3.1,Medium
P03817,Thermal,Tamil Nadu,South,3261,15900.03,36,7,Complete,Medium,16942.61,40.2,6.56,4.2,Medium
P03818,Transmission,Uttar Pradesh,North,2306,4980.26,47,2,Partial,Low,5558.45,51.0,11.61,4.0,Medium
P03819,Solar,Maharashtra,West,983,3424.12,30,7,Pending,Low,3984.18,40.4,16.36,10.4,High
P03820,Wind,Andhra Pradesh,South,795,2122.75,25,9,Partial,Medium,2774.48,38.1,30.7,13.1,High
P03821,Thermal,Andhra Pradesh,South,2464,9213.03,51,6,Complete,High,10306.05,56.2,11.86,5.2,Medium
P03822,Thermal,Uttar Pradesh,North,504,2805.86,64,2,Complete,Medium,3034.98,68.1,8.17,4.1,Medium
P03823,Hydro,Andhra Pradesh,South,3287,19727.84,103,2,Partial,Medium,23469.08,112.1,18.96,9.1,High
P03824,Transmission,Rajasthan,North,620,1257.17,57,10,Partial,Medium,1473.78,71.6,17.23,14.6,High
P03825,Wind,Karnataka,South,936,1825.04,13,1,Complete,Medium,1994.46,15.8,9.28,2.8,Low
P03826,Thermal,Karnataka,South,2364,14421.48,64,1,Complete,Low,14979.89,64.6,3.87,0.6,Low
P03827,Solar,Karnataka,South,540,1622.39,16,7,Complete,Medium,1728.6,21.1,6.55,5.1,Medium
P03828,Transmission,Maharashtra,West,1359,1478.04,44,8,Pending,Low,1782.07,62.8,20.57,18.8,High
P03829,Thermal,Punjab,North,3465,10046.78,68,3,Partial,Medium,12114.15,79.8,20.58,11.8,High
P03830,Solar,Andhra Pradesh,South,102,281.62,41,1,Partial,Low,320.15,48.1,13.68,7.1,Medium
P03831,Wind,Uttar Pradesh,North,909,1991.78,21,5,Partial,High,2529.05,33.5,26.97,12.5,High
P03832,Transmission,Punjab,North,2242,4166.02,51,10,Pending,Medium,5356.97,77.0,28.59,26.0,High
P03833,Hydro,Gujarat,West,3580,23608.99,102,4,Complete,Low,24075.99,102.1,1.98,0.1,Low
P03834,Wind,Tamil Nadu,South,727,2146.54,18,1,Partial,Medium,2562.27,26.1,19.37,8.1,Medium
P03835,Thermal,Uttar Pradesh,North,4665,15424.59,89,9,Partial,Medium,18939.7,102.6,22.79,13.6,High
P03836,Solar,Madhya Pradesh,Central,87,168.38,41,6,Partial,High,209.58,53.2,24.47,12.2,High
P03837,Hydro,Uttar Pradesh,North,1411,9795.87,93,5,Complete,High,10978.84,98.6,12.08,5.6,Medium
P03838,Thermal,Punjab,North,1363,4400.61,38,9,Complete,Low,4766.63,44.1,8.32,6.1,Medium
P03839,Solar,Uttar Pradesh,North,403,1021.21,47,9,Complete,Low,1165.21,49.6,14.1,2.6,Medium
P03840,Transmission,Maharashtra,West,1402,2375.16,26,7,Partial,Medium,2708.21,31.8,14.02,5.8,Medium
P03841,Wind,Punjab,North,679,1345.14,29,6,Complete,High,1495.89,38.1,11.21,9.1,High
P03842,Solar,Tamil Nadu,South,913,2576.93,36,7,Complete,Medium,2789.05,39.6,8.23,3.6,Medium
P03843,Solar,Karnataka,South,1323,3096.52,21,10,Pending,Medium,4205.37,44.6,35.81,23.6,High
P03844,Solar,Andhra Pradesh,South,548,1661.66,39,7,Complete,Medium,1770.16,41.6,6.53,2.6,Low
P03845,Solar,Rajasthan,North,1328,2664.08,27,9,Complete,Medium,3022.78,33.7,13.46,6.7,Medium
P03846,Thermal,Tamil Nadu,South,4369,27047.01,77,7,Complete,Low,27366.96,78.2,1.18,1.2,Low
P03847,Thermal,Haryana,North,4894,14811.19,80,3,Partial,High,18414.23,95.2,24.33,15.2,High
P03848,Hydro,Maharashtra,West,2759,19754.83,83,1,Partial,Medium,22005.46,89.4,11.39,6.4,Medium
P03849,Transmission,Punjab,North,1692,3263.85,50,2,Complete,Low,3365.68,50.9,3.12,0.9,Low
P03850,Thermal,Tamil Nadu,South,1392,7381.07,91,3,Partial,Low,8559.08,95.5,15.96,4.5,Medium
P03851,Wind,Tamil Nadu,South,490,1303.73,29,7,Complete,High,1498.75,39.3,14.96,10.3,High
P03852,Thermal,Uttar Pradesh,North,2358,12473.4,93,1,Pending,Medium,15160.69,114.0,21.54,21.0,High
P03853,Thermal,Karnataka,South,4896,17070.93,69,2,Complete,Medium,18267.31,73.8,7.01,4.8,Medium
P03854,Wind,Haryana,North,78,199.9,30,1,Pending,Medium,232.36,40.4,16.24,10.4,High
P03855,Wind,Punjab,North,222,376.91,35,8,Complete,Medium,416.27,39.7,10.44,4.7,Medium
P03856,Thermal,Tamil Nadu,South,3832,24874.11,82,5,Complete,Low,25455.51,83.1,2.34,1.1,Low
P03857,Solar,Punjab,North,908,1640.97,27,7,Complete,Low,1681.88,27.9,2.49,0.9,Low
P03858,Wind,Haryana,North,982,1586.65,25,8,Partial,Low,1920.2,34.2,21.02,9.2,High
P03859,Thermal,Andhra Pradesh,South,580,2975.21,71,8,Complete,Medium,3311.72,80.1,11.31,9.1,High
P03860,Wind,Rajasthan,North,366,586.22,15,7,Complete,Medium,634.16,19.1,8.18,4.1,Medium
P03861,Wind,Punjab,North,805,1057.88,16,5,Complete,High,1252.88,28.0,18.43,12.0,High
P03862,Thermal,Punjab,North,803,4789.29,85,6,Pending,Low,5602.07,93.2,16.97,8.2,Medium
P03863,Solar,Madhya Pradesh,Central,542,1099.93,41,5,Complete,Low,1154.68,42.4,4.98,1.4,Low
P03864,Transmission,Haryana,North,553,1250.01,49,10,Complete,Low,1346.41,53.7,7.71,4.7,Medium
P03865,Transmission,Andhra Pradesh,South,200,465.49,51,3,Complete,Medium,499.0,55.1,7.2,4.1,Medium
P03866,Thermal,Karnataka,South,4454,13668.47,73,1,Complete,Low,13822.22,73.8,1.12,0.8,Low
P03867,Solar,Rajasthan,North,419,663.21,38,3,Complete,Low,684.48,38.6,3.21,0.6,Low
P03868,Transmission,Uttar Pradesh,North,1980,2389.81,30,1,Complete,Medium,2547.59,33.8,6.6,3.8,Medium
P03869,Wind,Karnataka,South,968,2459.51,17,6,Pending,High,3164.7,38.3,28.67,21.3,High
P03870,Solar,Tamil Nadu,South,981,2891.29,26,6,Complete,Medium,3231.87,30.4,11.78,4.4,Medium
P03871,Wind,Maharashtra,West,685,849.52,34,8,Pending,Medium,1174.15,51.5,38.21,17.5,High
P03872,Hydro,Maharashtra,West,748,3309.91,75,4,Partial,Medium,3990.48,81.0,20.56,6.0,Medium
P03873,Solar,Tamil Nadu,South,61,177.82,19,9,Complete,Medium,204.43,27.5,14.96,8.5,Medium
P03874,Solar,Karnataka,South,249,469.34,34,1,Pending,Medium,619.33,47.0,31.96,13.0,High
P03875,Solar,Karnataka,South,640,1102.85,32,5,Pending,Low,1366.77,46.7,23.93,14.7,High
P03876,Wind,Rajasthan,North,306,433.2,17,9,Partial,Low,515.2,30.6,18.93,13.6,High
P03877,Solar,Tamil Nadu,South,338,909.81,40,5,Partial,Medium,1031.9,47.4,13.42,7.4,Medium
P03878,Solar,Rajasthan,North,603,1588.91,44,7,Complete,Medium,1702.67,48.6,7.16,4.6,Medium
P03879,Solar,Andhra Pradesh,South,897,1631.55,29,6,Complete,Medium,1769.09,31.6,8.43,2.6,Low
P03880,Hydro,Gujarat,West,1006,5703.95,102,8,Pending,Medium,7137.29,116.6,25.13,14.6,High
P03881,Wind,Andhra Pradesh,South,503,1232.22,20,5,Partial,Medium,1529.8,27.4,24.15,7.4,Medium
P03882,Solar,Uttar Pradesh,North,1216,2284.36,47,1,Partial,Medium,2621.01,57.6,14.74,10.6,High
P03883,Thermal,Maharashtra,West,1905,6187.45,45,1,Pending,Low,8027.75,56.0,29.74,11.0,High
P03884,Thermal,Rajasthan,North,4963,18503.4,91,2,Partial,Medium,21932.04,98.3,18.53,7.3,Medium
P03885,Transmission,Maharashtra,West,2680,6365.04,32,1,Complete,Medium,6992.91,34.9,9.86,2.9,Low
P03886,Solar,Uttar Pradesh,North,1031,3526.54,21,1,Complete,High,4040.26,27.9,14.57,6.9,Medium
P03887,Transmission,Tamil Nadu,South,2589,4189.0,17,2,Complete,Low,4285.77,18.8,2.31,1.8,Low
P03888,Hydro,Andhra Pradesh,South,2836,17017.53,48,6,Partial,Low,19059.47,56.9,12.0,8.9,Medium
P03889,Wind,Karnataka,South,237,543.34,19,10,Pending,Medium,735.91,42.9,35.44,23.9,High
P03890,Wind,Rajasthan,North,415,1082.88,31,9,Pending,Low,1465.69,45.3,35.35,14.3,High
P03891,Wind,Andhra Pradesh,South,359,585.93,14,8,Partial,Medium,701.81,25.0,19.78,11.0,High
P03892,Transmission,Gujarat,West,814,918.74,12,2,Partial,Medium,1100.82,19.4,19.82,7.4,Medium
P03893,Thermal,Haryana,North,2285,11500.89,43,1,Partial,Medium,13981.9,49.4,21.57,6.4,Medium
P03894,Hydro,Tamil Nadu,South,1430,6790.36,62,6,Complete,High,8180.41,73.2,20.47,11.2,High
P03895,Transmission,Madhya Pradesh,Central,1251,2092.82,14,9,Complete,Medium,2284.09,17.4,9.14,3.4,Medium
P03896,Wind,Gujarat,West,761,950.76,23,6,Partial,Medium,1115.7,30.3,17.35,7.3,Medium
P03897,Hydro,Madhya Pradesh,Central,3415,13806.38,40,9,Complete,High,16891.24,53.0,22.34,13.0,High
P03898,Hydro,Gujarat,West,3540,24210.06,93,3,Complete,Low,25276.41,93.3,4.4,0.3,Low
P03899,Transmission,Andhra Pradesh,South,2991,4695.8,19,2,Complete,Low,4845.12,20.3,3.18,1.3,Low
P03900,Wind,Rajasthan,North,670,951.86,21,10,Complete,Medium,1013.41,26.9,6.47,5.9,Medium
P03901,Hydro,Maharashtra,West,2211,8381.82,87,6,Pending,High,11189.28,105.1,33.49,18.1,High
P03902,Solar,Haryana,North,793,1351.64,14,9,Partial,Low,1591.71,21.3,17.76,7.3,Medium
P03903,Hydro,Punjab,North,529,3606.95,112,9,Partial,Medium,4326.93,125.5,19.96,13.5,High
P03904,Solar,Madhya Pradesh,Central,1285,3277.07,18,7,Complete,Medium,3525.0,21.2,7.57,3.2,Medium
P03905,Solar,Uttar Pradesh,North,492,1277.97,22,7,Partial,Medium,1494.74,30.1,16.96,8.1,Medium
P03906,Hydro,Andhra Pradesh,South,3815,27153.96,119,4,Pending,Low,35422.16,126.9,30.45,7.9,High
P03907,Wind,Tamil Nadu,South,737,989.96,32,2,Partial,Medium,1149.57,38.8,16.12,6.8,Medium
P03908,Thermal,Madhya Pradesh,Central,4187,12023.45,80,4,Partial,High,15772.74,92.1,31.18,12.1,High
P03909,Thermal,Rajasthan,North,2001,10376.63,49,1,Complete,Low,10863.24,49.3,4.69,0.3,Low
P03910,Wind,Haryana,North,213,383.17,14,7,Complete,Low,394.46,15.5,2.95,1.5,Low
P03911,Thermal,Punjab,North,2611,16356.01,75,6,Complete,Low,16409.95,75.3,0.33,0.3,Low
P03912,Transmission,Andhra Pradesh,South,678,942.29,37,7,Complete,Low,948.44,37.3,0.65,0.3,Low
P03913,Wind,Karnataka,South,235,313.52,33,8,Partial,Low,352.78,42.1,12.52,9.1,High
P03914,Wind,Haryana,North,338,802.58,31,1,Complete,Medium,861.93,35.2,7.39,4.2,Medium
P03915,Solar,Madhya Pradesh,Central,166,529.79,20,1,Pending,Medium,640.5,35.1,20.9,15.1,High
P03916,Wind,Maharashtra,West,871,1591.3,28,7,Complete,Low,1653.42,29.7,3.9,1.7,Low
P03917,Solar,Uttar Pradesh,North,697,2121.86,47,4,Pending,High,2754.43,71.6,29.81,24.6,High
P03918,Wind,Madhya Pradesh,Central,229,681.6,20,4,Partial,Low,766.17,26.3,12.41,6.3,Medium
P03919,Wind,Madhya Pradesh,Central,192,521.91,15,5,Partial,Medium,631.04,25.3,20.91,10.3,High
P03920,Hydro,Karnataka,South,2591,14256.4,109,9,Pending,High,19598.7,139.7,37.47,30.7,High
P03921,Hydro,Andhra Pradesh,South,1409,7720.64,53,5,Partial,Medium,9533.39,61.8,23.48,8.8,Medium
P03922,Wind,Punjab,North,924,1517.88,21,7,Partial,Low,1810.05,28.8,19.25,7.8,Medium
P03923,Solar,Madhya Pradesh,Central,700,1081.78,23,2,Complete,Medium,1150.6,26.6,6.36,3.6,Medium
P03924,Thermal,Andhra Pradesh,South,4123,26013.76,49,7,Complete,High,29504.31,54.2,13.42,5.2,Medium
P03925,Solar,Andhra Pradesh,South,618,1504.22,46,4,Complete,Low,1523.89,46.6,1.31,0.6,Low
P03926,Transmission,Gujarat,West,1393,1628.93,34,3,Complete,Medium,1820.59,38.4,11.77,4.4,Medium
P03927,Thermal,Tamil Nadu,South,1677,7305.88,84,9,Partial,Low,8533.46,91.7,16.8,7.7,Medium
P03928,Hydro,Maharashtra,West,1718,10634.87,118,4,Partial,High,12533.0,133.1,17.85,15.1,High
P03929,Thermal,Maharashtra,West,2693,14130.72,62,4,Partial,Low,15583.75,65.6,10.28,3.6,Medium
P03930,Thermal,Gujarat,West,1689,8576.77,84,7,Complete,High,9557.5,92.3,11.43,8.3,Medium
P03931,Transmission,Madhya Pradesh,Central,606,1035.98,24,2,Complete,Medium,1082.28,26.9,4.47,2.9,Low
P03932,Transmission,Andhra Pradesh,South,2690,5045.7,16,6,Complete,Medium,5460.64,17.9,8.22,1.9,Low
P03933,Solar,Punjab,North,1172,3045.55,18,2,Partial,Low,3408.39,23.5,11.91,5.5,Medium
P03934,Transmission,Haryana,North,2176,3239.5,47,7,Complete,Medium,3382.46,51.8,4.41,4.8,Medium
P03935,Thermal,Andhra Pradesh,South,4937,16027.18,47,8,Partial,Low,19030.89,57.9,18.74,10.9,High
P03936,Hydro,Madhya Pradesh,Central,1322,5063.57,116,8,Partial,High,6863.84,130.7,35.55,14.7,High
P03937,Hydro,Andhra Pradesh,South,1195,6515.02,38,3,Partial,Medium,7811.87,49.6,19.91,11.6,High
P03938,Solar,Uttar Pradesh,North,866,1745.15,13,7,Partial,Low,2037.97,20.3,16.78,7.3,Medium
P03939,Solar,Uttar Pradesh,North,86,295.98,19,5,Pending,Medium,366.37,38.1,23.78,19.1,High
P03940,Thermal,Rajasthan,North,871,2912.6,61,3,Pending,Low,3455.34,77.4,18.63,16.4,High
P03941,Solar,Karnataka,South,261,712.23,27,8,Partial,Low,830.69,35.7,16.63,8.7,Medium
P03942,Hydro,Punjab,North,3691,11249.37,85,5,Partial,Medium,12543.66,96.8,11.51,11.8,High
P03943,Hydro,Gujarat,West,1954,6326.73,71,5,Complete,Low,6523.8,72.6,3.11,1.6,Low
P03944,Wind,Maharashtra,West,141,240.19,27,9,Partial,Low,279.79,36.4,16.49,9.4,High
P03945,Solar,Karnataka,South,560,1785.89,41,9,Complete,Medium,1991.14,48.7,11.49,7.7,Medium
P03946,Hydro,Tamil Nadu,South,3701,16241.5,85,10,Partial,Medium,20237.15,98.8,24.6,13.8,High
P03947,Thermal,Punjab,North,2769,7614.77,91,2,Partial,High,9143.38,102.7,20.07,11.7,High
P03948,Transmission,Gujarat,West,2744,3674.51,54,10,Partial,Medium,4767.92,65.6,29.76,11.6,High
P03949,Solar,Rajasthan,North,694,1078.31,16,6,Complete,Medium,1177.62,18.6,9.21,2.6,Low
P03950,Hydro,Gujarat,West,2491,17420.55,44,4,Complete,Medium,18675.92,49.8,7.21,5.8,Medium
P03951,Transmission,Punjab,North,1908,3273.45,15,2,Partial,High,4037.09,30.5,23.33,15.5,High
P03952,Thermal,Punjab,North,4870,19706.92,78,4,Partial,Medium,22967.36,87.8,16.54,9.8,High
P03953,Transmission,Gujarat,West,2514,5267.61,15,10,Complete,Medium,5901.22,21.2,12.03,6.2,Medium
P03954,Hydro,Haryana,North,3592,12941.47,62,7,Partial,High,15742.81,80.4,21.65,18.4,High
P03955,Thermal,Gujarat,West,979,4067.88,89,8,Complete,Low,4442.42,95.0,9.21,6.0,Medium
P03956,Thermal,Punjab,North,1848,7495.78,41,4,Pending,Medium,9886.88,56.3,31.9,15.3,High
P03957,Solar,Maharashtra,West,1353,3680.53,23,4,Partial,High,4693.76,35.6,27.53,12.6,High
P03958,Hydro,Haryana,North,2930,20371.96,46,3,Complete,Medium,21724.25,48.7,6.64,2.7,Low
P03959,Hydro,Maharashtra,West,1236,4755.87,86,1,Pending,Low,5835.0,93.0,22.69,7.0,Medium
P03960,Transmission,Rajasthan,North,2984,5871.49,21,2,Pending,Low,7702.76,37.6,31.19,16.6,High
P03961,Thermal,Rajasthan,North,4829,23952.51,40,10,Complete,Low,25882.19,42.8,8.06,2.8,Low
P03962,Solar,Karnataka,South,386,612.56,30,5,Partial,Medium,725.99,39.9,18.52,9.9,High
P03963,Solar,Tamil Nadu,South,653,1770.96,38,6,Complete,Medium,1925.95,42.1,8.75,4.1,Medium
P03964,Transmission,Karnataka,South,1085,1383.83,20,7,Pending,Medium,1788.73,32.8,29.26,12.8,High
P03965,Transmission,Maharashtra,West,2412,4937.93,42,10,Partial,Low,6044.5,55.6,22.41,13.6,High
P03966,Hydro,Tamil Nadu,South,1403,10632.4,119,4,Complete,Medium,11376.87,123.2,7.0,4.2,Medium
P03967,Thermal,Tamil Nadu,South,980,5036.02,70,1,Partial,Medium,6053.89,79.1,20.21,9.1,High
P03968,Hydro,Haryana,North,3936,29338.8,77,5,Partial,Medium,36398.71,87.2,24.06,10.2,High
P03969,Wind,Punjab,North,331,599.93,26,9,Complete,Medium,686.05,31.9,14.35,5.9,Medium
P03970,Hydro,Madhya Pradesh,Central,2341,10698.4,116,1,Complete,High,13080.15,127.4,22.26,11.4,High
P03971,Solar,Tamil Nadu,South,751,1398.13,32,4,Complete,Low,1405.35,33.7,0.52,1.7,Low
P03972,Solar,Tamil Nadu,South,602,1752.47,45,2,Partial,Medium,1947.26,54.8,11.11,9.8,High
P03973,Hydro,Haryana,North,2104,16231.59,112,2,Pending,Medium,20805.85,123.3,28.18,11.3,High
P03974,Solar,Rajasthan,North,1440,2303.97,24,2,Complete,Medium,2475.91,27.9,7.46,3.9,Medium
P03975,Wind,Rajasthan,North,819,1753.12,23,10,Complete,Medium,2025.68,31.2,15.55,8.2,Medium
P03976,Hydro,Andhra Pradesh,South,1264,7911.22,46,9,Complete,Medium,9226.6,52.6,16.63,6.6,Medium
P03977,Wind,Uttar Pradesh,North,351,879.96,31,1,Partial,High,1088.08,49.6,23.65,18.6,High
P03978,Solar,Punjab,North,981,2806.26,31,8,Pending,Medium,3555.91,50.5,26.71,19.5,High
P03979,Solar,Karnataka,South,740,2549.12,39,5,Partial,High,3018.12,49.6,18.4,10.6,High
P03980,Hydro,Maharashtra,West,888,5959.78,91,1,Partial,Low,6476.5,97.2,8.67,6.2,Medium
P03981,Thermal,Karnataka,South,4321,11305.36,71,7,Pending,Medium,14143.98,86.3,25.11,15.3,High
P03982,Hydro,Uttar Pradesh,North,1304,5284.6,92,3,Complete,Low,5433.15,93.9,2.81,1.9,Low
P03983,Wind,Maharashtra,West,388,1159.12,17,6,Partial,Medium,1360.76,27.1,17.4,10.1,High
P03984,Solar,Uttar Pradesh,North,127,373.28,25,1,Complete,Medium,405.52,27.7,8.64,2.7,Low
P03985,Thermal,Madhya Pradesh,Central,4419,13075.53,72,5,Partial,Low,14284.76,78.7,9.25,6.7,Medium
P03986,Solar,Karnataka,South,1112,2811.38,40,3,Partial,Low,3081.2,44.6,9.6,4.6,Medium
P03987,Hydro,Rajasthan,North,2329,12344.62,38,5,Complete,Medium,13773.78,40.3,11.58,2.3,Medium
P03988,Wind,Maharashtra,West,312,755.69,35,10,Complete,Medium,829.63,41.5,9.78,6.5,Medium
P03989,Solar,Karnataka,South,1448,4038.97,12,9,Complete,High,5084.6,27.9,25.89,15.9,High
P03990,Solar,Karnataka,South,1313,3460.84,19,8,Pending,Medium,4773.64,39.3,37.93,20.3,High
P03991,Solar,Andhra Pradesh,South,1030,2969.41,14,2,Pending,Medium,3933.75,35.3,32.48,21.3,High
P03992,Thermal,Gujarat,West,3813,22817.0,94,5,Partial,High,26938.85,104.4,18.06,10.4,High
P03993,Wind,Andhra Pradesh,South,822,2131.7,26,9,Complete,Low,2291.35,29.3,7.49,3.3,Medium
P03994,Thermal,Andhra Pradesh,South,1960,7770.09,92,4,Partial,Medium,9372.91,101.0,20.63,9.0,Medium
P03995,Hydro,Uttar Pradesh,North,3512,21290.45,48,8,Pending,Low,25062.73,68.1,17.72,20.1,High
P03996,Hydro,Uttar Pradesh,North,3027,21047.24,96,10,Partial,Low,24572.41,104.8,16.75,8.8,Medium
P03997,Thermal,Haryana,North,695,4404.58,45,2,Complete,Medium,4768.24,47.2,8.26,2.2,Low
P03998,Thermal,Madhya Pradesh,Central,999,2654.3,38,9,Partial,Medium,3370.97,53.1,27.0,15.1,High
P03999,Solar,Tamil Nadu,South,766,2233.83,30,8,Complete,Medium,2561.42,37.1,14.66,7.1,Medium
P04000,Thermal,Haryana,North,1121,5770.68,61,2,Partial,Medium,6705.21,68.2,16.19,7.2,Medium
P04001,Thermal,Punjab,North,1981,7835.01,91,6,Partial,Low,8634.98,99.1,10.21,8.1,Medium
P04002,Solar,Maharashtra,West,807,1341.46,31,2,Complete,Low,1383.57,31.7,3.14,0.7,Low
P04003,Wind,Maharashtra,West,221,581.69,32,4,Partial,Medium,701.76,40.5,20.64,8.5,Medium
P04004,Solar,Punjab,North,154,527.75,17,8,Partial,High,687.17,30.8,30.21,13.8,High
P04005,Thermal,Gujarat,West,3901,13771.53,78,3,Partial,Medium,16060.74,86.0,16.62,8.0,Medium
P04006,Solar,Punjab,North,990,3359.97,43,2,Pending,High,4428.35,57.8,31.8,14.8,High
P04007,Transmission,Andhra Pradesh,South,905,1775.73,21,3,Complete,Medium,1924.87,26.7,8.4,5.7,Medium
P04008,Hydro,Tamil Nadu,South,2966,8967.37,98,1,Partial,Medium,10473.56,104.3,16.8,6.3,Medium
P04009,Solar,Punjab,North,773,1530.24,33,1,Partial,Medium,1834.06,41.2,19.85,8.2,Medium
P04010,Wind,Madhya Pradesh,Central,686,1143.03,33,9,Partial,Low,1460.34,43.9,27.76,10.9,High
P04011,Wind,Andhra Pradesh,South,981,1393.44,18,2,Partial,Medium,1625.6,27.1,16.66,9.1,High
P04012,Wind,Gujarat,West,433,944.48,27,9,Partial,Medium,1098.23,39.0,16.28,12.0,High
P04013,Transmission,Gujarat,West,2888,4200.57,14,1,Pending,Low,4966.1,33.3,18.22,19.3,High
P04014,Solar,Haryana,North,1208,3775.41,31,7,Pending,Low,4727.86,38.5,25.23,7.5,High
P04015,Thermal,Gujarat,West,2979,12330.02,84,3,Pending,Medium,15056.77,98.1,22.11,14.1,High
P04016,Wind,Karnataka,South,906,2135.96,14,2,Partial,High,2550.58,29.3,19.41,15.3,High
P04017,Solar,Rajasthan,North,1060,2665.85,12,2,Pending,Medium,3299.3,32.0,23.76,20.0,High
P04018,Hydro,Madhya Pradesh,Central,204,1156.77,76,7,Partial,Low,1240.82,83.1,7.27,7.1,Medium
P04019,Wind,Punjab,North,219,316.17,14,2,Complete,High,380.19,25.2,20.25,11.2,High
P04020,Wind,Haryana,North,308,721.34,15,2,Complete,Low,756.07,15.7,4.81,0.7,Low
P04021,Wind,Tamil Nadu,South,106,144.6,20,7,Partial,Low,157.12,27.4,8.66,7.4,Medium
P04022,Hydro,Maharashtra,West,2360,7444.61,82,3,Partial,Low,8670.58,89.0,16.47,7.0,Medium
P04023,Wind,Maharashtra,West,738,2094.14,13,6,Pending,Medium,2650.46,22.6,26.57,9.6,High
P04024,Wind,Madhya Pradesh,Central,381,824.86,17,4,Partial,Low,951.93,22.0,15.4,5.0,Medium
P04025,Solar,Haryana,North,1425,4686.74,32,10,Partial,Medium,6013.84,45.1,28.32,13.1,High
P04026,Wind,Rajasthan,North,845,2371.08,31,5,Pending,High,3201.19,46.3,35.01,15.3,High
P04027,Solar,Tamil Nadu,South,416,1181.08,39,8,Complete,Medium,1381.98,48.5,17.01,9.5,High
P04028,Transmission,Karnataka,South,2919,4513.91,16,9,Complete,Medium,4957.72,20.8,9.83,4.8,Medium
P04029,Wind,Tamil Nadu,South,267,585.66,27,2,Pending,Low,743.39,34.3,26.93,7.3,High
P04030,Hydro,Tamil Nadu,South,723,4013.18,95,2,Partial,Low,4717.39,98.5,17.55,3.5,Medium
P04031,Solar,Punjab,North,473,975.7,44,1,Complete,Low,1021.98,44.4,4.74,0.4,Low
P04032,Solar,Gujarat,West,262,419.2,41,9,Partial,Medium,537.21,52.9,28.15,11.9,High
P04033,Wind,Haryana,North,406,785.66,13,3,Complete,Low,811.1,14.9,3.24,1.9,Low
P04034,Solar,Rajasthan,North,1210,2087.41,18,1,Partial,Medium,2395.79,23.4,14.77,5.4,Medium
P04035,Wind,Rajasthan,North,374,880.62,22,8,Complete,Medium,983.21,28.5,11.65,6.5,Medium
P04036,Solar,Haryana,North,575,2007.86,41,1,Complete,Medium,2244.22,43.5,11.77,2.5,Medium
P04037,Solar,Tamil Nadu,South,141,265.17,46,7,Pending,Low,304.38,64.4,14.79,18.4,High
P04038,Hydro,Maharashtra,West,3529,18853.72,72,5,Complete,Low,19272.64,73.4,2.22,1.4,Low
P04039,Solar,Gujarat,West,1365,2463.8,38,10,Pending,Low,3307.48,59.0,34.24,21.0,High
P04040,Transmission,Karnataka,South,2303,5494.96,24,8,Partial,Medium,6525.25,37.6,18.75,13.6,High
P04041,Transmission,Gujarat,West,489,837.6,28,7,Complete,Medium,901.76,32.3,7.66,4.3,Medium
P04042,Transmission,Madhya Pradesh,Central,1112,2092.54,45,5,Complete,Medium,2274.06,49.0,8.67,4.0,Medium
P04043,Transmission,Karnataka,South,2935,6849.79,13,5,Complete,Medium,7143.06,17.6,4.28,4.6,Medium
P04044,Thermal,Andhra Pradesh,South,1886,11936.91,84,1,Complete,Medium,12787.01,86.8,7.12,2.8,Low
P04045,Transmission,Maharashtra,West,273,455.52,38,3,Pending,Medium,600.0,56.3,31.72,18.3,High
P04046,Solar,Tamil Nadu,South,829,1504.45,30,7,Complete,Low,1508.18,31.8,0.25,1.8,Low
P04047,Wind,Karnataka,South,952,2669.73,26,7,Partial,Low,3012.73,32.2,12.85,6.2,Medium
P04048,Thermal,Punjab,North,4050,21012.13,52,4,Complete,Medium,22891.14,56.8,8.94,4.8,Medium
P04049,Transmission,Andhra Pradesh,South,1923,2407.74,44,7,Pending,Medium,3076.46,57.9,27.77,13.9,High
P04050,Transmission,Karnataka,South,2461,6091.14,18,9,Partial,Low,7046.04,28.3,15.68,10.3,High
P04051,Transmission,Rajasthan,North,1348,2843.74,21,1,Partial,Low,3318.64,28.7,16.7,7.7,Medium
P04052,Transmission,Haryana,North,782,1634.49,18,6,Pending,Medium,2033.83,32.1,24.43,14.1,High
P04053,Hydro,Maharashtra,West,3711,20076.63,94,1,Complete,Low,20423.81,95.1,1.73,1.1,Low
P04054,Thermal,Gujarat,West,1178,4788.05,55,6,Partial,Medium,5726.53,63.9,19.6,8.9,Medium
P04055,Wind,Uttar Pradesh,North,695,1861.13,22,9,Partial,High,2585.98,41.5,38.95,19.5,High
P04056,Transmission,Rajasthan,North,2765,6531.09,28,10,Complete,Low,7249.07,32.4,10.99,4.4,Medium
P04057,Transmission,Tamil Nadu,South,2203,2486.41,51,6,Partial,Low,2814.31,58.3,13.19,7.3,Medium
P04058,Solar,Andhra Pradesh,South,1209,3390.88,43,5,Complete,Medium,3561.0,44.8,5.02,1.8,Low
P04059,Hydro,Maharashtra,West,2245,8212.18,71,10,Complete,Low,9388.14,77.8,14.32,6.8,Medium
P04060,Wind,Gujarat,West,230,354.13,28,1,Partial,High,459.05,45.1,29.63,17.1,High
P04061,Solar,Punjab,North,1476,3629.76,36,1,Pending,Low,4280.08,43.6,17.92,7.6,Medium
P04062,Transmission,Madhya Pradesh,Central,2853,5673.05,13,6,Complete,Medium,6043.03,15.3,6.52,2.3,Low
P04063,Thermal,Madhya Pradesh,Central,1055,3938.47,80,1,Complete,Medium,4347.4,84.4,10.38,4.4,Medium
P04064,Wind,Rajasthan,North,790,2070.36,15,7,Partial,Medium,2457.39,24.1,18.69,9.1,High
P04065,Wind,Gujarat,West,334,746.89,34,2,Complete,High,847.58,43.2,13.48,9.2,High
P04066,Wind,Rajasthan,North,148,440.14,28,6,Partial,Low,490.66,34.8,11.48,6.8,Medium
P04067,Solar,Uttar Pradesh,North,306,900.55,23,9,Partial,Low,1064.98,32.7,18.26,9.7,High
P04068,Thermal,Karnataka,South,4701,24863.94,39,7,Partial,Low,26884.04,43.3,8.12,4.3,Medium
P04069,Wind,Rajasthan,North,484,1355.61,15,2,Pending,Medium,1806.32,35.0,33.25,20.0,High
P04070,Transmission,Punjab,North,1746,2697.17,51,3,Complete,Low,2758.37,52.6,2.27,1.6,Low
P04071,Solar,Punjab,North,307,710.27,29,10,Pending,Medium,998.55,47.6,40.59,18.6,High
P04072,Wind,Andhra Pradesh,South,556,1083.49,34,2,Partial,Medium,1302.79,43.9,20.24,9.9,High
P04073,Hydro,Andhra Pradesh,South,449,1826.29,71,4,Partial,High,2325.39,82.2,27.33,11.2,High
P04074,Hydro,Tamil Nadu,South,3430,22918.1,63,6,Partial,Low,26459.96,66.4,15.45,3.4,Medium
P04075,Thermal,Punjab,North,3696,10533.11,80,7,Partial,Low,11858.74,87.0,12.59,7.0,Medium
P04076,Thermal,Madhya Pradesh,Central,3928,24985.59,62,2,Complete,Medium,26805.45,65.4,7.28,3.4,Medium
P04077,Wind,Rajasthan,North,783,1794.28,19,5,Partial,Medium,2143.54,31.1,19.47,12.1,High
P04078,Hydro,Rajasthan,North,2903,13666.88,105,7,Pending,High,17357.01,127.9,27.0,22.9,High
P04079,Wind,Punjab,North,260,726.08,26,8,Partial,Medium,876.27,38.0,20.69,12.0,High
P04080,Hydro,Uttar Pradesh,North,3820,15323.9,92,3,Complete,Medium,16847.62,95.7,9.94,3.7,Medium
P04081,Solar,Uttar Pradesh,North,1333,2045.19,31,3,Pending,Low,2659.48,40.5,30.04,9.5,High
P04082,Transmission,Maharashtra,West,1749,3506.77,52,4,Complete,Medium,3821.72,56.1,8.98,4.1,Medium
P04083,Thermal,Haryana,North,2870,13336.53,63,6,Complete,High,15202.82,74.7,13.99,11.7,High
P04084,Thermal,Karnataka,South,3678,23270.59,92,8,Complete,High,28174.8,97.3,21.07,5.3,Medium
P04085,Wind,Punjab,North,270,525.92,21,6,Complete,Medium,551.44,26.3,4.85,5.3,Medium
P04086,Thermal,Karnataka,South,4418,22157.2,85,1,Partial,High,26545.22,92.8,19.8,7.8,Medium
P04087,Transmission,Maharashtra,West,1489,2472.02,40,10,Partial,Medium,3331.61,49.5,34.77,9.5,High
P04088,Transmission,Karnataka,South,1018,1085.61,29,10,Partial,High,1429.79,46.9,31.7,17.9,High
P04089,Solar,Maharashtra,West,1346,2665.37,36,6,Complete,Low,2699.59,37.8,1.28,1.8,Low
P04090,Solar,Gujarat,West,626,1177.12,40,2,Partial,High,1389.39,57.2,18.03,17.2,High
P04091,Hydro,Maharashtra,West,2512,14653.16,90,9,Pending,Low,17818.59,106.3,21.6,16.3,High
P04092,Thermal,Gujarat,West,1016,5804.48,62,4,Partial,Medium,7097.04,67.8,22.27,5.8,Medium
P04093,Transmission,Andhra Pradesh,South,2251,3191.8,37,7,Partial,Medium,3729.27,43.1,16.84,6.1,Medium
P04094,Wind,Karnataka,South,607,1040.8,14,6,Complete,Low,1057.43,15.3,1.6,1.3,Low
P04095,Hydro,Karnataka,South,2198,12256.28,75,9,Complete,High,15780.43,87.1,28.75,12.1,High
P04096,Hydro,Rajasthan,North,1428,11158.68,93,2,Partial,Low,12978.4,101.0,16.31,8.0,Medium
P04097,Thermal,Punjab,North,1553,5829.27,69,6,Partial,Medium,6820.93,80.8,17.01,11.8,High
P04098,Wind,Tamil Nadu,South,579,1515.46,19,10,Partial,Medium,1953.66,29.6,28.92,10.6,High
P04099,Solar,Andhra Pradesh,South,180,624.35,18,7,Complete,Medium,671.43,19.7,7.54,1.7,Low
P04100,Thermal,Karnataka,South,1360,5143.2,60,10,Complete,Medium,5822.58,66.8,13.21,6.8,Medium
P04101,Wind,Karnataka,South,786,2086.68,23,4,Complete,Low,2111.07,23.3,1.17,0.3,Low
P04102,Thermal,Andhra Pradesh,South,3118,10864.71,65,3,Complete,Low,10906.42,66.5,0.38,1.5,Low
P04103,Hydro,Rajasthan,North,908,7149.46,115,7,Complete,Medium,7745.88,118.3,8.34,3.3,Medium
P04104,Thermal,Punjab,North,4748,12522.88,66,5,Complete,High,14744.37,79.2,17.74,13.2,High
P04105,Thermal,Uttar Pradesh,North,2082,8184.07,37,6,Complete,Low,8323.57,38.6,1.7,1.6,Low
P04106,Transmission,Haryana,North,2079,2566.58,33,4,Complete,Low,2629.21,33.8,2.44,0.8,Low
P04107,Solar,Punjab,North,282,523.04,21,7,Complete,Low,526.76,21.4,0.71,0.4,Low
P04108,Thermal,Karnataka,South,2452,12918.59,73,9,Complete,Low,14578.13,79.3,12.85,6.3,Medium
P04109,Solar,Rajasthan,North,110,343.8,45,3,Complete,Medium,372.49,49.9,8.34,4.9,Medium
P04110,Solar,Madhya Pradesh,Central,597,1911.7,42,10,Complete,High,2420.4,47.4,26.61,5.4,High
P04111,Transmission,Uttar Pradesh,North,1365,2912.09,31,1,Partial,Medium,3358.78,41.6,15.34,10.6,High
P04112,Solar,Andhra Pradesh,South,945,1840.26,45,4,Partial,Medium,2142.36,55.0,16.42,10.0,High
P04113,Transmission,Karnataka,South,808,1006.57,59,8,Pending,Medium,1382.21,75.5,37.32,16.5,High
P04114,Wind,Karnataka,South,918,1242.56,13,2,Complete,High,1492.85,17.6,20.14,4.6,Medium
P04115,Transmission,Madhya Pradesh,Central,1807,2029.06,53,5,Complete,Medium,2234.76,55.1,10.14,2.1,Medium
P04116,Wind,Tamil Nadu,South,230,579.38,14,10,Pending,Low,743.01,35.9,28.24,21.9,High
P04117,Thermal,Gujarat,West,2530,9470.94,83,5,Complete,Low,9538.0,83.3,0.71,0.3,Low
P04118,Thermal,Gujarat,West,2564,14011.96,52,7,Complete,Medium,14586.93,55.2,4.1,3.2,Medium
P04119,Thermal,Madhya Pradesh,Central,1520,3920.1,38,10,Complete,Low,4398.42,44.1,12.2,6.1,Medium
P04120,Solar,Madhya Pradesh,Central,1241,2030.97,42,4,Complete,Medium,2250.25,43.8,10.8,1.8,Medium
P04121,Hydro,Madhya Pradesh,Central,3970,26634.3,97,2,Complete,Medium,28875.31,100.7,8.41,3.7,Medium
P04122,Thermal,Andhra Pradesh,South,3339,9803.74,52,3,Complete,Low,10227.08,53.5,4.32,1.5,Low
P04123,Solar,Maharashtra,West,372,784.87,31,6,Partial,Medium,870.96,37.5,10.97,6.5,Medium
P04124,Thermal,Rajasthan,North,4852,24960.22,60,9,Complete,High,28078.33,68.7,12.49,8.7,Medium
P04125,Thermal,Punjab,North,801,4353.86,90,3,Complete,High,4703.39,94.8,8.03,4.8,Medium
P04126,Thermal,Andhra Pradesh,South,4206,15566.43,70,9,Complete,High,19606.36,86.0,25.95,16.0,High
P04127,Solar,Gujarat,West,402,967.22,41,3,Complete,Medium,1051.23,45.4,8.69,4.4,Medium
P04128,Wind,Haryana,North,98,188.18,17,5,Pending,Medium,259.71,30.4,38.01,13.4,High
P04129,Thermal,Haryana,North,1773,7729.81,80,10,Partial,Medium,9503.02,95.2,22.94,15.2,High
P04130,Thermal,Karnataka,South,3511,13750.49,72,7,Partial,High,17241.99,82.1,25.39,10.1,High
P04131,Thermal,Gujarat,West,4699,23367.46,87,2,Complete,Medium,25411.52,91.5,8.75,4.5,Medium
P04132,Thermal,Punjab,North,4630,20250.61,65,5,Partial,Medium,22408.11,74.9,10.65,9.9,High
P04133,Thermal,Maharashtra,West,2832,11380.29,50,7,Partial,Low,12450.19,56.2,9.4,6.2,Medium
P04134,Wind,Uttar Pradesh,North,964,1254.58,17,4,Partial,High,1622.95,26.6,29.36,9.6,High
P04135,Thermal,Tamil Nadu,South,4918,24075.38,62,2,Complete,Low,24657.06,62.7,2.42,0.7,Low
P04136,Hydro,Haryana,North,2983,15769.47,66,3,Complete,Medium,17009.71,70.3,7.86,4.3,Medium
P04137,Transmission,Uttar Pradesh,North,2123,5081.99,15,7,Complete,High,5554.22,27.0,9.29,12.0,High
P04138,Hydro,Karnataka,South,869,4017.13,74,6,Pending,Low,5062.48,88.4,26.02,14.4,High
P04139,Wind,Haryana,North,170,468.71,35,1,Complete,Medium,505.88,38.2,7.93,3.2,Medium
P04140,Hydro,Tamil Nadu,South,3561,23611.43,95,1,Partial,Low,25710.97,101.1,8.89,6.1,Medium
P04141,Hydro,Gujarat,West,1285,9097.22,79,7,Complete,Low,9301.22,80.0,2.24,1.0,Low
P04142,Transmission,Uttar Pradesh,North,1846,2567.25,52,4,Complete,Medium,2860.42,55.4,11.42,3.4,Medium
P04143,Hydro,Maharashtra,West,1027,7711.05,84,5,Partial,Medium,9330.95,93.0,21.01,9.0,Medium
P04144,Transmission,Tamil Nadu,South,701,779.95,39,6,Complete,High,837.75,49.2,7.41,10.2,High
P04145,Solar,Uttar Pradesh,North,1269,3419.25,30,7,Complete,Low,3494.53,31.6,2.2,1.6,Low
P04146,Solar,Gujarat,West,513,1742.01,35,7,Pending,Medium,2164.16,47.3,24.23,12.3,High
P04147,Solar,Karnataka,South,1387,4188.04,22,1,Partial,Low,4540.36,27.6,8.41,5.6,Medium
P04148,Thermal,Rajasthan,North,3967,25724.11,54,2,Partial,Medium,31113.57,60.1,20.95,6.1,Medium
P04149,Thermal,Karnataka,South,2494,12594.03,87,10,Partial,Medium,15985.59,99.7,26.93,12.7,High
P04150,Transmission,Andhra Pradesh,South,1541,1551.74,27,4,Complete,Medium,1677.94,31.2,8.13,4.2,Medium
P04151,Wind,Punjab,North,783,1035.49,18,8,Complete,High,1238.75,29.5,19.63,11.5,High
P04152,Solar,Madhya Pradesh,Central,51,110.9,39,10,Complete,Low,119.53,43.9,7.78,4.9,Medium
P04153,Wind,Andhra Pradesh,South,289,740.13,31,10,Complete,Medium,870.83,40.9,17.66,9.9,High
P04154,Thermal,Rajasthan,North,4644,28311.58,39,6,Complete,High,31374.19,51.1,10.82,12.1,High
P04155,Transmission,Andhra Pradesh,South,1454,1997.65,18,5,Complete,Medium,2145.75,20.8,7.41,2.8,Low
P04156,Transmission,Rajasthan,North,1195,1665.25,51,9,Partial,Low,1915.57,62.5,15.03,11.5,High
P04157,Hydro,Gujarat,West,3980,27179.41,68,5,Pending,Medium,35652.76,78.6,31.18,10.6,High
P04158,Thermal,Gujarat,West,1253,4569.62,54,3,Complete,High,5109.91,62.8,11.82,8.8,Medium
P04159,Hydro,Karnataka,South,3008,16991.93,52,3,Complete,Medium,18451.72,55.0,8.59,3.0,Medium
P04160,Wind,Uttar Pradesh,North,819,1460.23,13,4,Complete,High,1703.83,21.9,16.68,8.9,Medium
P04161,Hydro,Punjab,North,219,1606.03,81,10,Complete,Low,1740.9,87.0,8.4,6.0,Medium
P04162,Wind,Andhra Pradesh,South,615,899.01,33,2,Pending,Medium,1119.86,54.2,24.57,21.2,High
P04163,Hydro,Haryana,North,1216,4404.95,115,4,Complete,Low,4450.95,116.6,1.04,1.6,Low
P04164,Wind,Haryana,North,414,1210.68,29,7,Partial,Medium,1433.47,36.6,18.4,7.6,Medium
P04165,Hydro,Haryana,North,2102,13302.78,72,10,Complete,Medium,15769.96,79.1,18.55,7.1,Medium
P04166,Transmission,Rajasthan,North,214,392.81,23,10,Complete,Medium,435.81,28.8,10.95,5.8,Medium
P04167,Thermal,Maharashtra,West,4877,20496.27,88,8,Pending,High,29960.35,109.7,46.17,21.7,High
P04168,Thermal,Tamil Nadu,South,4612,18883.65,87,3,Complete,Low,19571.54,88.5,3.64,1.5,Low
P04169,Hydro,Maharashtra,West,2800,11184.87,53,3,Partial,High,14619.56,68.0,30.71,15.0,High
P04170,Transmission,Rajasthan,North,2705,6120.16,31,4,Complete,Medium,6667.04,34.0,8.94,3.0,Medium
P04171,Transmission,Uttar Pradesh,North,1335,1822.93,22,5,Partial,High,2440.97,38.2,33.9,16.2,High
P04172,Wind,Madhya Pradesh,Central,271,368.51,19,9,Partial,Low,424.86,23.8,15.29,4.8,Medium
P04173,Transmission,Gujarat,West,2863,4047.38,42,4,Pending,Medium,5355.41,55.3,32.32,13.3,High
P04174,Hydro,Punjab,North,854,6300.1,77,1,Partial,Medium,7317.08,87.4,16.14,10.4,High
P04175,Thermal,Punjab,North,1877,11197.2,89,1,Complete,High,12685.37,100.1,13.29,11.1,High
P04176,Transmission,Madhya Pradesh,Central,641,677.07,32,1,Complete,Medium,744.29,33.8,9.93,1.8,Low
P04177,Thermal,Andhra Pradesh,South,4313,25803.51,62,5,Complete,Low,26582.8,63.1,3.02,1.1,Low
P04178,Wind,Madhya Pradesh,Central,409,810.24,33,6,Complete,Medium,871.0,38.1,7.5,5.1,Medium
P04179,Wind,Rajasthan,North,828,1115.04,21,5,Complete,Medium,1201.48,25.2,7.75,4.2,Medium
P04180,Wind,Haryana,North,618,1409.17,35,7,Complete,Medium,1481.72,39.7,5.15,4.7,Medium
P04181,Solar,Karnataka,South,889,1468.89,41,3,Pending,Low,1904.81,56.7,29.68,15.7,High
P04182,Hydro,Madhya Pradesh,Central,3008,16292.89,37,7,Complete,High,17592.28,43.5,7.98,6.5,Medium
P04183,Solar,Punjab,North,50,117.15,44,6,Partial,Medium,142.22,54.1,21.4,10.1,High
P04184,Hydro,Gujarat,West,3764,17707.25,61,6,Partial,Low,19227.03,70.0,8.58,9.0,Medium
P04185,Solar,Uttar Pradesh,North,775,2445.48,15,2,Partial,Medium,2876.4,24.2,17.62,9.2,High
P04186,Thermal,Uttar Pradesh,North,1564,4199.87,90,5,Complete,Medium,4585.46,94.4,9.18,4.4,Medium
P04187,Hydro,Tamil Nadu,South,3915,18093.8,68,4,Partial,Medium,20491.27,75.0,13.25,7.0,Medium
P04188,Wind,Punjab,North,112,328.69,18,9,Pending,High,464.55,38.8,41.33,20.8,High
P04189,Transmission,Karnataka,South,223,249.09,28,10,Partial,Medium,333.3,38.4,33.81,10.4,High
P04190,Solar,Andhra Pradesh,South,955,3175.27,15,9,Complete,Medium,3510.99,20.3,10.57,5.3,Medium
P04191,Hydro,Andhra Pradesh,South,623,3382.27,53,7,Partial,Medium,4096.46,65.4,21.12,12.4,High
P04192,Hydro,Tamil Nadu,South,1079,4386.44,119,5,Complete,Low,4450.27,120.2,1.46,1.2,Low
P04193,Solar,Rajasthan,North,1001,2754.24,16,10,Complete,Medium,3220.35,20.4,16.92,4.4,Medium
P04194,Solar,Maharashtra,West,1133,3403.74,41,9,Partial,Medium,4180.73,52.9,22.83,11.9,High
P04195,Solar,Gujarat,West,567,1015.32,22,6,Pending,Medium,1347.03,32.3,32.67,10.3,High
P04196,Thermal,Punjab,North,755,3354.55,83,8,Complete,Low,3480.31,86.8,3.75,3.8,Medium
P04197,Hydro,Tamil Nadu,South,2391,12339.54,99,7,Partial,High,14793.01,113.2,19.88,14.2,High
P04198,Transmission,Tamil Nadu,South,2113,4536.89,57,7,Pending,Medium,5491.3,73.8,21.04,16.8,High
P04199,Thermal,Maharashtra,West,1035,4921.93,38,5,Complete,Medium,5425.76,40.8,10.24,2.8,Medium
P04200,Thermal,Maharashtra,West,4016,18952.87,75,5,Complete,High,21457.39,80.2,13.21,5.2,Medium
P04201,Transmission,Haryana,North,2475,6160.42,13,6,Complete,Medium,6802.15,16.7,10.42,3.7,Medium
P04202,Solar,Haryana,North,1468,2740.69,46,2,Partial,Medium,3337.79,52.1,21.79,6.1,Medium
P04203,Solar,Andhra Pradesh,South,888,3015.86,39,2,Partial,Medium,3704.48,48.0,22.83,9.0,Medium
P04204,Hydro,Maharashtra,West,2908,16179.45,37,4,Complete,Medium,17028.05,41.7,5.24,4.7,Medium
P04205,Hydro,Uttar Pradesh,North,2055,7545.0,91,3,Partial,Medium,8860.12,100.2,17.43,9.2,High
P04206,Thermal,Maharashtra,West,2520,10917.03,43,5,Pending,Low,13924.93,61.3,27.55,18.3,High
P04207,Wind,Haryana,North,513,1490.45,26,3,Complete,High,1641.21,35.5,10.12,9.5,High
P04208,Wind,Haryana,North,985,1711.59,23,4,Complete,Low,1783.76,24.7,4.22,1.7,Low
P04209,Thermal,Haryana,North,2041,9003.48,93,6,Partial,Low,10186.32,98.4,13.14,5.4,Medium
P04210,Hydro,Gujarat,West,609,2602.07,117,4,Pending,High,3580.0,141.7,37.58,24.7,High
P04211,Thermal,Andhra Pradesh,South,1105,3226.01,79,7,Complete,Low,3239.34,79.0,0.41,0.0,Low
P04212,Thermal,Uttar Pradesh,North,1952,11465.29,53,6,Complete,Medium,12564.57,56.7,9.59,3.7,Medium
P04213,Hydro,Gujarat,West,2520,11346.16,114,7,Partial,Medium,12979.31,121.3,14.39,7.3,Medium
P04214,Transmission,Punjab,North,2016,2908.26,30,6,Pending,Low,3698.84,44.1,27.18,14.1,High
P04215,Transmission,Andhra Pradesh,South,2702,5376.58,43,3,Partial,Medium,6011.69,54.6,11.81,11.6,High
P04216,Wind,Uttar Pradesh,North,190,407.72,17,9,Complete,Medium,466.79,23.0,14.49,6.0,Medium
P04217,Hydro,Maharashtra,West,1529,9789.02,42,1,Complete,Low,10026.89,43.8,2.43,1.8,Low
P04218,Hydro,Maharashtra,West,736,4973.7,67,10,Complete,Medium,5475.72,74.8,10.09,7.8,Medium
P04219,Solar,Haryana,North,1083,1662.55,44,3,Complete,Medium,1824.61,48.5,9.75,4.5,Medium
P04220,Solar,Gujarat,West,1094,2264.37,38,4,Complete,Low,2314.68,38.6,2.22,0.6,Low
P04221,Solar,Gujarat,West,1029,3254.71,27,3,Complete,Medium,3500.62,30.2,7.56,3.2,Medium
P04222,Hydro,Rajasthan,North,1028,6635.52,70,4,Complete,Low,6745.99,70.7,1.66,0.7,Low
P04223,Solar,Gujarat,West,1172,1907.68,19,2,Complete,Low,1946.29,19.2,2.02,0.2,Low
P04224,Wind,Andhra Pradesh,South,251,739.1,12,8,Complete,High,936.01,25.8,26.64,13.8,High
P04225,Solar,Maharashtra,West,767,2573.66,17,1,Complete,High,2864.04,21.4,11.28,4.4,Medium
P04226,Thermal,Andhra Pradesh,South,1997,12271.11,92,8,Partial,High,16822.98,109.1,37.09,17.1,High
P04227,Thermal,Rajasthan,North,4898,24587.39,89,8,Partial,Medium,30311.93,102.3,23.28,13.3,High
P04228,Thermal,Madhya Pradesh,Central,3883,21966.31,80,6,Partial,Medium,26656.88,90.2,21.35,10.2,High
P04229,Wind,Maharashtra,West,553,1049.9,27,6,Partial,Medium,1287.6,37.4,22.64,10.4,High
P04230,Solar,Punjab,North,1425,3853.4,41,7,Complete,Medium,4062.38,44.3,5.42,3.3,Medium
P04231,Transmission,Punjab,North,875,1090.51,31,6,Pending,Medium,1284.94,47.9,17.83,16.9,High
P04232,Hydro,Punjab,North,1915,8048.98,45,4,Pending,Medium,10603.21,66.4,31.73,21.4,High
P04233,Solar,Gujarat,West,1284,2728.3,26,1,Complete,Low,2832.58,26.3,3.82,0.3,Low
P04234,Thermal,Madhya Pradesh,Central,2468,15860.84,86,4,Complete,Medium,17530.58,89.7,10.53,3.7,Medium
P04235,Thermal,Madhya Pradesh,Central,4606,13927.5,70,1,Complete,Medium,14896.69,72.2,6.96,2.2,Low
P04236,Hydro,Andhra Pradesh,South,1040,4382.12,54,6,Partial,High,5431.3,68.2,23.94,14.2,High
P04237,Wind,Uttar Pradesh,North,499,1258.07,29,2,Partial,Medium,1490.8,39.2,18.5,10.2,High
P04238,Transmission,Uttar Pradesh,North,1799,2099.3,18,8,Partial,Low,2567.02,24.1,22.28,6.1,Medium
P04239,Hydro,Haryana,North,586,4040.67,63,10,Complete,Medium,4607.35,73.5,14.02,10.5,High
P04240,Hydro,Madhya Pradesh,Central,860,4766.07,85,5,Complete,Medium,5003.65,88.5,4.98,3.5,Medium
P04241,Transmission,Uttar Pradesh,North,2431,4953.67,45,6,Complete,Medium,5351.81,47.6,8.04,2.6,Low
P04242,Wind,Maharashtra,West,718,1708.43,27,1,Partial,Low,1976.51,31.0,15.69,4.0,Medium
P04243,Hydro,Rajasthan,North,169,887.88,54,6,Partial,Low,996.55,57.8,12.24,3.8,Medium
P04244,Transmission,Maharashtra,West,714,1165.18,39,10,Partial,Medium,1363.92,51.3,17.06,12.3,High
P04245,Transmission,Rajasthan,North,1496,1612.06,38,5,Partial,High,2001.65,52.8,24.17,14.8,High
P04246,Transmission,Gujarat,West,2892,5400.26,30,4,Partial,Low,6124.2,34.0,13.41,4.0,Medium
P04247,Wind,Gujarat,West,472,1202.75,35,3,Pending,High,1697.38,50.4,41.12,15.4,High
P04248,Thermal,Andhra Pradesh,South,2986,19169.11,36,10,Partial,Low,23245.57,45.1,21.27,9.1,High
P04249,Thermal,Punjab,North,4020,13030.26,75,5,Pending,High,17067.88,104.2,30.99,29.2,High
P04250,Transmission,Maharashtra,West,1622,3023.75,54,8,Partial,Medium,3696.41,68.0,22.25,14.0,High
P04251,Thermal,Gujarat,West,1418,6504.57,49,7,Complete,Low,6644.17,49.8,2.15,0.8,Low
P04252,Transmission,Uttar Pradesh,North,1914,4656.84,50,2,Complete,Medium,4987.15,52.3,7.09,2.3,Low
P04253,Solar,Maharashtra,West,1137,1802.18,45,1,Complete,Low,1888.1,47.0,4.77,2.0,Low
P04254,Transmission,Uttar Pradesh,North,331,386.56,33,8,Complete,High,496.21,51.1,28.37,18.1,High
P04255,Transmission,Madhya Pradesh,Central,2131,4204.24,52,7,Complete,Low,4310.04,53.8,2.52,1.8,Low
P04256,Hydro,Haryana,North,2563,16197.26,76,7,Pending,Medium,22077.67,90.7,36.3,14.7,High
P04257,Transmission,Tamil Nadu,South,2337,2901.12,30,3,Partial,Low,3247.73,35.1,11.95,5.1,Medium
P04258,Thermal,Rajasthan,North,732,4600.09,72,9,Partial,Low,5183.63,78.2,12.69,6.2,Medium
P04259,Wind,Haryana,North,524,1279.29,14,2,Complete,High,1426.43,20.7,11.5,6.7,Medium
P04260,Solar,Karnataka,South,86,224.26,19,8,Complete,High,284.05,37.1,26.66,18.1,High
P04261,Thermal,Madhya Pradesh,Central,630,2899.23,55,8,Pending,Medium,4077.53,72.1,40.64,17.1,High
P04262,Thermal,Andhra Pradesh,South,1494,8704.21,53,9,Complete,Medium,10022.74,58.1,15.15,5.1,Medium
P04263,Wind,Rajasthan,North,920,1492.16,19,5,Complete,Medium,1598.18,21.0,7.1,2.0,Low
P04264,Solar,Haryana,North,1453,4712.89,22,1,Complete,High,5070.68,35.3,7.59,13.3,High
P04265,Wind,Punjab,North,167,226.83,29,5,Pending,High,331.52,49.0,46.15,20.0,High
P04266,Wind,Gujarat,West,917,1799.98,30,5,Complete,Medium,1905.14,33.1,5.84,3.1,Medium
P04267,Hydro,Karnataka,South,3882,17878.27,89,1,Complete,Medium,19471.7,92.8,8.91,3.8,Medium
P04268,Solar,Karnataka,South,858,1976.85,29,5,Partial,Low,2280.09,34.9,15.34,5.9,Medium
P04269,Thermal,Karnataka,South,1710,4770.16,41,7,Complete,Low,4905.32,42.7,2.83,1.7,Low
P04270,Wind,Haryana,North,755,1954.67,29,10,Complete,Medium,2235.31,39.3,14.36,10.3,High
P04271,Transmission,Madhya Pradesh,Central,696,1416.34,16,5,Complete,Medium,1594.96,19.3,12.61,3.3,Medium
P04272,Solar,Punjab,North,1110,2176.46,43,4,Complete,Medium,2298.51,46.3,5.61,3.3,Medium
P04273,Hydro,Karnataka,South,2561,11881.85,112,10,Complete,Low,12439.69,117.6,4.69,5.6,Medium
P04274,Hydro,Madhya Pradesh,Central,2899,11537.46,87,7,Complete,Medium,12032.46,88.9,4.29,1.9,Low
P04275,Hydro,Gujarat,West,2261,8542.24,48,6,Partial,Medium,10382.2,54.3,21.54,6.3,Medium
P04276,Solar,Tamil Nadu,South,523,1691.64,42,8,Partial,High,2193.19,55.7,29.65,13.7,High
P04277,Thermal,Uttar Pradesh,North,3626,9960.92,76,10,Complete,Medium,11126.55,82.5,11.7,6.5,Medium
P04278,Wind,Haryana,North,378,458.26,35,8,Pending,Medium,592.94,52.5,29.39,17.5,High
P04279,Wind,Rajasthan,North,558,1574.3,17,4,Partial,Medium,1939.32,29.4,23.19,12.4,High
P04280,Wind,Maharashtra,West,883,1099.09,32,1,Complete,Medium,1184.47,36.0,7.77,4.0,Medium
P04281,Transmission,Andhra Pradesh,South,758,1114.59,47,10,Partial,Low,1286.4,59.4,15.41,12.4,High
P04282,Transmission,Karnataka,South,1500,2890.8,14,9,Complete,Low,3136.15,17.0,8.49,3.0,Medium
P04283,Wind,Tamil Nadu,South,134,285.51,26,9,Partial,High,372.74,46.8,30.55,20.8,High
P04284,Hydro,Andhra Pradesh,South,582,2236.37,115,2,Complete,High,2395.11,120.8,7.1,5.8,Medium
P04285,Solar,Tamil Nadu,South,186,419.76,13,7,Partial,Low,469.62,18.3,11.88,5.3,Medium
P04286,Thermal,Andhra Pradesh,South,697,1890.12,61,10,Complete,Medium,2207.32,66.9,16.78,5.9,Medium
P04287,Hydro,Madhya Pradesh,Central,1507,8275.74,66,4,Partial,Medium,9655.48,74.4,16.67,8.4,Medium
P04288,Hydro,Andhra Pradesh,South,1908,14040.74,119,1,Complete,Low,14153.7,119.3,0.8,0.3,Low
P04289,Solar,Gujarat,West,123,237.16,37,5,Partial,Medium,272.17,44.0,14.76,7.0,Medium
P04290,Transmission,Punjab,North,1037,2417.34,44,3,Complete,Medium,2629.96,48.3,8.8,4.3,Medium
P04291,Solar,Uttar Pradesh,North,1411,4043.88,32,4,Partial,Medium,4953.08,37.2,22.48,5.2,Medium
P04292,Thermal,Punjab,North,1849,11517.8,89,9,Complete,High,14328.97,100.4,24.41,11.4,High
P04293,Thermal,Uttar Pradesh,North,1416,8922.25,83,9,Pending,Low,11315.86,104.4,26.83,21.4,High
P04294,Solar,Maharashtra,West,1479,3979.69,34,3,Partial,Medium,4766.68,44.5,19.78,10.5,High
P04295,Wind,Gujarat,West,521,1461.12,23,1,Partial,Medium,1744.87,31.2,19.42,8.2,Medium
P04296,Hydro,Rajasthan,North,2262,13745.55,73,3,Partial,Medium,16728.82,84.0,21.7,11.0,High
P04297,Wind,Punjab,North,137,324.37,35,5,Partial,Medium,387.02,42.0,19.31,7.0,Medium
P04298,Thermal,Andhra Pradesh,South,4906,23486.84,85,6,Complete,High,26540.37,94.7,13.0,9.7,High
P04299,Hydro,Rajasthan,North,1859,14242.33,45,10,Pending,Low,18852.44,62.1,32.37,17.1,High
P04300,Transmission,Tamil Nadu,South,1970,2490.81,33,2,Complete,Medium,2780.49,36.8,11.63,3.8,Medium
P04301,Thermal,Rajasthan,North,4878,31504.1,57,9,Complete,Medium,37667.92,66.4,19.57,9.4,High
P04302,Thermal,Rajasthan,North,2729,9552.26,40,9,Pending,Medium,12309.55,63.0,28.87,23.0,High
P04303,Solar,Uttar Pradesh,North,1125,1736.74,33,7,Complete,High,1971.53,42.6,13.52,9.6,High
P04304,Transmission,Maharashtra,West,2419,4722.54,58,9,Partial,High,6663.26,75.6,41.09,17.6,High
P04305,Hydro,Haryana,North,3771,29629.1,99,9,Pending,Low,37462.42,115.4,26.44,16.4,High
P04306,Transmission,Haryana,North,958,1293.57,25,1,Pending,Medium,1584.26,36.4,22.47,11.4,High
P04307,Solar,Madhya Pradesh,Central,1037,3225.55,25,5,Complete,Low,3318.78,26.4,2.89,1.4,Low
P04308,Solar,Gujarat,West,249,583.0,42,3,Partial,Low,628.08,44.3,7.73,2.3,Low
P04309,Solar,Uttar Pradesh,North,1379,2335.36,34,10,Pending,Medium,3331.2,61.0,42.64,27.0,High
P04310,Transmission,Maharashtra,West,2456,5437.34,25,7,Complete,Medium,5763.32,27.7,6.0,2.7,Low
P04311,Solar,Madhya Pradesh,Central,701,1266.8,25,7,Partial,High,1683.9,37.8,32.93,12.8,High
P04312,Wind,Maharashtra,West,273,671.18,18,5,Pending,Low,852.71,30.6,27.05,12.6,High
P04313,Transmission,Rajasthan,North,2319,4343.56,33,10,Complete,Low,4506.05,36.0,3.74,3.0,Medium
P04314,Transmission,Rajasthan,North,2025,3722.96,24,5,Partial,Medium,4556.32,34.9,22.38,10.9,High
P04315,Thermal,Karnataka,South,2177,6254.6,95,2,Complete,High,7116.72,104.4,13.78,9.4,High
P04316,Thermal,Madhya Pradesh,Central,3159,9974.88,85,9,Pending,Medium,13514.95,104.8,35.49,19.8,High
P04317,Hydro,Punjab,North,1561,11235.04,90,3,Partial,Low,12753.76,95.7,13.52,5.7,Medium
P04318,Thermal,Rajasthan,North,2319,12409.3,82,8,Pending,Medium,16764.76,98.5,35.1,16.5,High
P04319,Thermal,Tamil Nadu,South,3530,17086.0,86,8,Complete,Medium,19655.18,92.9,15.04,6.9,Medium
P04320,Wind,Karnataka,South,660,820.59,33,1,Partial,High,1080.8,45.8,31.71,12.8,High
P04321,Transmission,Uttar Pradesh,North,255,541.06,57,1,Partial,Medium,643.66,67.4,18.96,10.4,High
P04322,Solar,Tamil Nadu,South,774,2474.24,45,2,Pending,High,3261.19,63.4,31.81,18.4,High
P04323,Thermal,Gujarat,West,1017,4036.9,37,2,Partial,Medium,4531.86,48.4,12.26,11.4,High
P04324,Solar,Uttar Pradesh,North,420,885.35,36,5,Complete,Medium,957.81,40.9,8.18,4.9,Medium
P04325,Thermal,Punjab,North,1616,8557.97,45,8,Pending,Medium,11095.45,57.8,29.65,12.8,High
P04326,Hydro,Tamil Nadu,South,3767,18214.3,118,6,Complete,Medium,19547.41,121.3,7.32,3.3,Medium
P04327,Wind,Haryana,North,525,733.27,18,2,Pending,Medium,999.23,34.7,36.27,16.7,High
P04328,Wind,Tamil Nadu,South,650,1432.67,31,5,Partial,Low,1629.6,36.5,13.75,5.5,Medium
P04329,Thermal,Haryana,North,3880,16394.49,54,3,Complete,Medium,17592.48,59.1,7.31,5.1,Medium
P04330,Wind,Maharashtra,West,967,2028.52,28,4,Complete,High,2282.22,32.1,12.51,4.1,Medium
P04331,Transmission,Tamil Nadu,South,448,795.3,41,3,Partial,Medium,926.8,51.1,16.54,10.1,High
P04332,Hydro,Rajasthan,North,2228,9416.25,113,1,Pending,Low,11437.92,130.5,21.47,17.5,High
P04333,Thermal,Rajasthan,North,1953,7241.97,64,9,Partial,Medium,8562.21,72.5,18.23,8.5,Medium
P04334,Transmission,Tamil Nadu,South,2590,6088.68,59,9,Partial,Low,6898.34,69.7,13.3,10.7,High
P04335,Hydro,Uttar Pradesh,North,465,1718.6,72,9,Complete,Low,1950.13,76.8,13.47,4.8,Medium
P04336,Thermal,Tamil Nadu,South,2362,14254.09,70,7,Complete,High,17526.76,80.3,22.96,10.3,High
P04337,Solar,Gujarat,West,514,1103.67,12,7,Complete,Low,1132.88,12.4,2.65,0.4,Low
P04338,Thermal,Maharashtra,West,2928,11722.03,67,6,Partial,Medium,14327.13,75.1,22.22,8.1,Medium
P04339,Thermal,Gujarat,West,3235,10388.48,70,5,Complete,Medium,11097.68,72.1,6.83,2.1,Low
P04340,Solar,Maharashtra,West,220,608.26,30,4,Pending,High,824.14,54.3,35.49,24.3,High
P04341,Thermal,Madhya Pradesh,Central,2500,13116.58,44,1,Complete,High,15106.23,53.4,15.17,9.4,High
P04342,Wind,Rajasthan,North,732,1453.76,22,6,Complete,Low,1514.04,24.0,4.15,2.0,Low
P04343,Hydro,Andhra Pradesh,South,1746,12845.42,57,8,Pending,Medium,16165.48,79.8,25.85,22.8,High
P04344,Solar,Punjab,North,1397,4051.01,12,9,Pending,High,5634.44,33.0,39.09,21.0,High
P04345,Thermal,Karnataka,South,4879,13994.56,83,9,Partial,High,18195.33,105.1,30.02,22.1,High
P04346,Thermal,Tamil Nadu,South,2856,14445.42,73,4,Partial,Medium,16765.38,85.3,16.06,12.3,High
P04347,Solar,Gujarat,West,368,1246.5,13,4,Partial,Low,1405.88,17.0,12.79,4.0,Medium
P04348,Transmission,Gujarat,West,2855,5300.79,49,4,Pending,Medium,6784.08,62.5,27.98,13.5,High
P04349,Solar,Uttar Pradesh,North,73,205.09,31,6,Complete,High,247.13,38.8,20.5,7.8,Medium
P04350,Thermal,Karnataka,South,2347,11861.87,48,6,Partial,Low,13563.33,50.8,14.34,2.8,Medium
P04351,Solar,Madhya Pradesh,Central,1296,2216.12,22,9,Complete,Medium,2592.1,29.8,16.97,7.8,Medium
P04352,Thermal,Punjab,North,1699,9018.33,40,9,Complete,Medium,10554.94,45.3,17.04,5.3,Medium
P04353,Wind,Maharashtra,West,338,752.95,14,2,Complete,Medium,834.08,17.2,10.77,3.2,Medium
P04354,Transmission,Karnataka,South,1189,2899.27,26,9,Pending,Medium,4093.56,45.8,41.19,19.8,High
P04355,Hydro,Maharashtra,West,3411,20796.39,99,1,Partial,High,25670.62,115.9,23.44,16.9,High
P04356,Solar,Andhra Pradesh,South,1346,2762.56,13,2,Complete,Low,2781.41,14.2,0.68,1.2,Low
P04357,Wind,Madhya Pradesh,Central,978,1293.02,16,4,Partial,Medium,1532.18,24.1,18.5,8.1,Medium
P04358,Wind,Andhra Pradesh,South,230,569.42,25,9,Complete,High,691.47,31.8,21.43,6.8,Medium
P04359,Transmission,Haryana,North,2731,4185.72,25,6,Complete,Medium,4505.94,29.1,7.65,4.1,Medium
P04360,Wind,Maharashtra,West,161,216.44,24,1,Complete,Low,219.01,25.8,1.19,1.8,Low
P04361,Solar,Andhra Pradesh,South,929,1514.11,22,10,Complete,Medium,1637.43,28.6,8.14,6.6,Medium
P04362,Solar,Haryana,North,734,1263.4,43,8,Partial,Medium,1538.49,57.9,21.77,14.9,High
P04363,Transmission,Rajasthan,North,2936,5239.57,58,6,Partial,High,6496.72,73.7,23.99,15.7,High
P04364,Wind,Gujarat,West,199,551.18,21,1,Partial,High,658.93,41.2,19.55,20.2,High
P04365,Wind,Uttar Pradesh,North,441,1022.98,14,9,Partial,Low,1236.64,23.7,20.89,9.7,High
P04366,Solar,Andhra Pradesh,South,636,1815.31,14,8,Partial,Medium,2373.9,24.8,30.77,10.8,High
P04367,Hydro,Haryana,North,3736,11762.35,43,10,Pending,Medium,15937.46,59.8,35.5,16.8,High
P04368,Wind,Haryana,North,397,1118.48,16,9,Complete,High,1409.59,30.9,26.03,14.9,High
P04369,Thermal,Punjab,North,2582,14943.39,75,4,Complete,Medium,16084.37,79.1,7.64,4.1,Medium
P04370,Wind,Uttar Pradesh,North,433,1161.14,22,6,Complete,Medium,1300.19,25.3,11.98,3.3,Medium
P04371,Transmission,Madhya Pradesh,Central,1550,1943.76,24,3,Complete,High,2203.67,29.5,13.37,5.5,Medium
P04372,Transmission,Tamil Nadu,South,722,998.55,48,2,Complete,High,1163.57,58.9,16.53,10.9,High
P04373,Thermal,Madhya Pradesh,Central,3678,21041.32,68,5,Complete,Medium,23150.33,73.5,10.02,5.5,Medium
P04374,Wind,Andhra Pradesh,South,744,1042.35,20,6,Complete,Medium,1140.34,24.2,9.4,4.2,Medium
P04375,Solar,Haryana,North,120,206.42,22,5,Pending,Medium,275.58,42.9,33.51,20.9,High
P04376,Solar,Karnataka,South,899,3059.22,34,10,Pending,Medium,4354.95,55.9,42.35,21.9,High
P04377,Solar,Andhra Pradesh,South,420,1414.7,25,3,Pending,Medium,1952.61,45.2,38.02,20.2,High
P04378,Hydro,Maharashtra,West,2175,9026.23,102,7,Partial,Low,9940.44,109.6,10.13,7.6,Medium
P04379,Thermal,Karnataka,South,2741,17737.19,80,4,Pending,High,24530.54,101.5,38.3,21.5,High
P04380,Wind,Madhya Pradesh,Central,173,315.16,14,1,Complete,High,379.77,24.0,20.5,10.0,High
P04381,Solar,Haryana,North,1332,2065.62,47,2,Complete,Medium,2224.46,52.1,7.69,5.1,Medium
P04382,Solar,Karnataka,South,607,1236.39,36,7,Complete,Low,1244.33,36.9,0.64,0.9,Low
P04383,Hydro,Tamil Nadu,South,1954,11889.06,47,6,Complete,Low,12097.25,48.4,1.75,1.4,Low
P04384,Hydro,Tamil Nadu,South,3991,25663.06,112,3,Complete,High,28757.03,123.6,12.06,11.6,High
P04385,Thermal,Uttar Pradesh,North,1871,9169.58,91,3,Partial,Medium,10334.78,97.0,12.71,6.0,Medium
P04386,Thermal,Maharashtra,West,1674,9660.8,73,2,Pending,Low,11021.74,81.9,14.09,8.9,Medium
P04387,Solar,Rajasthan,North,916,2976.13,45,10,Partial,Medium,3645.81,52.3,22.5,7.3,Medium
P04388,Hydro,Madhya Pradesh,Central,1804,6870.38,117,10,Partial,Medium,8648.23,129.5,25.88,12.5,High
P04389,Solar,Gujarat,West,256,709.59,29,1,Partial,High,901.16,42.5,27.0,13.5,High
P04390,Transmission,Karnataka,South,1941,4081.71,16,5,Partial,Low,4843.71,22.2,18.67,6.2,Medium
P04391,Solar,Madhya Pradesh,Central,720,1516.3,42,5,Partial,Low,1654.6,45.6,9.12,3.6,Medium
P04392,Solar,Rajasthan,North,1042,1590.92,15,10,Complete,Low,1816.27,19.6,14.16,4.6,Medium
P04393,Hydro,Rajasthan,North,793,3084.12,103,3,Partial,Medium,3678.57,114.0,19.27,11.0,High
P04394,Hydro,Tamil Nadu,South,2753,13947.86,66,9,Partial,Medium,17904.08,82.5,28.36,16.5,High
P04395,Thermal,Uttar Pradesh,North,2313,14026.69,83,2,Partial,Medium,17170.98,90.0,22.42,7.0,Medium
P04396,Wind,Tamil Nadu,South,340,605.46,27,5,Partial,Medium,690.36,37.3,14.02,10.3,High
P04397,Thermal,Rajasthan,North,1999,7649.9,66,8,Complete,Medium,8782.69,72.3,14.81,6.3,Medium
P04398,Transmission,Rajasthan,North,1072,2298.72,55,10,Complete,Low,2513.8,60.0,9.36,5.0,Medium
P04399,Hydro,Maharashtra,West,598,3211.42,92,9,Partial,High,4461.95,109.7,38.94,17.7,High
P04400,Thermal,Rajasthan,North,1951,12367.49,79,3,Partial,Medium,14780.88,87.5,19.51,8.5,Medium
P04401,Wind,Andhra Pradesh,South,99,245.12,12,1,Partial,High,292.43,19.0,19.3,7.0,Medium
P04402,Wind,Madhya Pradesh,Central,293,723.13,12,10,Complete,Low,775.26,14.7,7.21,2.7,Low
P04403,Wind,Gujarat,West,228,399.04,30,3,Complete,High,430.63,33.5,7.92,3.5,Medium
P04404,Thermal,Tamil Nadu,South,4570,22812.08,85,1,Complete,High,25606.91,92.1,12.25,7.1,Medium
P04405,Transmission,Karnataka,South,2357,5226.92,16,6,Partial,Medium,6291.35,26.0,20.36,10.0,High
P04406,Hydro,Rajasthan,North,2454,17210.94,118,4,Complete,Medium,18391.11,121.8,6.86,3.8,Medium
P04407,Solar,Uttar Pradesh,North,397,699.01,36,7,Complete,Low,727.65,36.9,4.1,0.9,Low
P04408,Thermal,Madhya Pradesh,Central,3889,23611.19,52,3,Complete,High,28182.3,63.2,19.36,11.2,High
P04409,Solar,Karnataka,South,266,869.32,36,7,Complete,High,1029.98,48.1,18.48,12.1,High
P04410,Hydro,Uttar Pradesh,North,1887,7368.54,79,4,Partial,Medium,9002.18,88.9,22.17,9.9,High
P04411,Thermal,Punjab,North,939,3653.4,43,9,Complete,Low,3975.94,48.3,8.83,5.3,Medium
P04412,Transmission,Gujarat,West,1915,3049.12,12,1,Complete,Low,3102.23,12.6,1.74,0.6,Low
P04413,Hydro,Gujarat,West,2774,11214.72,97,3,Complete,Medium,12373.28,99.9,10.33,2.9,Medium
P04414,Hydro,Maharashtra,West,1366,5933.4,105,9,Partial,Medium,7474.0,116.9,25.96,11.9,High
P04415,Hydro,Haryana,North,816,3025.24,51,1,Pending,High,4228.21,72.8,39.76,21.8,High
P04416,Wind,Madhya Pradesh,Central,620,848.39,15,10,Pending,Medium,1120.75,36.2,32.1,21.2,High
P04417,Transmission,Andhra Pradesh,South,302,351.77,30,4,Partial,Medium,407.21,36.1,15.76,6.1,Medium
P04418,Solar,Uttar Pradesh,North,620,933.21,33,1,Complete,High,1054.36,42.9,12.98,9.9,High
P04419,Transmission,Karnataka,South,615,1243.23,13,1,Complete,Medium,1364.2,15.3,9.73,2.3,Low
P04420,Solar,Karnataka,South,767,2274.5,42,4,Partial,Medium,2646.45,51.6,16.35,9.6,High
P04421,Hydro,Maharashtra,West,1400,4333.44,65,6,Partial,Low,4940.04,73.5,14.0,8.5,Medium
P04422,Solar,Uttar Pradesh,North,86,255.53,32,2,Partial,Medium,305.29,42.0,19.47,10.0,High
P04423,Solar,Uttar Pradesh,North,1438,3187.86,13,2,Complete,Medium,3472.55,18.2,8.93,5.2,Medium
P04424,Solar,Gujarat,West,457,1334.71,32,8,Complete,Low,1500.23,38.2,12.4,6.2,Medium
P04425,Solar,Karnataka,South,498,1056.67,38,8,Partial,Medium,1346.2,49.2,27.4,11.2,High
P04426,Hydro,Punjab,North,1599,7939.9,37,8,Complete,High,9506.38,49.4,19.73,12.4,High
P04427,Hydro,Maharashtra,West,3790,13132.95,48,5,Complete,Low,13701.79,48.4,4.33,0.4,Low
P04428,Thermal,Rajasthan,North,886,5147.87,95,3,Partial,Low,5699.87,101.1,10.72,6.1,Medium
P04429,Solar,Rajasthan,North,351,650.8,22,8,Complete,Medium,735.82,27.9,13.06,5.9,Medium
P04430,Wind,Punjab,North,963,2587.16,33,1,Complete,Medium,2801.27,35.8,8.28,2.8,Low
P04431,Thermal,Maharashtra,West,4512,24522.66,68,10,Partial,Medium,31446.4,76.6,28.23,8.6,High
P04432,Transmission,Andhra Pradesh,South,2119,4355.46,15,2,Partial,Low,4839.24,18.4,11.11,3.4,Medium
P04433,Wind,Haryana,North,943,1698.04,34,5,Partial,High,2181.97,41.4,28.5,7.4,High
P04434,Solar,Haryana,North,1351,3975.51,13,9,Complete,Low,4205.35,15.0,5.78,2.0,Low
P04435,Transmission,Punjab,North,2959,5002.82,34,4,Complete,Medium,5368.81,36.5,7.32,2.5,Low
P04436,Wind,Tamil Nadu,South,479,583.7,14,1,Pending,Medium,769.66,30.1,31.86,16.1,High
P04437,Solar,Uttar Pradesh,North,1290,3231.67,28,9,Partial,Medium,3866.23,41.2,19.64,13.2,High
P04438,Transmission,Haryana,North,2556,3473.67,24,3,Partial,Low,3990.94,31.3,14.89,7.3,Medium
P04439,Thermal,Andhra Pradesh,South,4163,25776.26,80,2,Complete,High,28466.38,92.3,10.44,12.3,High
P04440,Transmission,Andhra Pradesh,South,2875,3252.05,50,7,Partial,Medium,3725.93,56.9,14.57,6.9,Medium
P04441,Hydro,Haryana,North,2450,16097.32,52,1,Partial,Low,18069.48,56.1,12.25,4.1,Medium
P04442,Hydro,Maharashtra,West,1116,6223.12,94,1,Complete,Medium,6674.68,98.4,7.26,4.4,Medium
P04443,Wind,Madhya Pradesh,Central,521,1048.83,27,1,Complete,Medium,1129.04,30.1,7.65,3.1,Medium
P04444,Thermal,Madhya Pradesh,Central,4746,15678.13,84,6,Partial,High,20767.8,91.7,32.46,7.7,High
P04445,Hydro,Madhya Pradesh,Central,1925,14417.34,111,7,Pending,Medium,17475.44,127.3,21.21,16.3,High
P04446,Thermal,Punjab,North,2999,18010.66,57,1,Partial,Low,19985.54,63.9,10.97,6.9,Medium
P04447,Transmission,Rajasthan,North,805,1964.31,26,10,Pending,High,2449.22,51.6,24.69,25.6,High
P04448,Thermal,Punjab,North,4593,27677.5,94,9,Pending,Low,33358.38,110.3,20.53,16.3,High
P04449,Solar,Tamil Nadu,South,588,1384.33,29,6,Complete,Medium,1499.91,32.0,8.35,3.0,Medium
P04450,Transmission,Uttar Pradesh,North,628,1002.59,36,4,Complete,Medium,1085.95,38.3,8.31,2.3,Low
P04451,Hydro,Tamil Nadu,South,2101,10299.47,115,5,Complete,Medium,10709.1,118.3,3.98,3.3,Medium
P04452,Hydro,Haryana,North,928,6937.38,116,2,Complete,Medium,7440.31,120.6,7.25,4.6,Medium
P04453,Thermal,Tamil Nadu,South,1494,6364.87,39,3,Pending,Low,8139.56,54.1,27.88,15.1,High
P04454,Thermal,Tamil Nadu,South,4898,15675.09,68,5,Complete,Medium,17121.53,70.3,9.23,2.3,Low
P04455,Wind,Punjab,North,566,1577.35,32,10,Complete,Medium,1840.7,40.3,16.7,8.3,Medium
P04456,Thermal,Tamil Nadu,South,1552,6971.39,65,8,Partial,Medium,8389.27,73.5,20.34,8.5,Medium
P04457,Hydro,Gujarat,West,308,2430.29,42,1,Partial,High,3013.94,58.1,24.02,16.1,High
P04458,Thermal,Haryana,North,3651,20429.85,51,10,Complete,Medium,23159.52,56.3,13.36,5.3,Medium
P04459,Solar,Punjab,North,1316,2050.79,32,5,Complete,Medium,2149.21,35.8,4.8,3.8,Medium
P04460,Thermal,Gujarat,West,3603,21305.76,82,4,Partial,Low,24718.91,89.5,16.02,7.5,Medium
P04461,Hydro,Haryana,North,1825,10599.28,100,1,Complete,Low,11104.24,101.4,4.76,1.4,Low
P04462,Solar,Karnataka,South,1022,3250.82,19,8,Complete,High,4256.36,33.4,30.93,14.4,High
P04463,Wind,Andhra Pradesh,South,966,1432.28,14,3,Complete,Low,1434.62,15.3,0.16,1.3,Low
P04464,Wind,Andhra Pradesh,South,789,1123.53,31,4,Partial,Low,1282.18,35.2,14.12,4.2,Medium
P04465,Hydro,Tamil Nadu,South,2340,9757.85,38,1,Partial,Low,11402.41,44.1,16.85,6.1,Medium
P04466,Thermal,Uttar Pradesh,North,1224,6853.75,46,2,Pending,Medium,8418.43,65.4,22.83,19.4,High
P04467,Hydro,Haryana,North,149,471.91,106,3,Complete,Low,485.3,107.0,2.84,1.0,Low
P04468,Transmission,Uttar Pradesh,North,1418,1804.34,57,5,Complete,High,1921.66,64.4,6.5,7.4,Medium
P04469,Thermal,Tamil Nadu,South,2237,13443.07,36,3,Partial,Medium,15859.61,45.0,17.98,9.0,Medium
P04470,Transmission,Gujarat,West,364,507.72,18,4,Pending,High,680.97,46.7,34.12,28.7,High
P04471,Hydro,Haryana,North,2698,12861.41,107,7,Complete,Low,13272.57,107.9,3.2,0.9,Low
P04472,Hydro,Maharashtra,West,2696,9133.33,100,5,Complete,Medium,9664.35,104.3,5.81,4.3,Medium
P04473,Hydro,Rajasthan,North,1509,6464.07,49,6,Complete,Medium,7000.34,52.2,8.3,3.2,Medium
P04474,Solar,Haryana,North,671,2174.76,42,2,Complete,Medium,2363.55,46.2,8.68,4.2,Medium
P04475,Solar,Gujarat,West,794,2240.56,37,1,Partial,Medium,2652.78,47.5,18.4,10.5,High
P04476,Solar,Rajasthan,North,912,1827.92,31,5,Complete,Medium,1987.81,36.0,8.75,5.0,Medium
P04477,Thermal,Karnataka,South,4080,12424.85,50,9,Complete,High,15377.47,61.2,23.76,11.2,High
P04478,Hydro,Gujarat,West,1403,6463.91,55,9,Pending,Medium,8523.59,76.8,31.86,21.8,High
P04479,Wind,Andhra Pradesh,South,321,900.19,34,7,Complete,Medium,954.21,38.3,6.0,4.3,Medium
P04480,Transmission,Madhya Pradesh,Central,2891,4266.16,32,5,Partial,Medium,5138.38,39.4,20.45,7.4,Medium
P04481,Hydro,Uttar Pradesh,North,819,3695.63,93,8,Complete,Medium,4074.06,99.3,10.24,6.3,Medium
P04482,Transmission,Haryana,North,2996,3055.39,37,5,Complete,Medium,3432.26,41.6,12.33,4.6,Medium
P04483,Solar,Uttar Pradesh,North,1001,2974.73,14,8,Partial,Medium,3543.08,20.9,19.11,6.9,Medium
P04484,Transmission,Madhya Pradesh,Central,2882,5070.1,32,3,Complete,Medium,5519.22,34.8,8.86,2.8,Low
P04485,Wind,Haryana,North,981,2172.91,12,5,Partial,Medium,2570.94,20.1,18.32,8.1,Medium
P04486,Solar,Tamil Nadu,South,331,1051.7,34,7,Partial,Low,1215.38,42.1,15.56,8.1,Medium
P04487,Wind,Gujarat,West,576,821.5,29,8,Partial,Medium,1000.47,42.5,21.79,13.5,High
P04488,Hydro,Gujarat,West,1926,11750.27,81,6,Partial,Low,12711.02,89.0,8.18,8.0,Medium
P04489,Thermal,Punjab,North,1687,10624.02,53,3,Complete,Low,11010.66,54.1,3.64,1.1,Low
P04490,Hydro,Gujarat,West,3845,25549.86,37,4,Complete,Low,26548.59,38.9,3.91,1.9,Low
P04491,Wind,Madhya Pradesh,Central,826,1187.3,26,8,Partial,Low,1346.79,33.4,13.43,7.4,Medium
P04492,Thermal,Punjab,North,2776,7182.58,53,3,Complete,High,8792.99,57.7,22.42,4.7,Medium
P04493,Transmission,Gujarat,West,2406,5255.93,37,8,Pending,Medium,6708.8,57.2,27.64,20.2,High
P04494,Solar,Karnataka,South,528,1618.66,47,3,Partial,Medium,1810.59,57.8,11.86,10.8,High
P04495,Hydro,Uttar Pradesh,North,3833,23472.24,56,7,Complete,High,27614.03,64.7,17.65,8.7,Medium
P04496,Solar,Uttar Pradesh,North,679,1473.77,46,1,Complete,Medium,1590.89,49.3,7.95,3.3,Medium
P04497,Transmission,Uttar Pradesh,North,186,387.81,16,1,Complete,High,441.17,22.5,13.76,6.5,Medium
P04498,Thermal,Gujarat,West,3437,20705.15,49,9,Complete,Medium,24238.26,57.7,17.06,8.7,Medium
P04499,Solar,Punjab,North,562,1049.04,21,7,Partial,Medium,1190.81,29.2,13.51,8.2,Medium
P04500,Solar,Haryana,North,948,2203.82,21,8,Partial,Low,2557.45,33.2,16.05,12.2,High
P04501,Thermal,Madhya Pradesh,Central,4823,12114.06,51,10,Complete,High,14127.72,62.8,16.62,11.8,High
P04502,Hydro,Gujarat,West,377,1776.15,64,10,Complete,Low,1942.62,66.9,9.37,2.9,Low
P04503,Thermal,Haryana,North,1444,5975.69,91,7,Complete,Low,6154.72,91.8,3.0,0.8,Low
P04504,Solar,Andhra Pradesh,South,794,2257.9,18,9,Complete,Medium,2533.16,24.4,12.19,6.4,Medium
P04505,Transmission,Uttar Pradesh,North,2223,2633.79,28,10,Partial,Medium,3084.97,43.8,17.13,15.8,High
P04506,Transmission,Madhya Pradesh,Central,1261,2731.84,55,7,Pending,Low,3448.47,73.4,26.23,18.4,High
P04507,Wind,Karnataka,South,545,1465.97,13,10,Pending,Low,1900.38,30.0,29.63,17.0,High
P04508,Thermal,Haryana,North,3667,20025.56,93,9,Complete,Medium,22952.38,99.3,14.62,6.3,Medium
P04509,Wind,Gujarat,West,383,1051.9,18,4,Partial,Medium,1207.47,25.6,14.79,7.6,Medium
P04510,Transmission,Tamil Nadu,South,2160,3449.99,53,1,Pending,Low,4473.86,62.0,29.68,9.0,High
P04511,Solar,Rajasthan,North,530,1668.11,18,9,Complete,Low,1773.07,22.4,6.29,4.4,Medium
P04512,Thermal,Gujarat,West,3173,8995.41,48,1,Pending,Low,10513.03,62.0,16.87,14.0,High
P04513,Wind,Tamil Nadu,South,311,648.98,32,5,Complete,Low,660.21,32.8,1.73,0.8,Low
P04514,Solar,Tamil Nadu,South,171,273.27,46,1,Complete,Low,282.02,47.8,3.2,1.8,Low
P04515,Hydro,Uttar Pradesh,North,2642,13304.09,111,1,Partial,High,16709.65,120.2,25.6,9.2,High
P04516,Thermal,Tamil Nadu,South,3463,11861.18,94,1,Partial,High,15436.96,108.4,30.15,14.4,High
P04517,Thermal,Tamil Nadu,South,4095,17581.98,75,4,Partial,Medium,21219.66,82.1,20.69,7.1,Medium
P04518,Transmission,Madhya Pradesh,Central,1823,4347.51,51,9,Complete,Medium,4982.46,58.2,14.6,7.2,Medium
P04519,Solar,Gujarat,West,262,615.16,39,7,Partial,High,740.35,51.5,20.35,12.5,High
P04520,Solar,Andhra Pradesh,South,294,1021.76,19,5,Partial,Low,1146.34,24.0,12.19,5.0,Medium
P04521,Wind,Uttar Pradesh,North,148,421.33,28,1,Pending,Low,496.17,44.0,17.76,16.0,High
P04522,Solar,Maharashtra,West,1021,2176.0,28,2,Partial,Low,2500.25,30.4,14.9,2.4,Medium
P04523,Transmission,Andhra Pradesh,South,212,377.64,17,6,Pending,Medium,509.73,31.4,34.98,14.4,High
P04524,Thermal,Uttar Pradesh,North,3481,12098.59,46,7,Partial,Low,13534.64,51.0,11.87,5.0,Medium
P04525,Hydro,Punjab,North,2702,20146.48,70,5,Complete,Medium,22353.72,73.2,10.96,3.2,Medium
P04526,Hydro,Uttar Pradesh,North,2928,20124.82,42,4,Partial,Medium,23420.52,50.1,16.38,8.1,Medium
P04527,Thermal,Tamil Nadu,South,3635,19626.56,39,8,Complete,Low,21240.03,43.3,8.22,4.3,Medium
P04528,Thermal,Andhra Pradesh,South,678,3660.69,78,3,Partial,Medium,4299.08,89.4,17.44,11.4,High
P04529,Hydro,Gujarat,West,2244,13237.43,68,10,Complete,Medium,14707.57,73.6,11.11,5.6,Medium
P04530,Hydro,Gujarat,West,3245,20561.97,58,9,Complete,Medium,22968.57,61.9,11.7,3.9,Medium
P04531,Thermal,Punjab,North,2767,8590.68,76,3,Partial,Medium,10373.03,86.6,20.75,10.6,High
P04532,Solar,Tamil Nadu,South,981,1545.4,19,9,Complete,Medium,1700.45,28.7,10.03,9.7,High
P04533,Transmission,Madhya Pradesh,Central,305,429.27,20,6,Pending,Medium,513.06,29.3,19.52,9.3,High
P04534,Hydro,Gujarat,West,359,1207.36,80,2,Complete,Medium,1322.45,84.1,9.53,4.1,Medium
P04535,Hydro,Uttar Pradesh,North,3956,19801.52,39,1,Partial,Medium,23801.19,49.9,20.2,10.9,High
P04536,Solar,Maharashtra,West,1210,3510.65,17,9,Partial,Low,4330.11,31.0,23.34,14.0,High
P04537,Transmission,Tamil Nadu,South,2165,3515.35,40,1,Partial,Medium,4166.33,48.9,18.52,8.9,Medium
P04538,Solar,Andhra Pradesh,South,1263,2012.61,42,1,Complete,Medium,2191.08,45.1,8.87,3.1,Medium
P04539,Thermal,Andhra Pradesh,South,2203,10337.84,37,1,Partial,High,12734.3,52.3,23.18,15.3,High
P04540,Hydro,Rajasthan,North,2810,14951.67,76,1,Complete,Low,15188.32,77.9,1.58,1.9,Low
P04541,Thermal,Madhya Pradesh,Central,1037,5250.42,67,6,Pending,Medium,6420.07,81.2,22.28,14.2,High
P04542,Hydro,Maharashtra,West,164,1274.41,87,1,Partial,Medium,1554.04,91.4,21.94,4.4,Medium
P04543,Wind,Andhra Pradesh,South,657,1231.26,19,5,Pending,Medium,1677.19,37.0,36.22,18.0,High
P04544,Hydro,Andhra Pradesh,South,3900,12187.3,67,2,Partial,Medium,14736.57,75.7,20.92,8.7,Medium
P04545,Transmission,Uttar Pradesh,North,2420,4224.38,44,10,Complete,Medium,4862.61,53.2,15.11,9.2,High
P04546,Wind,Punjab,North,723,1722.62,33,3,Complete,Medium,1871.66,38.3,8.65,5.3,Medium
P04547,Thermal,Uttar Pradesh,North,4612,19199.97,48,8,Complete,Medium,22323.32,56.7,16.27,8.7,Medium
P04548,Thermal,Haryana,North,3943,24361.61,66,5,Complete,Low,24429.83,67.9,0.28,1.9,Low
P04549,Solar,Punjab,North,840,2390.83,29,10,Complete,Medium,2741.97,36.1,14.69,7.1,Medium
P04550,Wind,Haryana,North,251,616.16,28,1,Complete,High,699.85,35.3,13.58,7.3,Medium
P04551,Wind,Uttar Pradesh,North,496,1019.87,17,1,Complete,Medium,1060.91,18.9,4.02,1.9,Low
P04552,Transmission,Karnataka,South,693,1269.39,32,3,Complete,Low,1295.79,33.2,2.08,1.2,Low
P04553,Thermal,Haryana,North,1792,11220.24,75,2,Partial,Low,12490.06,82.2,11.32,7.2,Medium
P04554,Transmission,Madhya Pradesh,Central,1225,2800.78,14,3,Complete,High,3036.32,19.0,8.41,5.0,Medium
P04555,Hydro,Rajasthan,North,415,2121.67,79,6,Complete,Medium,2301.36,82.6,8.47,3.6,Medium
P04556,Hydro,Punjab,North,197,1001.0,90,1,Complete,High,1204.44,98.2,20.32,8.2,Medium
P04557,Hydro,Punjab,North,1298,4473.93,104,9,Partial,Medium,5395.35,114.5,20.6,10.5,High
P04558,Wind,Uttar Pradesh,North,477,948.64,35,1,Pending,Medium,1246.12,43.1,31.36,8.1,High
P04559,Solar,Rajasthan,North,726,1818.72,12,5,Complete,Medium,1982.96,13.1,9.03,1.1,Low
P04560,Wind,Karnataka,South,837,2024.73,27,4,Partial,Medium,2424.89,36.2,19.76,9.2,High
P04561,Thermal,Haryana,North,3661,18128.62,71,3,Partial,High,24596.1,84.3,35.68,13.3,High
P04562,Thermal,Andhra Pradesh,South,2303,6667.02,54,3,Complete,Medium,7248.82,56.6,8.73,2.6,Low
P04563,Hydro,Haryana,North,3243,25714.32,62,5,Complete,Low,25932.08,63.3,0.85,1.3,Low
P04564,Wind,Karnataka,South,416,923.26,22,6,Complete,Medium,1009.72,26.0,9.36,4.0,Medium
P04565,Solar,Tamil Nadu,South,583,1787.29,43,9,Complete,Medium,2019.39,48.8,12.99,5.8,Medium
P04566,Wind,Gujarat,West,982,2078.9,31,4,Complete,Medium,2278.69,34.4,9.61,3.4,Medium
P04567,Wind,Haryana,North,752,1489.63,31,9,Pending,Medium,1940.72,47.2,30.28,16.2,High
P04568,Thermal,Haryana,North,2013,7559.37,41,5,Partial,Medium,8951.78,51.5,18.42,10.5,High
P04569,Solar,Maharashtra,West,1182,3808.76,21,6,Complete,Low,3832.04,21.5,0.61,0.5,Low
P04570,Transmission,Maharashtra,West,1984,3247.03,47,8,Partial,High,4030.82,66.5,24.14,19.5,High
P04571,Thermal,Uttar Pradesh,North,2630,15201.75,51,1,Complete,Medium,16562.99,55.4,8.95,4.4,Medium
P04572,Transmission,Madhya Pradesh,Central,2240,4446.09,30,4,Complete,High,4733.68,40.7,6.47,10.7,High
P04573,Transmission,Punjab,North,680,1531.35,45,9,Pending,Low,1823.5,61.2,19.08,16.2,High
P04574,Thermal,Karnataka,South,4741,12525.13,55,10,Complete,Low,13724.36,59.8,9.57,4.8,Medium
P04575,Solar,Tamil Nadu,South,1361,4663.57,13,2,Complete,Medium,5041.77,17.9,8.11,4.9,Medium
P04576,Solar,Haryana,North,1115,2574.83,29,5,Pending,Medium,3278.06,42.6,27.31,13.6,High
P04577,Hydro,Haryana,North,391,1795.45,38,6,Partial,Medium,2119.95,48.5,18.07,10.5,High
P04578,Solar,Madhya Pradesh,Central,1312,4195.76,15,3,Partial,Medium,4965.95,26.2,18.36,11.2,High
P04579,Hydro,Uttar Pradesh,North,3026,10066.38,119,7,Complete,Medium,10646.19,122.8,5.76,3.8,Medium
P04580,Transmission,Uttar Pradesh,North,1354,3321.29,35,6,Partial,Low,3580.19,40.9,7.8,5.9,Medium
P04581,Solar,Gujarat,West,789,1315.56,13,4,Complete,Low,1328.02,13.2,0.95,0.2,Low
P04582,Solar,Andhra Pradesh,South,847,2450.52,31,9,Complete,Low,2617.29,36.7,6.81,5.7,Medium
P04583,Thermal,Rajasthan,North,3572,10469.16,62,5,Complete,Low,10469.51,63.3,0.0,1.3,Low
P04584,Hydro,Gujarat,West,3011,12430.94,96,6,Partial,Low,14622.69,104.2,17.63,8.2,Medium
P04585,Thermal,Haryana,North,1207,4316.87,72,6,Partial,High,5578.47,87.8,29.22,15.8,High
P04586,Transmission,Haryana,North,1549,3762.91,40,3,Complete,Medium,3982.73,41.1,5.84,1.1,Low
P04587,Transmission,Madhya Pradesh,Central,609,921.7,58,5,Complete,Medium,981.95,59.6,6.54,1.6,Low
P04588,Transmission,Tamil Nadu,South,2210,3115.38,53,9,Partial,High,4049.14,72.5,29.97,19.5,High
P04589,Hydro,Gujarat,West,3828,17935.13,54,6,Partial,High,23015.92,67.7,28.33,13.7,High
P04590,Solar,Tamil Nadu,South,1272,3726.91,43,6,Partial,Medium,4707.73,49.2,26.32,6.2,High
P04591,Wind,Rajasthan,North,646,1887.93,24,7,Partial,High,2386.53,42.3,26.41,18.3,High
P04592,Solar,Punjab,North,1398,2851.48,33,1,Complete,Medium,3040.33,37.8,6.62,4.8,Medium
P04593,Thermal,Karnataka,South,2557,6987.25,55,10,Complete,Medium,7796.53,60.1,11.58,5.1,Medium
P04594,Thermal,Rajasthan,North,2501,10728.09,85,8,Complete,Low,11132.24,88.7,3.77,3.7,Medium
P04595,Wind,Tamil Nadu,South,295,771.38,30,2,Complete,Medium,860.45,32.9,11.55,2.9,Medium
P04596,Thermal,Karnataka,South,2126,9439.14,59,2,Complete,Low,9798.63,59.6,3.81,0.6,Low
P04597,Thermal,Maharashtra,West,2807,14028.36,72,9,Pending,Medium,20388.75,85.7,45.34,13.7,High
P04598,Solar,Tamil Nadu,South,1458,4072.43,25,8,Partial,Medium,4771.32,35.7,17.16,10.7,High
P04599,Solar,Andhra Pradesh,South,705,2130.02,24,10,Complete,High,2614.94,37.8,22.77,13.8,High
P04600,Wind,Andhra Pradesh,South,407,1027.87,31,10,Complete,High,1256.39,46.8,22.23,15.8,High
P04601,Wind,Tamil Nadu,South,467,679.18,15,2,Partial,Low,728.55,19.7,7.27,4.7,Medium
P04602,Solar,Haryana,North,1393,4248.85,25,2,Partial,Low,4669.97,34.0,9.91,9.0,Medium
P04603,Solar,Punjab,North,563,1081.7,12,7,Partial,Medium,1255.32,21.9,16.05,9.9,High
P04604,Thermal,Rajasthan,North,1423,8877.65,87,10,Complete,High,11235.09,98.0,26.55,11.0,High
P04605,Wind,Rajasthan,North,696,1341.34,22,6,Complete,High,1645.21,32.2,22.65,10.2,High
P04606,Hydro,Madhya Pradesh,Central,1434,4402.91,77,8,Partial,Medium,5544.69,91.1,25.93,14.1,High
P04607,Thermal,Haryana,North,1810,4725.39,61,3,Complete,High,5616.24,69.3,18.85,8.3,Medium
P04608,Hydro,Madhya Pradesh,Central,1715,11444.26,87,8,Complete,Medium,13302.0,97.6,16.23,10.6,High
P04609,Wind,Gujarat,West,363,868.74,23,5,Partial,Medium,1056.81,32.2,21.65,9.2,High
P04610,Hydro,Andhra Pradesh,South,286,2062.65,90,5,Partial,Medium,2422.93,99.6,17.47,9.6,High
P04611,Transmission,Andhra Pradesh,South,1095,1523.08,13,6,Partial,High,1788.36,21.6,17.42,8.6,Medium
P04612,Thermal,Andhra Pradesh,South,1745,6817.93,80,10,Complete,Low,7164.32,83.0,5.08,3.0,Medium
P04613,Wind,Uttar Pradesh,North,615,1195.69,26,5,Partial,Medium,1402.21,32.2,17.27,6.2,Medium
P04614,Wind,Gujarat,West,334,496.51,15,6,Complete,Medium,552.49,17.7,11.28,2.7,Medium
P04615,Wind,Punjab,North,620,1026.11,31,1,Complete,Low,1071.88,32.7,4.46,1.7,Low
P04616,Solar,Maharashtra,West,1177,3574.28,46,9,Partial,High,4978.78,58.3,39.29,12.3,High
P04617,Thermal,Maharashtra,West,633,2072.2,72,7,Partial,High,2494.74,88.3,20.39,16.3,High
P04618,Wind,Tamil Nadu,South,952,2767.4,19,4,Complete,Low,2835.54,20.6,2.46,1.6,Low
P04619,Transmission,Madhya Pradesh,Central,1121,1706.01,36,1,Pending,Medium,2266.31,52.7,32.84,16.7,High
P04620,Solar,Uttar Pradesh,North,1156,3636.59,16,4,Complete,Medium,4017.67,19.9,10.48,3.9,Medium
P04621,Solar,Tamil Nadu,South,223,433.94,44,7,Pending,Medium,581.68,59.9,34.05,15.9,High
P04622,Solar,Rajasthan,North,733,1323.1,24,8,Complete,Medium,1498.56,31.1,13.26,7.1,Medium
P04623,Solar,Rajasthan,North,1364,4300.5,39,1,Partial,Low,4873.75,48.1,13.33,9.1,High
P04624,Solar,Tamil Nadu,South,875,2096.7,38,6,Complete,Medium,2274.1,41.1,8.46,3.1,Medium
P04625,Solar,Tamil Nadu,South,536,1618.8,15,7,Complete,Low,1632.17,16.8,0.83,1.8,Low
P04626,Thermal,Madhya Pradesh,Central,3703,15912.86,36,5,Pending,Medium,20343.62,50.1,27.84,14.1,High
P04627,Hydro,Uttar Pradesh,North,866,4943.9,84,1,Pending,Medium,6150.42,96.5,24.4,12.5,High
P04628,Solar,Gujarat,West,1037,2385.05,21,4,Partial,High,3027.28,39.5,26.93,18.5,High
P04629,Wind,Haryana,North,284,582.97,12,7,Complete,Medium,627.02,15.4,7.56,3.4,Medium
P04630,Hydro,Karnataka,South,2589,11117.51,105,4,Complete,Medium,11858.48,109.5,6.66,4.5,Medium
P04631,Wind,Karnataka,South,815,1322.35,14,5,Complete,Low,1340.05,15.8,1.34,1.8,Low
P04632,Hydro,Andhra Pradesh,South,3466,25033.23,87,1,Complete,Medium,27497.58,90.2,9.84,3.2,Medium
P04633,Hydro,Tamil Nadu,South,567,3734.47,95,4,Partial,Low,4183.23,98.5,12.02,3.5,Medium
P04634,Wind,Punjab,North,394,1137.98,31,3,Partial,Medium,1429.89,38.8,25.65,7.8,High
P04635,Wind,Rajasthan,North,163,247.46,27,6,Pending,Medium,330.77,37.1,33.66,10.1,High
P04636,Transmission,Rajasthan,North,2968,4718.01,53,4,Complete,Low,4731.81,53.2,0.29,0.2,Low
P04637,Wind,Karnataka,South,582,887.47,28,4,Partial,Medium,1051.97,39.4,18.54,11.4,High
P04638,Solar,Gujarat,West,1252,2839.39,28,1,Pending,Low,3572.22,44.5,25.81,16.5,High
P04639,Thermal,Haryana,North,2917,10975.28,65,6,Partial,Low,13044.25,69.1,18.85,4.1,Medium
P04640,Solar,Madhya Pradesh,Central,96,220.74,39,1,Complete,High,244.06,48.4,10.56,9.4,High
P04641,Solar,Maharashtra,West,1415,3919.88,30,3,Complete,Medium,4201.53,33.2,7.19,3.2,Medium
P04642,Solar,Tamil Nadu,South,926,2631.03,12,8,Partial,Low,3173.31,20.6,20.61,8.6,Medium
P04643,Wind,Rajasthan,North,997,2611.2,25,9,Partial,Medium,3247.48,34.7,24.37,9.7,High
P04644,Wind,Madhya Pradesh,Central,799,2213.6,28,2,Partial,Medium,2738.2,39.8,23.7,11.8,High
P04645,Transmission,Punjab,North,2592,4596.67,46,5,Complete,Low,4818.33,47.6,4.82,1.6,Low
P04646,Transmission,Gujarat,West,2972,5344.03,43,1,Partial,Low,6163.2,48.1,15.33,5.1,Medium
P04647,Thermal,Gujarat,West,2946,11472.16,77,9,Partial,High,14695.3,92.4,28.1,15.4,High
P04648,Transmission,Punjab,North,2083,2878.95,42,6,Pending,Medium,3770.93,52.4,30.98,10.4,High
P04649,Wind,Rajasthan,North,188,389.12,31,9,Partial,Medium,475.92,42.1,22.31,11.1,High
P04650,Thermal,Punjab,North,4119,20200.09,67,5,Complete,Low,20271.12,67.2,0.35,0.2,Low
P04651,Transmission,Karnataka,South,234,447.47,33,6,Partial,Low,528.85,37.9,18.19,4.9,Medium
P04652,Wind,Uttar Pradesh,North,898,2635.81,33,2,Pending,Medium,3270.02,53.4,24.06,20.4,High
P04653,Solar,Punjab,North,283,563.45,46,1,Complete,High,684.33,51.6,21.45,5.6,Medium
P04654,Wind,Rajasthan,North,75,107.86,17,8,Complete,Low,113.37,20.8,5.11,3.8,Medium
P04655,Solar,Andhra Pradesh,South,220,698.78,12,8,Pending,Medium,938.83,36.7,34.35,24.7,High
P04656,Solar,Gujarat,West,1382,2525.88,18,9,Complete,High,2946.54,26.2,16.65,8.2,Medium
P04657,Solar,Karnataka,South,1028,1710.98,45,10,Partial,High,2163.09,57.4,26.42,12.4,High
P04658,Wind,Punjab,North,874,1278.66,31,2,Complete,Low,1319.98,31.2,3.23,0.2,Low
P04659,Transmission,Rajasthan,North,262,320.92,15,9,Partial,Low,387.82,25.1,20.85,10.1,High
P04660,Thermal,Maharashtra,West,4777,13057.56,84,6,Pending,Medium,15115.83,100.8,15.76,16.8,High
P04661,Solar,Andhra Pradesh,South,195,394.22,33,9,Partial,Medium,488.55,44.7,23.93,11.7,High
P04662,Transmission,Tamil Nadu,South,2983,7280.37,50,5,Complete,Medium,7802.23,54.2,7.17,4.2,Medium
P04663,Wind,Gujarat,West,138,403.72,25,8,Complete,Medium,478.52,32.7,18.53,7.7,Medium
P04664,Solar,Haryana,North,927,1807.53,33,3,Complete,Medium,1945.92,38.5,7.66,5.5,Medium
P04665,Solar,Haryana,North,152,309.05,42,1,Complete,Medium,335.66,46.7,8.61,4.7,Medium
P04666,Hydro,Madhya Pradesh,Central,1899,12287.23,61,10,Complete,Medium,14781.17,69.0,20.3,8.0,Medium
P04667,Hydro,Gujarat,West,1181,4068.28,46,10,Pending,Low,5601.17,59.9,37.68,13.9,High
P04668,Solar,Madhya Pradesh,Central,1471,2845.54,27,10,Complete,Medium,3338.43,36.3,17.32,9.3,High
P04669,Wind,Karnataka,South,439,672.21,28,7,Complete,Low,691.7,29.9,2.9,1.9,Low
P04670,Transmission,Tamil Nadu,South,661,1335.73,47,3,Complete,Medium,1498.71,51.5,12.2,4.5,Medium
P04671,Hydro,Tamil Nadu,South,2989,15582.89,42,1,Partial,Low,17440.06,45.4,11.92,3.4,Medium
P04672,Thermal,Uttar Pradesh,North,4714,13452.21,42,3,Partial,Low,15358.87,49.7,14.17,7.7,Medium
P04673,Transmission,Uttar Pradesh,North,2026,2211.69,37,4,Partial,Medium,2677.54,45.4,21.06,8.4,Medium
P04674,Thermal,Karnataka,South,2463,13802.63,47,3,Partial,Medium,17266.27,55.1,25.09,8.1,High
P04675,Solar,Tamil Nadu,South,263,886.39,46,5,Complete,Low,905.81,46.4,2.19,0.4,Low
P04676,Wind,Punjab,North,806,1567.63,14,9,Pending,Medium,1988.68,34.0,26.86,20.0,High
P04677,Wind,Andhra Pradesh,South,210,438.83,14,1,Complete,High,509.69,20.6,16.15,6.6,Medium
P04678,Thermal,Maharashtra,West,3363,10679.1,60,10,Complete,Medium,11561.95,68.5,8.27,8.5,Medium
P04679,Transmission,Andhra Pradesh,South,335,704.92,44,8,Complete,Medium,808.9,53.6,14.75,9.6,High
P04680,Transmission,Uttar Pradesh,North,2468,6133.81,43,5,Pending,Medium,8387.76,62.8,36.75,19.8,High
P04681,Wind,Tamil Nadu,South,960,2237.91,30,4,Complete,Medium,2407.19,33.1,7.56,3.1,Medium
P04682,Transmission,Maharashtra,West,1003,1548.94,27,9,Partial,Low,1708.65,34.1,10.31,7.1,Medium
P04683,Hydro,Madhya Pradesh,Central,3196,19014.13,39,4,Complete,High,22542.84,43.2,18.56,4.2,Medium
P04684,Wind,Karnataka,South,167,243.96,24,2,Complete,Medium,260.29,25.9,6.69,1.9,Low
P04685,Solar,Punjab,North,887,2982.57,44,1,Partial,High,3537.93,55.4,18.62,11.4,High
P04686,Transmission,Rajasthan,North,2599,6165.18,32,10,Complete,Low,6465.68,38.0,4.87,6.0,Medium
P04687,Wind,Madhya Pradesh,Central,991,2654.95,18,8,Partial,Medium,3418.78,29.5,28.77,11.5,High
P04688,Thermal,Rajasthan,North,3518,14675.13,95,9,Complete,Low,15712.49,99.7,7.07,4.7,Medium
P04689,Hydro,Madhya Pradesh,Central,3230,22587.35,118,4,Complete,Low,23453.58,118.7,3.84,0.7,Low
P04690,Hydro,Punjab,North,1246,7232.54,92,10,Partial,Low,8515.55,104.3,17.74,12.3,High
P04691,Transmission,Tamil Nadu,South,2173,2648.81,54,4,Pending,Medium,3367.68,69.2,27.14,15.2,High
P04692,Wind,Maharashtra,West,892,1807.92,21,3,Complete,High,2086.44,31.7,15.41,10.7,High
P04693,Hydro,Karnataka,South,1058,4733.51,38,7,Complete,High,5655.99,43.6,19.49,5.6,Medium
P04694,Thermal,Madhya Pradesh,Central,2458,12520.52,56,9,Partial,Medium,15462.11,66.7,23.49,10.7,High
P04695,Solar,Uttar Pradesh,North,1244,3760.5,18,9,Complete,High,4839.5,29.1,28.69,11.1,High
P04696,Thermal,Karnataka,South,3551,11157.53,91,10,Complete,High,13419.82,109.4,20.28,18.4,High
P04697,Wind,Maharashtra,West,468,754.87,18,5,Complete,Medium,832.46,22.4,10.28,4.4,Medium
P04698,Thermal,Tamil Nadu,South,2591,15471.28,80,1,Complete,Low,15986.0,80.8,3.33,0.8,Low
P04699,Wind,Maharashtra,West,830,1225.21,21,2,Complete,High,1453.02,32.4,18.59,11.4,High
P04700,Hydro,Punjab,North,595,2546.31,69,4,Pending,Medium,3002.82,85.5,17.93,16.5,High
P04701,Thermal,Maharashtra,West,3219,11397.42,45,9,Partial,Medium,14066.37,60.3,23.42,15.3,High
P04702,Hydro,Rajasthan,North,653,3279.83,108,1,Pending,Medium,4215.49,121.6,28.53,13.6,High
P04703,Hydro,Madhya Pradesh,Central,2726,11748.72,81,4,Partial,Low,13658.7,90.8,16.26,9.8,High
P04704,Thermal,Madhya Pradesh,Central,3662,11114.05,81,8,Complete,Medium,13214.33,88.1,18.9,7.1,Medium
P04705,Wind,Maharashtra,West,75,158.0,29,6,Complete,Medium,166.23,30.7,5.21,1.7,Low
P04706,Hydro,Gujarat,West,2646,18788.88,104,10,Partial,High,23374.49,114.6,24.41,10.6,High
P04707,Hydro,Uttar Pradesh,North,2235,8668.8,95,6,Complete,Low,9083.16,95.6,4.78,0.6,Low
P04708,Transmission,Punjab,North,2919,3192.98,27,6,Complete,Medium,3382.62,30.8,5.94,3.8,Medium
P04709,Solar,Andhra Pradesh,South,1262,3268.89,37,8,Partial,High,4396.98,48.2,34.51,11.2,High
P04710,Wind,Gujarat,West,729,964.2,27,5,Complete,Medium,1052.97,30.3,9.21,3.3,Medium
P04711,Wind,Karnataka,South,957,1818.6,13,7,Complete,Low,1874.2,14.7,3.06,1.7,Low
P04712,Hydro,Gujarat,West,3489,13065.13,61,8,Complete,High,15040.15,71.7,15.12,10.7,High
P04713,Thermal,Madhya Pradesh,Central,985,2682.51,81,1,Complete,Medium,2895.23,83.3,7.93,2.3,Low
P04714,Hydro,Karnataka,South,1172,6773.56,65,2,Complete,Medium,7410.61,69.1,9.4,4.1,Medium
P04715,Transmission,Andhra Pradesh,South,2881,3702.49,53,5,Partial,Medium,4199.81,63.4,13.43,10.4,High
P04716,Transmission,Rajasthan,North,2598,4368.74,59,7,Complete,Medium,4735.06,61.9,8.38,2.9,Low
P04717,Hydro,Karnataka,South,3523,11137.45,52,2,Partial,Medium,12123.01,62.3,8.85,10.3,High
P04718,Solar,Punjab,North,1306,2320.76,18,9,Complete,Low,2507.72,22.6,8.06,4.6,Medium
P04719,Wind,Madhya Pradesh,Central,287,850.5,34,2,Partial,Low,965.62,39.8,13.54,5.8,Medium
P04720,Wind,Tamil Nadu,South,893,1367.84,26,10,Partial,Medium,1715.54,40.5,25.42,14.5,High
P04721,Thermal,Madhya Pradesh,Central,4652,24898.53,54,7,Pending,Medium,34897.2,71.4,40.16,17.4,High
P04722,Wind,Karnataka,South,87,184.95,20,4,Complete,Medium,194.67,24.3,5.25,4.3,Medium
P04723,Thermal,Haryana,North,2163,13015.19,82,2,Complete,Medium,14022.04,86.1,7.74,4.1,Medium
P04724,Transmission,Punjab,North,1874,3518.99,22,9,Complete,Medium,4078.65,31.2,15.9,9.2,High
P04725,Wind,Gujarat,West,974,1288.82,16,6,Pending,Medium,1612.16,36.3,25.09,20.3,High
P04726,Transmission,Rajasthan,North,1166,1701.75,59,7,Complete,Medium,1798.99,62.4,5.71,3.4,Medium
P04727,Solar,Maharashtra,West,1410,3053.03,30,7,Partial,High,4054.05,42.7,32.79,12.7,High
P04728,Thermal,Tamil Nadu,South,1507,4512.87,47,5,Complete,Medium,4789.05,50.6,6.12,3.6,Medium
P04729,Hydro,Tamil Nadu,South,1130,8936.01,43,9,Pending,Medium,11330.03,59.4,26.79,16.4,High
P04730,Hydro,Gujarat,West,3193,16521.24,38,4,Partial,Low,18590.82,46.3,12.53,8.3,Medium
P04731,Hydro,Uttar Pradesh,North,2411,10544.96,44,4,Complete,Low,10575.91,44.2,0.29,0.2,Low
P04732,Solar,Haryana,North,630,1602.53,23,5,Partial,High,1988.46,36.0,24.08,13.0,High
P04733,Transmission,Tamil Nadu,South,2717,6473.53,22,2,Partial,High,8360.31,39.3,29.15,17.3,High
P04734,Solar,Gujarat,West,936,1616.09,17,2,Partial,Low,1865.86,20.6,15.46,3.6,Medium
P04735,Hydro,Gujarat,West,262,1653.21,68,3,Pending,Medium,2183.26,85.2,32.06,17.2,High
P04736,Hydro,Punjab,North,1533,8252.72,95,2,Partial,Low,9110.46,100.0,10.39,5.0,Medium
P04737,Hydro,Punjab,North,1225,7218.44,47,5,Complete,Low,7247.2,47.0,0.4,0.0,Low
P04738,Hydro,Andhra Pradesh,South,1739,5314.11,41,3,Pending,Medium,6895.69,58.7,29.76,17.7,High
P04739,Solar,Rajasthan,North,370,577.78,15,7,Complete,Medium,630.37,18.5,9.1,3.5,Medium
P04740,Thermal,Madhya Pradesh,Central,655,4064.19,75,2,Complete,Medium,4327.4,76.8,6.48,1.8,Low
P04741,Transmission,Tamil Nadu,South,2501,4276.92,40,8,Complete,Medium,4784.9,43.5,11.88,3.5,Medium
P04742,Transmission,Maharashtra,West,483,557.75,34,10,Pending,Low,709.87,57.4,27.27,23.4,High
P04743,Wind,Gujarat,West,162,267.18,24,8,Partial,Medium,349.16,34.8,30.68,10.8,High
P04744,Wind,Gujarat,West,818,1890.59,20,8,Partial,Low,2189.7,25.8,15.82,5.8,Medium
P04745,Thermal,Punjab,North,4221,13122.2,87,2,Complete,Medium,13905.41,90.7,5.97,3.7,Medium
P04746,Hydro,Haryana,North,2144,16834.95,65,7,Complete,Low,17632.86,65.4,4.74,0.4,Low
P04747,Hydro,Tamil Nadu,South,616,3357.32,49,4,Complete,Low,3492.71,49.3,4.03,0.3,Low
P04748,Transmission,Haryana,North,1214,1287.11,39,5,Complete,High,1599.04,49.8,24.23,10.8,High
P04749,Thermal,Punjab,North,1422,8502.13,56,9,Partial,High,12203.03,66.4,43.53,10.4,High
P04750,Solar,Uttar Pradesh,North,1435,3965.6,25,10,Complete,Low,4271.09,29.8,7.7,4.8,Medium
P04751,Thermal,Tamil Nadu,South,4062,25773.5,62,2,Partial,Medium,30586.35,67.7,18.67,5.7,Medium
P04752,Wind,Andhra Pradesh,South,92,211.5,22,3,Partial,High,246.85,35.1,16.71,13.1,High
P04753,Thermal,Madhya Pradesh,Central,1459,7365.17,65,4,Partial,Medium,8354.61,75.8,13.43,10.8,High
P04754,Hydro,Uttar Pradesh,North,567,2996.38,90,7,Partial,Medium,3423.84,102.3,14.27,12.3,High
P04755,Hydro,Karnataka,South,2222,8585.69,89,6,Complete,Medium,9262.54,92.8,7.88,3.8,Medium
P04756,Thermal,Gujarat,West,3385,12605.23,48,4,Complete,Medium,13943.15,52.2,10.61,4.2,Medium
P04757,Thermal,Gujarat,West,2025,11565.3,77,5,Partial,Medium,13821.17,86.8,19.51,9.8,High
P04758,Transmission,Haryana,North,285,465.93,33,8,Partial,Low,548.24,42.7,17.67,9.7,High
P04759,Hydro,Karnataka,South,1837,10127.73,54,4,Partial,Medium,12544.78,61.1,23.87,7.1,Medium
P04760,Hydro,Punjab,North,3284,12916.46,62,2,Complete,Medium,14264.97,65.8,10.44,3.8,Medium
P04761,Transmission,Maharashtra,West,1621,2342.84,51,5,Pending,Medium,2944.13,68.4,25.66,17.4,High
P04762,Solar,Gujarat,West,839,1488.35,43,4,Pending,Medium,1823.67,62.0,22.53,19.0,High
P04763,Transmission,Madhya Pradesh,Central,1390,2322.94,31,7,Complete,Low,2384.97,31.4,2.67,0.4,Low
P04764,Wind,Punjab,North,565,778.09,28,3,Partial,Low,891.07,34.0,14.52,6.0,Medium
P04765,Transmission,Madhya Pradesh,Central,2079,2312.7,29,5,Partial,Medium,2720.97,40.5,17.65,11.5,High
P04766,Solar,Karnataka,South,876,2190.39,25,6,Partial,Low,2341.57,28.4,6.9,3.4,Medium
P04767,Transmission,Uttar Pradesh,North,502,704.04,13,10,Partial,Medium,881.43,27.3,25.2,14.3,High
P04768,Wind,Punjab,North,207,564.4,20,5,Partial,Low,651.32,28.1,15.4,8.1,Medium
P04769,Wind,Uttar Pradesh,North,834,1884.14,19,10,Complete,Medium,2141.22,25.3,13.64,6.3,Medium
P04770,Thermal,Tamil Nadu,South,4394,15784.26,89,2,Partial,High,20653.52,108.8,30.85,19.8,High
P04771,Transmission,Karnataka,South,899,925.6,19,3,Partial,High,1095.39,27.2,18.34,8.2,Medium
P04772,Hydro,Rajasthan,North,1220,4329.24,112,5,Complete,High,4756.51,118.2,9.87,6.2,Medium
P04773,Hydro,Karnataka,South,1017,7686.81,42,9,Complete,High,9474.38,56.4,23.26,14.4,High
P04774,Transmission,Uttar Pradesh,North,2027,3102.2,42,4,Complete,Medium,3433.04,44.7,10.66,2.7,Medium
P04775,Transmission,Andhra Pradesh,South,1716,3983.19,15,8,Complete,Medium,4436.24,24.3,11.37,9.3,High
P04776,Hydro,Punjab,North,2597,9318.83,56,10,Pending,Low,10719.74,68.8,15.03,12.8,High
P04777,Wind,Haryana,North,335,716.27,34,1,Complete,High,890.34,41.3,24.3,7.3,Medium
P04778,Wind,Punjab,North,83,118.71,35,3,Complete,Medium,127.69,38.2,7.56,3.2,Medium
P04779,Transmission,Rajasthan,North,1551,2519.3,43,6,Complete,Medium,2699.64,45.3,7.16,2.3,Low
P04780,Solar,Haryana,North,1214,1956.16,38,6,Pending,Low,2492.52,55.5,27.42,17.5,High
P04781,Hydro,Andhra Pradesh,South,3428,11619.46,53,7,Complete,Medium,12511.79,57.1,7.68,4.1,Medium
P04782,Solar,Haryana,North,152,349.34,38,9,Partial,Medium,451.93,52.1,29.37,14.1,High
P04783,Transmission,Punjab,North,1522,1655.18,30,8,Pending,Medium,2041.09,44.6,23.32,14.6,High
P04784,Hydro,Madhya Pradesh,Central,3250,11441.13,85,10,Partial,Medium,14105.45,98.4,23.29,13.4,High
P04785,Transmission,Gujarat,West,655,752.97,38,10,Complete,Low,804.34,45.1,6.82,7.1,Medium
P04786,Hydro,Rajasthan,North,1189,4635.74,39,1,Partial,Low,5122.77,42.0,10.51,3.0,Medium
P04787,Solar,Gujarat,West,1053,2176.61,35,5,Partial,Low,2432.14,39.0,11.74,4.0,Medium
P04788,Transmission,Maharashtra,West,148,241.66,33,10,Complete,Medium,275.62,39.3,14.05,6.3,Medium
P04789,Transmission,Haryana,North,2449,4171.25,43,5,Partial,Medium,5058.33,52.3,21.27,9.3,High
P04790,Solar,Karnataka,South,566,1584.18,19,1,Partial,Low,1809.16,24.6,14.2,5.6,Medium
P04791,Thermal,Andhra Pradesh,South,1154,3764.77,83,6,Partial,Medium,4361.9,94.6,15.86,11.6,High
P04792,Hydro,Karnataka,South,1717,10608.22,116,10,Partial,Low,13126.88,126.7,23.74,10.7,High
P04793,Wind,Haryana,North,474,1290.26,30,4,Complete,Medium,1440.45,33.6,11.64,3.6,Medium
P04794,Thermal,Gujarat,West,1861,8573.57,83,10,Pending,Low,10678.7,102.3,24.55,19.3,High
P04795,Hydro,Madhya Pradesh,Central,674,3523.01,48,8,Pending,Low,4680.67,68.9,32.86,20.9,High
P04796,Wind,Gujarat,West,974,1315.68,23,4,Partial,Medium,1501.07,32.8,14.09,9.8,High
P04797,Hydro,Punjab,North,491,2051.89,40,6,Partial,High,2645.97,48.3,28.95,8.3,High
P04798,Transmission,Punjab,North,2561,4251.51,38,7,Partial,Medium,5173.52,48.9,21.69,10.9,High
P04799,Hydro,Gujarat,West,1807,13318.24,37,3,Partial,Low,14657.1,42.6,10.05,5.6,Medium
P04800,Solar,Punjab,North,211,416.12,42,8,Complete,Medium,476.84,48.7,14.59,6.7,Medium
P04801,Hydro,Karnataka,South,1645,9139.4,73,9,Partial,Medium,10478.17,85.6,14.65,12.6,High
P04802,Transmission,Madhya Pradesh,Central,1239,2175.28,14,4,Pending,Medium,2842.88,29.9,30.69,15.9,High
P04803,Hydro,Uttar Pradesh,North,2207,13631.88,71,1,Partial,Medium,16195.8,79.9,18.81,8.9,Medium
P04804,Solar,Rajasthan,North,815,1934.8,31,2,Complete,Medium,2052.06,34.3,6.06,3.3,Medium
P04805,Solar,Punjab,North,490,1606.45,18,1,Partial,Medium,1766.91,27.1,9.99,9.1,High
P04806,Transmission,Punjab,North,2802,3385.13,34,10,Complete,High,3961.17,43.9,17.02,9.9,High
P04807,Hydro,Madhya Pradesh,Central,3964,25524.58,95,6,Pending,Medium,32832.44,110.2,28.63,15.2,High
P04808,Transmission,Madhya Pradesh,Central,1120,1602.59,59,10,Partial,Medium,1944.09,69.0,21.31,10.0,High
P04809,Hydro,Madhya Pradesh,Central,3844,13794.0,115,9,Partial,Medium,17784.04,129.5,28.93,14.5,High
P04810,Solar,Maharashtra,West,119,197.4,45,5,Partial,Medium,235.43,54.9,19.26,9.9,High
P04811,Transmission,Uttar Pradesh,North,2205,3546.79,34,2,Partial,High,4370.55,50.9,23.23,16.9,High
P04812,Transmission,Andhra Pradesh,South,1302,1732.29,27,8,Complete,Medium,2006.93,30.5,15.85,3.5,Medium
P04813,Wind,Andhra Pradesh,South,265,383.03,15,4,Complete,Medium,408.98,18.6,6.78,3.6,Medium
P04814,Thermal,Maharashtra,West,2988,14353.18,78,5,Partial,Medium,16855.04,89.7,17.43,11.7,High
P04815,Hydro,Maharashtra,West,1614,6771.17,119,10,Partial,Low,7851.15,127.8,15.95,8.8,Medium
P04816,Thermal,Tamil Nadu,South,4886,25852.47,70,2,Complete,Medium,27907.28,74.9,7.95,4.9,Medium
P04817,Wind,Rajasthan,North,202,503.92,35,9,Complete,Medium,570.39,41.4,13.19,6.4,Medium
P04818,Solar,Uttar Pradesh,North,97,230.13,13,7,Complete,Low,234.26,13.3,1.8,0.3,Low
P04819,Solar,Haryana,North,1472,4727.17,16,8,Partial,Low,5716.83,27.6,20.94,11.6,High
P04820,Solar,Haryana,North,1134,2929.76,31,2,Partial,High,3483.11,47.1,18.89,16.1,High
P04821,Thermal,Gujarat,West,2118,12383.39,58,8,Pending,High,18218.19,91.6,47.12,33.6,High
P04822,Thermal,Andhra Pradesh,South,538,1956.5,57,1,Complete,Medium,2138.06,59.5,9.28,2.5,Low
P04823,Hydro,Haryana,North,179,822.72,88,8,Partial,Medium,1034.99,100.8,25.8,12.8,High
P04824,Thermal,Tamil Nadu,South,1795,7099.84,60,1,Partial,Low,8056.08,66.0,13.47,6.0,Medium
P04825,Transmission,Haryana,North,1682,1709.89,14,10,Complete,Medium,1857.81,17.8,8.65,3.8,Medium
P04826,Wind,Maharashtra,West,867,2107.37,13,9,Complete,Medium,2430.66,19.4,15.34,6.4,Medium
P04827,Hydro,Andhra Pradesh,South,420,1860.7,108,1,Partial,Low,2125.79,117.0,14.25,9.0,Medium
P04828,Transmission,Maharashtra,West,113,224.78,12,3,Pending,Low,266.72,27.0,18.66,15.0,High
P04829,Solar,Gujarat,West,968,2572.96,40,4,Partial,Medium,3156.7,47.5,22.69,7.5,Medium
P04830,Wind,Gujarat,West,406,1105.0,15,1,Partial,Medium,1327.21,23.5,20.11,8.5,Medium
P04831,Thermal,Uttar Pradesh,North,1024,5593.36,42,6,Complete,Medium,5863.48,46.0,4.83,4.0,Medium
P04832,Hydro,Haryana,North,2816,8496.18,41,9,Partial,Low,9545.72,48.7,12.35,7.7,Medium
P04833,Solar,Karnataka,South,1338,4569.48,44,6,Complete,Medium,4923.91,45.6,7.76,1.6,Low
P04834,Wind,Madhya Pradesh,Central,410,1074.1,25,1,Pending,Medium,1511.13,37.6,40.69,12.6,High
P04835,Thermal,Rajasthan,North,2455,14253.57,58,3,Partial,Low,16348.66,66.4,14.7,8.4,Medium
P04836,Wind,Madhya Pradesh,Central,813,2076.53,18,7,Complete,Medium,2234.78,22.1,7.62,4.1,Medium
P04837,Thermal,Uttar Pradesh,North,1205,6708.12,50,8,Partial,Medium,7786.17,63.8,16.07,13.8,High
P04838,Wind,Andhra Pradesh,South,693,1858.1,16,6,Complete,Medium,2049.93,20.7,10.32,4.7,Medium
P04839,Wind,Punjab,North,107,316.55,31,1,Partial,Medium,368.26,36.2,16.33,5.2,Medium
P04840,Thermal,Madhya Pradesh,Central,3725,9800.51,44,2,Partial,Low,11054.08,50.3,12.79,6.3,Medium
P04841,Wind,Gujarat,West,791,2132.85,12,10,Complete,Medium,2528.26,21.8,18.54,9.8,High
P04842,Solar,Maharashtra,West,221,625.41,45,5,Complete,Low,629.35,46.7,0.63,1.7,Low
P04843,Solar,Maharashtra,West,775,1428.33,19,1,Pending,Medium,1893.75,37.7,32.58,18.7,High
P04844,Hydro,Karnataka,South,1947,8037.02,49,4,Partial,High,10116.64,59.3,25.88,10.3,High
P04845,Transmission,Tamil Nadu,South,1562,3389.48,43,1,Complete,Medium,3719.66,47.5,9.74,4.5,Medium
P04846,Solar,Uttar Pradesh,North,591,1132.0,44,5,Partial,Medium,1332.16,50.2,17.68,6.2,Medium
P04847,Transmission,Rajasthan,North,1920,4714.35,58,8,Partial,Medium,5626.51,69.6,19.35,11.6,High
P04848,Thermal,Maharashtra,West,4427,11353.82,67,8,Complete,High,13711.64,78.4,20.77,11.4,High
P04849,Hydro,Punjab,North,2421,7921.4,80,6,Complete,High,9347.62,87.3,18.0,7.3,Medium
P04850,Thermal,Haryana,North,1380,4942.38,54,9,Complete,Low,5490.7,57.0,11.09,3.0,Medium
P04851,Thermal,Tamil Nadu,South,1354,5242.93,68,6,Complete,High,5838.56,77.0,11.36,9.0,Medium
P04852,Hydro,Punjab,North,3735,29745.22,112,6,Pending,Medium,36922.59,126.5,24.13,14.5,High
P04853,Wind,Maharashtra,West,731,1751.45,29,5,Complete,Medium,1915.72,32.2,9.38,3.2,Medium
P04854,Transmission,Gujarat,West,113,183.84,19,1,Complete,Medium,198.33,21.1,7.88,2.1,Low
P04855,Solar,Maharashtra,West,1375,3216.13,26,7,Complete,Low,3257.46,27.8,1.28,1.8,Low
P04856,Hydro,Gujarat,West,2460,8180.49,66,1,Pending,Medium,10607.32,76.3,29.67,10.3,High
P04857,Thermal,Rajasthan,North,1639,4275.4,46,3,Complete,Medium,4521.86,47.8,5.76,1.8,Low
P04858,Transmission,Karnataka,South,498,983.57,53,5,Partial,Low,1058.94,56.5,7.66,3.5,Medium
P04859,Wind,Tamil Nadu,South,831,1955.12,26,2,Complete,Low,2044.76,27.9,4.58,1.9,Low
P04860,Solar,Maharashtra,West,969,3290.13,17,5,Complete,Medium,3588.67,21.1,9.07,4.1,Medium
P04861,Hydro,Maharashtra,West,1224,9334.18,78,7,Complete,Medium,9813.89,82.2,5.14,4.2,Medium
P04862,Transmission,Haryana,North,1403,2806.6,24,3,Complete,Medium,3100.21,27.3,10.46,3.3,Medium
P04863,Wind,Uttar Pradesh,North,820,1205.26,17,2,Pending,Medium,1634.11,29.0,35.58,12.0,High
P04864,Solar,Andhra Pradesh,South,1408,4084.18,43,8,Partial,High,5212.96,58.1,27.64,15.1,High
P04865,Wind,Tamil Nadu,South,956,2757.93,30,8,Complete,Medium,3079.39,39.3,11.66,9.3,High
P04866,Solar,Haryana,North,930,2180.08,18,2,Complete,High,2629.11,22.9,20.6,4.9,Medium
P04867,Solar,Karnataka,South,731,1569.31,12,3,Partial,Low,1685.32,19.4,7.39,7.4,Medium
P04868,Wind,Punjab,North,718,1624.49,18,1,Complete,Medium,1757.72,22.0,8.2,4.0,Medium
P04869,Thermal,Punjab,North,3569,9380.4,71,9,Partial,Low,11362.83,84.8,21.13,13.8,High
P04870,Transmission,Punjab,North,1760,4335.49,37,4,Pending,Low,5148.62,48.9,18.76,11.9,High
P04871,Transmission,Andhra Pradesh,South,481,907.19,29,8,Complete,Medium,1044.35,32.8,15.12,3.8,Medium
P04872,Solar,Andhra Pradesh,South,379,1044.98,25,1,Complete,High,1238.49,37.4,18.52,12.4,High
P04873,Transmission,Karnataka,South,1656,3624.54,28,2,Complete,Medium,3877.02,31.9,6.97,3.9,Medium
P04874,Wind,Haryana,North,205,563.76,22,2,Complete,Medium,620.6,25.4,10.08,3.4,Medium
P04875,Transmission,Madhya Pradesh,Central,2581,4063.47,15,4,Partial,Low,4652.37,21.1,14.49,6.1,Medium
P04876,Hydro,Tamil Nadu,South,3820,25820.44,109,5,Complete,Low,26066.45,110.5,0.95,1.5,Low
P04877,Hydro,Tamil Nadu,South,2818,12990.57,115,5,Complete,Medium,14426.18,120.0,11.05,5.0,Medium
P04878,Thermal,Uttar Pradesh,North,686,3981.63,49,9,Partial,Medium,4907.32,61.1,23.25,12.1,High
P04879,Hydro,Rajasthan,North,1656,7050.87,41,7,Complete,Medium,7426.55,46.0,5.33,5.0,Medium
P04880,Transmission,Uttar Pradesh,North,2786,5406.78,44,5,Partial,Medium,6149.94,53.8,13.75,9.8,High
P04881,Transmission,Haryana,North,2416,5460.45,15,8,Complete,Medium,6103.18,18.6,11.77,3.6,Medium
P04882,Wind,Andhra Pradesh,South,541,1575.78,22,7,Pending,Low,1906.43,40.9,20.98,18.9,High
P04883,Solar,Haryana,North,1171,2428.26,16,9,Complete,Low,2611.99,18.2,7.57,2.2,Low
P04884,Transmission,Rajasthan,North,622,1412.33,49,1,Pending,Low,1638.2,61.5,15.99,12.5,High
P04885,Thermal,Uttar Pradesh,North,652,2461.01,70,5,Complete,Medium,2666.98,74.0,8.37,4.0,Medium
P04886,Transmission,Madhya Pradesh,Central,1621,2895.92,32,6,Partial,Medium,3357.81,37.0,15.95,5.0,Medium
P04887,Solar,Gujarat,West,584,1334.16,32,7,Partial,Medium,1573.13,38.9,17.91,6.9,Medium
P04888,Wind,Haryana,North,216,455.69,23,10,Complete,High,552.07,38.2,21.15,15.2,High
P04889,Transmission,Gujarat,West,1522,3662.04,43,6,Pending,High,4772.35,64.4,30.32,21.4,High
P04890,Transmission,Rajasthan,North,2544,3064.25,33,7,Complete,Medium,3244.64,36.1,5.89,3.1,Medium
P04891,Transmission,Madhya Pradesh,Central,680,1334.4,57,8,Pending,High,1855.61,83.0,39.06,26.0,High
P04892,Transmission,Haryana,North,466,925.74,46,1,Complete,High,991.6,57.9,7.11,11.9,High
P04893,Hydro,Uttar Pradesh,North,1736,7937.34,81,1,Complete,Low,8261.58,81.8,4.09,0.8,Low
P04894,Transmission,Madhya Pradesh,Central,2242,2250.12,22,10,Partial,Low,2647.21,31.8,17.65,9.8,High
P04895,Thermal,Rajasthan,North,3845,15466.07,65,5,Pending,Medium,20704.53,77.4,33.87,12.4,High
P04896,Thermal,Rajasthan,North,2549,15992.12,47,1,Partial,Medium,19301.08,58.5,20.69,11.5,High
P04897,Transmission,Madhya Pradesh,Central,2175,2492.92,17,5,Pending,Medium,3377.07,27.7,35.47,10.7,High
P04898,Transmission,Maharashtra,West,788,1461.29,36,6,Pending,Medium,1840.77,50.2,25.97,14.2,High
P04899,Hydro,Tamil Nadu,South,3040,23610.41,105,5,Pending,Medium,29078.26,114.3,23.16,9.3,High
P04900,Hydro,Haryana,North,2238,10971.19,50,2,Complete,Medium,11556.02,52.8,5.33,2.8,Low
P04901,Transmission,Gujarat,West,1966,3185.48,35,2,Complete,High,3663.95,39.6,15.02,4.6,Medium
P04902,Hydro,Rajasthan,North,3178,24176.56,71,9,Pending,Low,31766.03,85.2,31.39,14.2,High
P04903,Transmission,Rajasthan,North,1591,3690.03,27,6,Pending,High,5154.08,43.5,39.68,16.5,High
P04904,Transmission,Uttar Pradesh,North,2669,3068.9,39,4,Partial,Medium,3675.69,44.4,19.77,5.4,Medium
P04905,Wind,Haryana,North,857,1071.43,34,7,Partial,Medium,1228.28,41.1,14.64,7.1,Medium
P04906,Hydro,Rajasthan,North,3715,23069.62,67,10,Partial,High,30239.03,80.9,31.08,13.9,High
P04907,Hydro,Andhra Pradesh,South,931,4496.13,94,9,Complete,Low,4984.25,98.2,10.86,4.2,Medium
P04908,Solar,Haryana,North,571,1734.21,14,8,Partial,Low,2017.21,27.3,16.32,13.3,High
P04909,Wind,Uttar Pradesh,North,241,501.98,22,4,Complete,Low,511.26,22.6,1.85,0.6,Low
P04910,Wind,Tamil Nadu,South,527,649.08,34,4,Complete,High,740.3,44.8,14.05,10.8,High
P04911,Transmission,Punjab,North,2683,4367.86,50,8,Complete,Low,4690.63,56.9,7.39,6.9,Medium
P04912,Transmission,Andhra Pradesh,South,102,174.2,45,1,Complete,Medium,188.85,48.6,8.41,3.6,Medium
P04913,Hydro,Andhra Pradesh,South,763,2503.61,59,9,Complete,Low,2758.93,64.0,10.2,5.0,Medium
P04914,Solar,Uttar Pradesh,North,1268,3862.02,21,2,Partial,Medium,4550.82,27.7,17.84,6.7,Medium
P04915,Transmission,Haryana,North,266,607.2,36,3,Complete,Medium,660.43,41.1,8.77,5.1,Medium
P04916,Transmission,Punjab,North,1597,3464.29,24,6,Partial,Medium,3861.82,34.5,11.48,10.5,High
P04917,Hydro,Punjab,North,2590,16498.01,116,1,Complete,Medium,17703.91,118.5,7.31,2.5,Low
P04918,Thermal,Gujarat,West,2333,11015.21,77,2,Complete,High,12856.91,85.6,16.72,8.6,Medium
P04919,Solar,Gujarat,West,455,1042.4,31,10,Complete,High,1252.08,38.0,20.11,7.0,Medium
P04920,Thermal,Haryana,North,1098,5484.81,44,6,Complete,Low,5589.03,45.2,1.9,1.2,Low
P04921,Hydro,Gujarat,West,434,1836.05,75,5,Pending,High,2416.94,94.5,31.64,19.5,High
P04922,Thermal,Maharashtra,West,3379,10009.51,77,9,Partial,High,12308.0,93.5,22.96,16.5,High
P04923,Transmission,Rajasthan,North,727,1561.39,37,4,Complete,High,1821.88,48.3,16.68,11.3,High
P04924,Wind,Haryana,North,564,1260.16,22,6,Pending,High,1799.56,44.1,42.8,22.1,High
P04925,Wind,Uttar Pradesh,North,701,1928.59,29,6,Complete,Low,1967.64,29.9,2.02,0.9,Low
P04926,Solar,Punjab,North,1070,2066.0,21,3,Partial,High,2693.13,33.4,30.35,12.4,High
P04927,Hydro,Karnataka,South,1475,8099.31,82,5,Complete,Medium,8744.16,86.1,7.96,4.1,Medium
P04928,Solar,Andhra Pradesh,South,460,1347.28,29,4,Complete,High,1631.73,40.6,21.11,11.6,High
P04929,Wind,Tamil Nadu,South,498,1074.53,14,4,Pending,High,1457.18,33.6,35.61,19.6,High
P04930,Transmission,Punjab,North,1901,2688.31,58,6,Partial,Medium,3237.64,64.5,20.43,6.5,Medium
P04931,Solar,Tamil Nadu,South,220,535.78,35,3,Partial,Low,586.4,42.5,9.45,7.5,Medium
P04932,Solar,Andhra Pradesh,South,87,299.12,46,5,Partial,Medium,345.41,55.0,15.48,9.0,Medium
P04933,Thermal,Gujarat,West,1385,3887.62,50,5,Complete,Low,4071.08,50.9,4.72,0.9,Low
P04934,Transmission,Haryana,North,1248,1907.38,57,2,Pending,Medium,2353.74,78.2,23.4,21.2,High
P04935,Hydro,Rajasthan,North,3741,16072.25,69,3,Pending,Medium,20712.03,84.3,28.87,15.3,High
P04936,Solar,Andhra Pradesh,South,1324,3121.37,26,10,Partial,Low,3562.87,32.8,14.14,6.8,Medium
P04937,Wind,Rajasthan,North,181,240.84,13,7,Partial,Medium,279.43,22.2,16.02,9.2,High
P04938,Solar,Haryana,North,163,309.62,45,9,Complete,High,356.05,58.2,15.0,13.2,High
P04939,Thermal,Madhya Pradesh,Central,3540,20955.84,51,8,Complete,High,23964.07,64.0,14.36,13.0,High
P04940,Transmission,Gujarat,West,122,217.28,55,8,Complete,Medium,232.21,62.6,6.87,7.6,Medium
P04941,Wind,Karnataka,South,592,1154.1,22,3,Complete,Medium,1285.8,24.5,11.41,2.5,Medium
P04942,Hydro,Andhra Pradesh,South,2774,22161.73,103,6,Complete,Medium,24016.56,107.6,8.37,4.6,Medium
P04943,Wind,Karnataka,South,917,1700.67,29,8,Complete,Medium,2036.84,36.6,19.77,7.6,Medium
P04944,Hydro,Tamil Nadu,South,1367,7358.53,80,8,Partial,Low,8885.05,88.1,20.74,8.1,Medium
P04945,Transmission,Maharashtra,West,1118,2352.29,47,5,Partial,High,3044.01,63.1,29.41,16.1,High
P04946,Wind,Maharashtra,West,542,1373.3,32,5,Complete,Low,1374.86,33.2,0.11,1.2,Low
P04947,Solar,Karnataka,South,704,2439.88,33,7,Complete,High,2666.94,37.1,9.31,4.1,Medium
P04948,Solar,Maharashtra,West,299,716.87,44,6,Complete,Low,749.5,45.1,4.55,1.1,Low
P04949,Transmission,Maharashtra,West,2238,5513.45,26,6,Partial,Medium,6530.38,34.4,18.44,8.4,Medium
P04950,Transmission,Andhra Pradesh,South,449,1002.57,29,9,Complete,Medium,1179.53,38.3,17.65,9.3,High
P04951,Hydro,Andhra Pradesh,South,852,3561.3,75,4,Complete,Medium,4005.31,80.2,12.47,5.2,Medium
P04952,Transmission,Uttar Pradesh,North,2695,2926.53,46,3,Partial,Low,3219.5,51.9,10.01,5.9,Medium
P04953,Transmission,Punjab,North,733,1453.72,53,2,Partial,Medium,1738.9,61.3,19.62,8.3,Medium
P04954,Wind,Andhra Pradesh,South,881,1113.4,32,5,Partial,Medium,1326.82,43.1,19.17,11.1,High
P04955,Solar,Tamil Nadu,South,626,1537.38,40,5,Complete,Medium,1694.53,41.3,10.22,1.3,Medium
P04956,Thermal,Gujarat,West,2838,7156.77,72,9,Complete,Medium,8288.71,77.7,15.82,5.7,Medium
P04957,Transmission,Karnataka,South,298,675.31,44,5,Pending,Medium,879.82,64.9,30.28,20.9,High
P04958,Wind,Rajasthan,North,849,1405.8,24,1,Pending,Medium,1723.77,33.1,22.62,9.1,High
P04959,Solar,Maharashtra,West,901,1632.61,17,9,Complete,Medium,1816.46,21.9,11.26,4.9,Medium
P04960,Transmission,Andhra Pradesh,South,2988,3843.04,18,9,Complete,Medium,4315.09,27.3,12.28,9.3,High
P04961,Thermal,Madhya Pradesh,Central,1384,7314.8,48,4,Complete,Medium,8126.78,50.8,11.1,2.8,Medium
P04962,Transmission,Uttar Pradesh,North,2382,2881.05,51,7,Pending,Low,3560.96,60.7,23.6,9.7,High
P04963,Hydro,Gujarat,West,3230,21650.63,48,1,Complete,Medium,23586.13,50.5,8.94,2.5,Low
P04964,Hydro,Punjab,North,2216,15111.99,101,6,Complete,Medium,16214.26,105.0,7.29,4.0,Medium
P04965,Transmission,Andhra Pradesh,South,164,206.67,46,5,Pending,High,278.95,69.3,34.97,23.3,High
P04966,Thermal,Madhya Pradesh,Central,3809,10280.85,37,9,Partial,High,12645.94,57.4,23.0,20.4,High
P04967,Transmission,Andhra Pradesh,South,925,1028.25,43,9,Partial,Medium,1294.48,53.9,25.89,10.9,High
P04968,Hydro,Punjab,North,2347,10521.78,74,3,Partial,Medium,12450.39,80.9,18.33,6.9,Medium
P04969,Transmission,Maharashtra,West,635,831.51,44,6,Complete,Medium,902.75,48.4,8.57,4.4,Medium
P04970,Wind,Karnataka,South,834,2308.78,28,3,Partial,High,2825.62,38.8,22.39,10.8,High
P04971,Thermal,Uttar Pradesh,North,2449,12124.35,75,4,Complete,Medium,13230.45,79.3,9.12,4.3,Medium
P04972,Solar,Andhra Pradesh,South,267,408.06,30,9,Partial,Medium,509.73,40.6,24.92,10.6,High
P04973,Solar,Haryana,North,1055,2604.92,45,4,Complete,Medium,2889.6,48.7,10.93,3.7,Medium
P04974,Thermal,Rajasthan,North,4045,21460.89,68,4,Complete,High,25375.49,81.6,18.24,13.6,High
P04975,Solar,Madhya Pradesh,Central,493,1286.63,45,9,Partial,Medium,1556.43,56.0,20.97,11.0,High
P04976,Hydro,Maharashtra,West,3066,16283.94,87,6,Complete,Low,16681.07,88.5,2.44,1.5,Low
P04977,Transmission,Karnataka,South,1794,2118.36,45,3,Complete,Medium,2263.63,46.2,6.86,1.2,Low
P04978,Thermal,Uttar Pradesh,North,4094,23814.43,67,10,Partial,High,30052.65,81.7,26.2,14.7,High
P04979,Hydro,Andhra Pradesh,South,1367,8943.06,44,10,Complete,Low,10044.48,50.1,12.32,6.1,Medium
P04980,Thermal,Rajasthan,North,2826,11555.62,79,9,Pending,High,16510.36,92.3,42.88,13.3,High
P04981,Hydro,Punjab,North,1534,11852.34,83,3,Partial,High,15275.92,97.9,28.89,14.9,High
P04982,Thermal,Madhya Pradesh,Central,1050,2864.17,36,3,Complete,Low,2962.36,38.0,3.43,2.0,Low
P04983,Transmission,Tamil Nadu,South,2373,3978.86,18,4,Partial,Low,4363.03,24.4,9.66,6.4,Medium
P04984,Thermal,Tamil Nadu,South,2661,9603.81,60,8,Pending,Medium,13678.89,82.5,42.43,22.5,High
P04985,Transmission,Madhya Pradesh,Central,315,492.75,30,8,Complete,High,599.42,42.7,21.65,12.7,High
P04986,Transmission,Rajasthan,North,147,297.67,36,4,Partial,High,388.26,44.9,30.43,8.9,High
P04987,Wind,Andhra Pradesh,South,708,904.21,21,3,Partial,Medium,1125.43,33.4,24.47,12.4,High
P04988,Transmission,Madhya Pradesh,Central,1684,4114.58,54,9,Pending,Low,5582.19,72.7,35.67,18.7,High
P04989,Transmission,Maharashtra,West,964,1403.91,42,6,Pending,High,1924.44,69.1,37.08,27.1,High
P04990,Thermal,Uttar Pradesh,North,1336,5660.4,54,1,Complete,Medium,6101.39,58.1,7.79,4.1,Medium
P04991,Thermal,Madhya Pradesh,Central,632,2352.92,86,10,Partial,Low,2790.44,100.1,18.59,14.1,High
P04992,Hydro,Haryana,North,2132,13629.26,85,10,Partial,High,16445.77,99.4,20.67,14.4,High
P04993,Solar,Gujarat,West,145,262.02,21,1,Pending,Low,332.62,33.8,26.94,12.8,High
P04994,Solar,Gujarat,West,1423,4104.3,18,5,Pending,Medium,5030.2,30.7,22.56,12.7,High
P04995,Thermal,Tamil Nadu,South,4038,10881.72,47,10,Partial,Medium,13074.9,61.2,20.15,14.2,High
P04996,Hydro,Rajasthan,North,3878,20110.49,41,10,Complete,High,24518.21,55.1,21.92,14.1,High
P04997,Transmission,Madhya Pradesh,Central,228,343.92,57,1,Complete,High,375.63,65.0,9.22,8.0,Medium
P04998,Thermal,Madhya Pradesh,Central,4443,18230.84,81,1,Complete,Low,18279.98,81.2,0.27,0.2,Low
P04999,Transmission,Madhya Pradesh,Central,1559,1948.56,34,2,Pending,Medium,2339.66,50.2,20.07,16.2,High
P05000,Hydro,Maharashtra,West,2283,8726.71,108,10,Pending,Medium,11691.81,130.3,33.98,22.3,High
